variant,orderDate,orderTime,previously_tried_greenies,preferred_retailer,audience
TEENIE,2026-05-01,08:00:00,Yes,Walmart,facebook
TEENIE,2026-05-01,09:03:00,No,PetSmart,instagram
TEENIE,2026-05-01,10:06:00,Yes,Chewy,google
TEENIE,2026-05-01,11:09:00,No,Amazon,email
TEENIE,2026-05-01,12:12:00,Yes,Target,facebook
TEENIE,2026-05-01,13:15:00,No,Walmart,instagram
TEENIE,2026-05-01,14:18:00,Yes,PetSmart,google
TEENIE,2026-05-01,15:21:00,No,Chewy,email
TEENIE,2026-05-01,16:24:00,Yes,Amazon,facebook
TEENIE,2026-05-01,17:27:00,No,Target,instagram
TEENIE,2026-05-01,18:30:00,Yes,Walmart,google
TEENIE,2026-05-01,19:33:00,No,PetSmart,email
TEENIE,2026-05-01,08:36:00,Yes,Chewy,facebook
TEENIE,2026-05-01,09:39:00,No,Amazon,instagram
TEENIE,2026-05-01,10:42:00,Yes,Target,google
TEENIE,2026-05-01,11:45:00,No,Walmart,email
TEENIE,2026-05-01,12:48:00,Yes,PetSmart,facebook
TEENIE,2026-05-01,13:51:00,No,Chewy,instagram
TEENIE,2026-05-01,14:54:00,Yes,Amazon,google
TEENIE,2026-05-01,15:57:00,No,Target,email
TEENIE,2026-05-01,16:00:00,Yes,Walmart,facebook
TEENIE,2026-05-01,17:03:00,No,PetSmart,instagram
TEENIE,2026-05-01,18:06:00,Yes,Chewy,google
TEENIE,2026-05-01,19:09:00,No,Amazon,email
TEENIE,2026-05-01,08:12:00,Yes,Target,facebook
TEENIE,2026-05-01,09:15:00,No,Walmart,instagram
TEENIE,2026-05-01,10:18:00,Yes,PetSmart,google
TEENIE,2026-05-01,11:21:00,No,Chewy,email
TEENIE,2026-05-01,12:24:00,Yes,Amazon,facebook
TEENIE,2026-05-01,13:27:00,No,Target,instagram
TEENIE,2026-05-01,14:30:00,Yes,Walmart,google
TEENIE,2026-05-01,15:33:00,No,PetSmart,email
TEENIE,2026-05-01,16:36:00,Yes,Chewy,facebook
TEENIE,2026-05-01,17:39:00,No,Amazon,instagram
TEENIE,2026-05-01,18:42:00,Yes,Target,google
TEENIE,2026-05-01,19:45:00,No,Walmart,email
TEENIE,2026-05-01,08:48:00,Yes,PetSmart,facebook
TEENIE,2026-05-01,09:51:00,No,Chewy,instagram
TEENIE,2026-05-01,10:54:00,Yes,Amazon,google
TEENIE,2026-05-01,11:57:00,No,Target,email
TEENIE,2026-05-01,12:00:00,Yes,Walmart,facebook
TEENIE,2026-05-01,13:03:00,No,PetSmart,instagram
TEENIE,2026-05-01,14:06:00,Yes,Chewy,google
TEENIE,2026-05-01,15:09:00,No,Amazon,email
TEENIE,2026-05-01,16:12:00,Yes,Target,facebook
TEENIE,2026-05-01,17:15:00,No,Walmart,instagram
TEENIE,2026-05-01,18:18:00,Yes,PetSmart,google
TEENIE,2026-05-01,19:21:00,No,Chewy,email
TEENIE,2026-05-01,08:24:00,Yes,Amazon,facebook
TEENIE,2026-05-01,09:27:00,No,Target,instagram
TEENIE,2026-05-01,10:30:00,Yes,Walmart,google
TEENIE,2026-05-01,11:33:00,No,PetSmart,email
TEENIE,2026-05-01,12:36:00,Yes,Chewy,facebook
TEENIE,2026-05-01,13:39:00,No,Amazon,instagram
TEENIE,2026-05-01,14:42:00,Yes,Target,google
TEENIE,2026-05-01,15:45:00,No,Walmart,email
TEENIE,2026-05-01,16:48:00,Yes,PetSmart,facebook
TEENIE,2026-05-01,17:51:00,No,Chewy,instagram
TEENIE,2026-05-01,18:54:00,Yes,Amazon,google
TEENIE,2026-05-01,19:57:00,No,Target,email
TEENIE,2026-05-01,08:00:00,Yes,Walmart,facebook
TEENIE,2026-05-01,09:03:00,No,PetSmart,instagram
TEENIE,2026-05-01,10:06:00,Yes,Chewy,google
TEENIE,2026-05-01,11:09:00,No,Amazon,email
TEENIE,2026-05-01,12:12:00,Yes,Target,facebook
TEENIE,2026-05-01,13:15:00,No,Walmart,instagram
TEENIE,2026-05-01,14:18:00,Yes,PetSmart,google
TEENIE,2026-05-01,15:21:00,No,Chewy,email
TEENIE,2026-05-01,16:24:00,Yes,Amazon,facebook
TEENIE,2026-05-01,17:27:00,No,Target,instagram
TEENIE,2026-05-01,18:30:00,Yes,Walmart,google
TEENIE,2026-05-01,19:33:00,No,PetSmart,email
TEENIE,2026-05-01,08:36:00,Yes,Chewy,facebook
TEENIE,2026-05-01,09:39:00,No,Amazon,instagram
TEENIE,2026-05-01,10:42:00,Yes,Target,google
TEENIE,2026-05-01,11:45:00,No,Walmart,email
TEENIE,2026-05-01,12:48:00,Yes,PetSmart,facebook
TEENIE,2026-05-01,13:51:00,No,Chewy,instagram
TEENIE,2026-05-01,14:54:00,Yes,Amazon,google
TEENIE,2026-05-01,15:57:00,No,Target,email
TEENIE,2026-05-01,16:00:00,Yes,Walmart,facebook
TEENIE,2026-05-01,17:03:00,No,PetSmart,instagram
TEENIE,2026-05-01,18:06:00,Yes,Chewy,google
TEENIE,2026-05-01,19:09:00,No,Amazon,email
TEENIE,2026-05-01,08:12:00,Yes,Target,facebook
TEENIE,2026-05-01,09:15:00,No,Walmart,instagram
TEENIE,2026-05-01,10:18:00,Yes,PetSmart,google
TEENIE,2026-05-01,11:21:00,No,Chewy,email
TEENIE,2026-05-01,12:24:00,Yes,Amazon,facebook
TEENIE,2026-05-01,13:27:00,No,Target,instagram
TEENIE,2026-05-01,14:30:00,Yes,Walmart,google
TEENIE,2026-05-01,15:33:00,No,PetSmart,email
TEENIE,2026-05-01,16:36:00,Yes,Chewy,facebook
TEENIE,2026-05-01,17:39:00,No,Amazon,instagram
TEENIE,2026-05-01,18:42:00,Yes,Target,google
TEENIE,2026-05-01,19:45:00,No,Walmart,email
TEENIE,2026-05-01,08:48:00,Yes,PetSmart,facebook
TEENIE,2026-05-01,09:51:00,No,Chewy,instagram
TEENIE,2026-05-01,10:54:00,Yes,Amazon,google
TEENIE,2026-05-01,11:57:00,No,Target,email
TEENIE,2026-05-01,12:00:00,Yes,Walmart,facebook
TEENIE,2026-05-01,13:03:00,No,PetSmart,instagram
TEENIE,2026-05-01,14:06:00,Yes,Chewy,google
TEENIE,2026-05-01,15:09:00,No,Amazon,email
TEENIE,2026-05-01,16:12:00,Yes,Target,facebook
TEENIE,2026-05-01,17:15:00,No,Walmart,instagram
TEENIE,2026-05-01,18:18:00,Yes,PetSmart,google
TEENIE,2026-05-01,19:21:00,No,Chewy,email
Petite,2026-05-01,08:00:00,Yes,Walmart,facebook
Petite,2026-05-01,09:03:00,No,PetSmart,instagram
Petite,2026-05-01,10:06:00,Yes,Chewy,google
Petite,2026-05-01,11:09:00,No,Amazon,email
Petite,2026-05-01,12:12:00,Yes,Target,facebook
Petite,2026-05-01,13:15:00,No,Walmart,instagram
Petite,2026-05-01,14:18:00,Yes,PetSmart,google
Petite,2026-05-01,15:21:00,No,Chewy,email
Petite,2026-05-01,16:24:00,Yes,Amazon,facebook
Petite,2026-05-01,17:27:00,No,Target,instagram
Petite,2026-05-01,18:30:00,Yes,Walmart,google
Petite,2026-05-01,19:33:00,No,PetSmart,email
Petite,2026-05-01,08:36:00,Yes,Chewy,facebook
Petite,2026-05-01,09:39:00,No,Amazon,instagram
Petite,2026-05-01,10:42:00,Yes,Target,google
Petite,2026-05-01,11:45:00,No,Walmart,email
Petite,2026-05-01,12:48:00,Yes,PetSmart,facebook
Petite,2026-05-01,13:51:00,No,Chewy,instagram
Petite,2026-05-01,14:54:00,Yes,Amazon,google
Petite,2026-05-01,15:57:00,No,Target,email
Petite,2026-05-01,16:00:00,Yes,Walmart,facebook
Petite,2026-05-01,17:03:00,No,PetSmart,instagram
Petite,2026-05-01,18:06:00,Yes,Chewy,google
Petite,2026-05-01,19:09:00,No,Amazon,email
Petite,2026-05-01,08:12:00,Yes,Target,facebook
Petite,2026-05-01,09:15:00,No,Walmart,instagram
Petite,2026-05-01,10:18:00,Yes,PetSmart,google
Petite,2026-05-01,11:21:00,No,Chewy,email
Petite,2026-05-01,12:24:00,Yes,Amazon,facebook
Petite,2026-05-01,13:27:00,No,Target,instagram
Petite,2026-05-01,14:30:00,Yes,Walmart,google
Petite,2026-05-01,15:33:00,No,PetSmart,email
Petite,2026-05-01,16:36:00,Yes,Chewy,facebook
Petite,2026-05-01,17:39:00,No,Amazon,instagram
Petite,2026-05-01,18:42:00,Yes,Target,google
Petite,2026-05-01,19:45:00,No,Walmart,email
Petite,2026-05-01,08:48:00,Yes,PetSmart,facebook
Petite,2026-05-01,09:51:00,No,Chewy,instagram
Petite,2026-05-01,10:54:00,Yes,Amazon,google
Petite,2026-05-01,11:57:00,No,Target,email
Petite,2026-05-01,12:00:00,Yes,Walmart,facebook
Petite,2026-05-01,13:03:00,No,PetSmart,instagram
Petite,2026-05-01,14:06:00,Yes,Chewy,google
Petite,2026-05-01,15:09:00,No,Amazon,email
Petite,2026-05-01,16:12:00,Yes,Target,facebook
Petite,2026-05-01,17:15:00,No,Walmart,instagram
Petite,2026-05-01,18:18:00,Yes,PetSmart,google
Petite,2026-05-01,19:21:00,No,Chewy,email
Petite,2026-05-01,08:24:00,Yes,Amazon,facebook
Petite,2026-05-01,09:27:00,No,Target,instagram
Petite,2026-05-01,10:30:00,Yes,Walmart,google
Petite,2026-05-01,11:33:00,No,PetSmart,email
Petite,2026-05-01,12:36:00,Yes,Chewy,facebook
Petite,2026-05-01,13:39:00,No,Amazon,instagram
Petite,2026-05-01,14:42:00,Yes,Target,google
Petite,2026-05-01,15:45:00,No,Walmart,email
Petite,2026-05-01,16:48:00,Yes,PetSmart,facebook
Petite,2026-05-01,17:51:00,No,Chewy,instagram
Petite,2026-05-01,18:54:00,Yes,Amazon,google
Petite,2026-05-01,19:57:00,No,Target,email
Petite,2026-05-01,08:00:00,Yes,Walmart,facebook
Petite,2026-05-01,09:03:00,No,PetSmart,instagram
Petite,2026-05-01,10:06:00,Yes,Chewy,google
Petite,2026-05-01,11:09:00,No,Amazon,email
Petite,2026-05-01,12:12:00,Yes,Target,facebook
Petite,2026-05-01,13:15:00,No,Walmart,instagram
Petite,2026-05-01,14:18:00,Yes,PetSmart,google
Petite,2026-05-01,15:21:00,No,Chewy,email
Petite,2026-05-01,16:24:00,Yes,Amazon,facebook
Petite,2026-05-01,17:27:00,No,Target,instagram
Petite,2026-05-01,18:30:00,Yes,Walmart,google
Petite,2026-05-01,19:33:00,No,PetSmart,email
Petite,2026-05-01,08:36:00,Yes,Chewy,facebook
Petite,2026-05-01,09:39:00,No,Amazon,instagram
Petite,2026-05-01,10:42:00,Yes,Target,google
Petite,2026-05-01,11:45:00,No,Walmart,email
Petite,2026-05-01,12:48:00,Yes,PetSmart,facebook
Petite,2026-05-01,13:51:00,No,Chewy,instagram
Regular,2026-05-01,08:00:00,Yes,Walmart,facebook
Regular,2026-05-01,09:03:00,No,PetSmart,instagram
Regular,2026-05-01,10:06:00,Yes,Chewy,google
Regular,2026-05-01,11:09:00,No,Amazon,email
Regular,2026-05-01,12:12:00,Yes,Target,facebook
Regular,2026-05-01,13:15:00,No,Walmart,instagram
Regular,2026-05-01,14:18:00,Yes,PetSmart,google
Regular,2026-05-01,15:21:00,No,Chewy,email
Regular,2026-05-01,16:24:00,Yes,Amazon,facebook
Regular,2026-05-01,17:27:00,No,Target,instagram
Regular,2026-05-01,18:30:00,Yes,Walmart,google
Regular,2026-05-01,19:33:00,No,PetSmart,email
Regular,2026-05-01,08:36:00,Yes,Chewy,facebook
Regular,2026-05-01,09:39:00,No,Amazon,instagram
Regular,2026-05-01,10:42:00,Yes,Target,google
Regular,2026-05-01,11:45:00,No,Walmart,email
Regular,2026-05-01,12:48:00,Yes,PetSmart,facebook
Regular,2026-05-01,13:51:00,No,Chewy,instagram
Regular,2026-05-01,14:54:00,Yes,Amazon,google
Regular,2026-05-01,15:57:00,No,Target,email
Regular,2026-05-01,16:00:00,Yes,Walmart,facebook
Regular,2026-05-01,17:03:00,No,PetSmart,instagram
Regular,2026-05-01,18:06:00,Yes,Chewy,google
Regular,2026-05-01,19:09:00,No,Amazon,email
Regular,2026-05-01,08:12:00,Yes,Target,facebook
Regular,2026-05-01,09:15:00,No,Walmart,instagram
Regular,2026-05-01,10:18:00,Yes,PetSmart,google
Regular,2026-05-01,11:21:00,No,Chewy,email
Regular,2026-05-01,12:24:00,Yes,Amazon,facebook
Regular,2026-05-01,13:27:00,No,Target,instagram
Regular,2026-05-01,14:30:00,Yes,Walmart,google
Regular,2026-05-01,15:33:00,No,PetSmart,email
Regular,2026-05-01,16:36:00,Yes,Chewy,facebook
Regular,2026-05-01,17:39:00,No,Amazon,instagram
Regular,2026-05-01,18:42:00,Yes,Target,google
Regular,2026-05-01,19:45:00,No,Walmart,email
Regular,2026-05-01,08:48:00,Yes,PetSmart,facebook
Regular,2026-05-01,09:51:00,No,Chewy,instagram
Regular,2026-05-01,10:54:00,Yes,Amazon,google
Regular,2026-05-01,11:57:00,No,Target,email
Regular,2026-05-01,12:00:00,Yes,Walmart,facebook
Regular,2026-05-01,13:03:00,No,PetSmart,instagram
Regular,2026-05-01,14:06:00,Yes,Chewy,google
Regular,2026-05-01,15:09:00,No,Amazon,email
Regular,2026-05-01,16:12:00,Yes,Target,facebook
Regular,2026-05-01,17:15:00,No,Walmart,instagram
Regular,2026-05-01,18:18:00,Yes,PetSmart,google
Regular,2026-05-01,19:21:00,No,Chewy,email
Regular,2026-05-01,08:24:00,Yes,Amazon,facebook
Regular,2026-05-01,09:27:00,No,Target,instagram
Regular,2026-05-01,10:30:00,Yes,Walmart,google
Regular,2026-05-01,11:33:00,No,PetSmart,email
Regular,2026-05-01,12:36:00,Yes,Chewy,facebook
Regular,2026-05-01,13:39:00,No,Amazon,instagram
Regular,2026-05-01,14:42:00,Yes,Target,google
Regular,2026-05-01,15:45:00,No,Walmart,email
Regular,2026-05-01,16:48:00,Yes,PetSmart,facebook
Regular,2026-05-01,17:51:00,No,Chewy,instagram
Regular,2026-05-01,18:54:00,Yes,Amazon,google
Regular,2026-05-01,19:57:00,No,Target,email
Regular,2026-05-01,08:00:00,Yes,Walmart,facebook
Regular,2026-05-01,09:03:00,No,PetSmart,instagram
Regular,2026-05-01,10:06:00,Yes,Chewy,google
Regular,2026-05-01,11:09:00,No,Amazon,email
Regular,2026-05-01,12:12:00,Yes,Target,facebook
Regular,2026-05-01,13:15:00,No,Walmart,instagram
Regular,2026-05-01,14:18:00,Yes,PetSmart,google
Regular,2026-05-01,15:21:00,No,Chewy,email
Regular,2026-05-01,16:24:00,Yes,Amazon,facebook
Regular,2026-05-01,17:27:00,No,Target,instagram
Regular,2026-05-01,18:30:00,Yes,Walmart,google
Regular,2026-05-01,19:33:00,No,PetSmart,email
Regular,2026-05-01,08:36:00,Yes,Chewy,facebook
Regular,2026-05-01,09:39:00,No,Amazon,instagram
Regular,2026-05-01,10:42:00,Yes,Target,google
Regular,2026-05-01,11:45:00,No,Walmart,email
Regular,2026-05-01,12:48:00,Yes,PetSmart,facebook
Regular,2026-05-01,13:51:00,No,Chewy,instagram
Regular,2026-05-01,14:54:00,Yes,Amazon,google
Regular,2026-05-01,15:57:00,No,Target,email
Regular,2026-05-01,16:00:00,Yes,Walmart,facebook
Regular,2026-05-01,17:03:00,No,PetSmart,instagram
Regular,2026-05-01,18:06:00,Yes,Chewy,google
Regular,2026-05-01,19:09:00,No,Amazon,email
Regular,2026-05-01,08:12:00,Yes,Target,facebook
Regular,2026-05-01,09:15:00,No,Walmart,instagram
Regular,2026-05-01,10:18:00,Yes,PetSmart,google
Regular,2026-05-01,11:21:00,No,Chewy,email
Regular,2026-05-01,12:24:00,Yes,Amazon,facebook
Regular,2026-05-01,13:27:00,No,Target,instagram
Regular,2026-05-01,14:30:00,Yes,Walmart,google
Regular,2026-05-01,15:33:00,No,PetSmart,email
Regular,2026-05-01,16:36:00,Yes,Chewy,facebook
Regular,2026-05-01,17:39:00,No,Amazon,instagram
Regular,2026-05-01,18:42:00,Yes,Target,google
Regular,2026-05-01,19:45:00,No,Walmart,email
Regular,2026-05-01,08:48:00,Yes,PetSmart,facebook
Regular,2026-05-01,09:51:00,No,Chewy,instagram
Regular,2026-05-01,10:54:00,Yes,Amazon,google
Regular,2026-05-01,11:57:00,No,Target,email
Regular,2026-05-01,12:00:00,Yes,Walmart,facebook
Regular,2026-05-01,13:03:00,No,PetSmart,instagram
Regular,2026-05-01,14:06:00,Yes,Chewy,google
Regular,2026-05-01,15:09:00,No,Amazon,email
Regular,2026-05-01,16:12:00,Yes,Target,facebook
Regular,2026-05-01,17:15:00,No,Walmart,instagram
Regular,2026-05-01,18:18:00,Yes,PetSmart,google
Regular,2026-05-01,19:21:00,No,Chewy,email
Regular,2026-05-01,08:24:00,Yes,Amazon,facebook
Regular,2026-05-01,09:27:00,No,Target,instagram
Regular,2026-05-01,10:30:00,Yes,Walmart,google
Regular,2026-05-01,11:33:00,No,PetSmart,email
Regular,2026-05-01,12:36:00,Yes,Chewy,facebook
Regular,2026-05-01,13:39:00,No,Amazon,instagram
Regular,2026-05-01,14:42:00,Yes,Target,google
Regular,2026-05-01,15:45:00,No,Walmart,email
Regular,2026-05-01,16:48:00,Yes,PetSmart,facebook
Regular,2026-05-01,17:51:00,No,Chewy,instagram
Regular,2026-05-01,18:54:00,Yes,Amazon,google
Regular,2026-05-01,19:57:00,No,Target,email
Regular,2026-05-01,08:00:00,Yes,Walmart,facebook
Regular,2026-05-01,09:03:00,No,PetSmart,instagram
Regular,2026-05-01,10:06:00,Yes,Chewy,google
Regular,2026-05-01,11:09:00,No,Amazon,email
Regular,2026-05-01,12:12:00,Yes,Target,facebook
Regular,2026-05-01,13:15:00,No,Walmart,instagram
Regular,2026-05-01,14:18:00,Yes,PetSmart,google
Regular,2026-05-01,15:21:00,No,Chewy,email
Large,2026-05-01,08:00:00,Yes,Walmart,facebook
Large,2026-05-01,09:03:00,No,PetSmart,instagram
Large,2026-05-01,10:06:00,Yes,Chewy,google
Large,2026-05-01,11:09:00,No,Amazon,email
Large,2026-05-01,12:12:00,Yes,Target,facebook
Large,2026-05-01,13:15:00,No,Walmart,instagram
Large,2026-05-01,14:18:00,Yes,PetSmart,google
Large,2026-05-01,15:21:00,No,Chewy,email
Large,2026-05-01,16:24:00,Yes,Amazon,facebook
Large,2026-05-01,17:27:00,No,Target,instagram
Large,2026-05-01,18:30:00,Yes,Walmart,google
Large,2026-05-01,19:33:00,No,PetSmart,email
Large,2026-05-01,08:36:00,Yes,Chewy,facebook
Large,2026-05-01,09:39:00,No,Amazon,instagram
Large,2026-05-01,10:42:00,Yes,Target,google
Large,2026-05-01,11:45:00,No,Walmart,email
Large,2026-05-01,12:48:00,Yes,PetSmart,facebook
Large,2026-05-01,13:51:00,No,Chewy,instagram
Large,2026-05-01,14:54:00,Yes,Amazon,google
Large,2026-05-01,15:57:00,No,Target,email
Large,2026-05-01,16:00:00,Yes,Walmart,facebook
Large,2026-05-01,17:03:00,No,PetSmart,instagram
Large,2026-05-01,18:06:00,Yes,Chewy,google
Large,2026-05-01,19:09:00,No,Amazon,email
Large,2026-05-01,08:12:00,Yes,Target,facebook
Large,2026-05-01,09:15:00,No,Walmart,instagram
Large,2026-05-01,10:18:00,Yes,PetSmart,google
Large,2026-05-01,11:21:00,No,Chewy,email
Large,2026-05-01,12:24:00,Yes,Amazon,facebook
Large,2026-05-01,13:27:00,No,Target,instagram
Large,2026-05-01,14:30:00,Yes,Walmart,google
Large,2026-05-01,15:33:00,No,PetSmart,email
Large,2026-05-01,16:36:00,Yes,Chewy,facebook
Large,2026-05-01,17:39:00,No,Amazon,instagram
Large,2026-05-01,18:42:00,Yes,Target,google
Large,2026-05-01,19:45:00,No,Walmart,email
Large,2026-05-01,08:48:00,Yes,PetSmart,facebook
Large,2026-05-01,09:51:00,No,Chewy,instagram
Large,2026-05-01,10:54:00,Yes,Amazon,google
Large,2026-05-01,11:57:00,No,Target,email
Large,2026-05-01,12:00:00,Yes,Walmart,facebook
Large,2026-05-01,13:03:00,No,PetSmart,instagram
Large,2026-05-01,14:06:00,Yes,Chewy,google
Large,2026-05-01,15:09:00,No,Amazon,email
Large,2026-05-01,16:12:00,Yes,Target,facebook
Large,2026-05-01,17:15:00,No,Walmart,instagram
Large,2026-05-01,18:18:00,Yes,PetSmart,google
Large,2026-05-01,19:21:00,No,Chewy,email
Large,2026-05-01,08:24:00,Yes,Amazon,facebook
Large,2026-05-01,09:27:00,No,Target,instagram
Large,2026-05-01,10:30:00,Yes,Walmart,google
Large,2026-05-01,11:33:00,No,PetSmart,email
Large,2026-05-01,12:36:00,Yes,Chewy,facebook
Large,2026-05-01,13:39:00,No,Amazon,instagram
Large,2026-05-01,14:42:00,Yes,Target,google
Large,2026-05-01,15:45:00,No,Walmart,email
Large,2026-05-01,16:48:00,Yes,PetSmart,facebook
Large,2026-05-01,17:51:00,No,Chewy,instagram
Large,2026-05-01,18:54:00,Yes,Amazon,google
Large,2026-05-01,19:57:00,No,Target,email
Large,2026-05-01,08:00:00,Yes,Walmart,facebook
Large,2026-05-01,09:03:00,No,PetSmart,instagram
Large,2026-05-01,10:06:00,Yes,Chewy,google
Large,2026-05-01,11:09:00,No,Amazon,email
Large,2026-05-01,12:12:00,Yes,Target,facebook
Large,2026-05-01,13:15:00,No,Walmart,instagram
Large,2026-05-01,14:18:00,Yes,PetSmart,google
Large,2026-05-01,15:21:00,No,Chewy,email
Large,2026-05-01,16:24:00,Yes,Amazon,facebook
Large,2026-05-01,17:27:00,No,Target,instagram
Large,2026-05-01,18:30:00,Yes,Walmart,google
Large,2026-05-01,19:33:00,No,PetSmart,email
Large,2026-05-01,08:36:00,Yes,Chewy,facebook
Large,2026-05-01,09:39:00,No,Amazon,instagram
Large,2026-05-01,10:42:00,Yes,Target,google
Large,2026-05-01,11:45:00,No,Walmart,email
Large,2026-05-01,12:48:00,Yes,PetSmart,facebook
Large,2026-05-01,13:51:00,No,Chewy,instagram
Large,2026-05-01,14:54:00,Yes,Amazon,google
Large,2026-05-01,15:57:00,No,Target,email
Large,2026-05-01,16:00:00,Yes,Walmart,facebook
Large,2026-05-01,17:03:00,No,PetSmart,instagram
Large,2026-05-01,18:06:00,Yes,Chewy,google
Large,2026-05-01,19:09:00,No,Amazon,email
Large,2026-05-01,08:12:00,Yes,Target,facebook
Large,2026-05-01,09:15:00,No,Walmart,instagram
Large,2026-05-01,10:18:00,Yes,PetSmart,google
Large,2026-05-01,11:21:00,No,Chewy,email
Large,2026-05-01,12:24:00,Yes,Amazon,facebook
Large,2026-05-01,13:27:00,No,Target,instagram
Large,2026-05-01,14:30:00,Yes,Walmart,google
Large,2026-05-01,15:33:00,No,PetSmart,email
Large,2026-05-01,16:36:00,Yes,Chewy,facebook
Large,2026-05-01,17:39:00,No,Amazon,instagram
Large,2026-05-01,18:42:00,Yes,Target,google
Large,2026-05-01,19:45:00,No,Walmart,email
Large,2026-05-01,08:48:00,Yes,PetSmart,facebook
Large,2026-05-01,09:51:00,No,Chewy,instagram
Large,2026-05-01,10:54:00,Yes,Amazon,google
Large,2026-05-01,11:57:00,No,Target,email
Large,2026-05-01,12:00:00,Yes,Walmart,facebook
Large,2026-05-01,13:03:00,No,PetSmart,instagram
Large,2026-05-01,14:06:00,Yes,Chewy,google
Large,2026-05-01,15:09:00,No,Amazon,email
Large,2026-05-01,16:12:00,Yes,Target,facebook
Large,2026-05-01,17:15:00,No,Walmart,instagram
Large,2026-05-01,18:18:00,Yes,PetSmart,google
Large,2026-05-01,19:21:00,No,Chewy,email
Large,2026-05-01,08:24:00,Yes,Amazon,facebook
Large,2026-05-01,09:27:00,No,Target,instagram
Large,2026-05-01,10:30:00,Yes,Walmart,google
Large,2026-05-01,11:33:00,No,PetSmart,email
Large,2026-05-01,12:36:00,Yes,Chewy,facebook
Large,2026-05-01,13:39:00,No,Amazon,instagram
Large,2026-05-01,14:42:00,Yes,Target,google
Large,2026-05-01,15:45:00,No,Walmart,email
Large,2026-05-01,16:48:00,Yes,PetSmart,facebook
Large,2026-05-01,17:51:00,No,Chewy,instagram
Large,2026-05-01,18:54:00,Yes,Amazon,google
Large,2026-05-01,19:57:00,No,Target,email
Large,2026-05-01,08:00:00,Yes,Walmart,facebook
Large,2026-05-01,09:03:00,No,PetSmart,instagram
Large,2026-05-01,10:06:00,Yes,Chewy,google
Large,2026-05-01,11:09:00,No,Amazon,email
Large,2026-05-01,12:12:00,Yes,Target,facebook
Large,2026-05-01,13:15:00,No,Walmart,instagram
Large,2026-05-01,14:18:00,Yes,PetSmart,google
Large,2026-05-01,15:21:00,No,Chewy,email
Large,2026-05-01,16:24:00,Yes,Amazon,facebook
Large,2026-05-01,17:27:00,No,Target,instagram
Large,2026-05-01,18:30:00,Yes,Walmart,google
Large,2026-05-01,19:33:00,No,PetSmart,email
Large,2026-05-01,08:36:00,Yes,Chewy,facebook
Large,2026-05-01,09:39:00,No,Amazon,instagram
Large,2026-05-01,10:42:00,Yes,Target,google
Large,2026-05-01,11:45:00,No,Walmart,email
Large,2026-05-01,12:48:00,Yes,PetSmart,facebook
Large,2026-05-01,13:51:00,No,Chewy,instagram
Large,2026-05-01,14:54:00,Yes,Amazon,google
Large,2026-05-01,15:57:00,No,Target,email
Large,2026-05-01,16:00:00,Yes,Walmart,facebook
Large,2026-05-01,17:03:00,No,PetSmart,instagram
Large,2026-05-01,18:06:00,Yes,Chewy,google
Large,2026-05-01,19:09:00,No,Amazon,email
Large,2026-05-01,08:12:00,Yes,Target,facebook
Large,2026-05-01,09:15:00,No,Walmart,instagram
Large,2026-05-01,10:18:00,Yes,PetSmart,google
Large,2026-05-01,11:21:00,No,Chewy,email
Large,2026-05-01,12:24:00,Yes,Amazon,facebook
Large,2026-05-01,13:27:00,No,Target,instagram
Large,2026-05-01,14:30:00,Yes,Walmart,google
Large,2026-05-01,15:33:00,No,PetSmart,email
Large,2026-05-01,16:36:00,Yes,Chewy,facebook
Large,2026-05-01,17:39:00,No,Amazon,instagram
Large,2026-05-01,18:42:00,Yes,Target,google
Large,2026-05-01,19:45:00,No,Walmart,email
Large,2026-05-01,08:48:00,Yes,PetSmart,facebook
Large,2026-05-01,09:51:00,No,Chewy,instagram
Large,2026-05-01,10:54:00,Yes,Amazon,google
Large,2026-05-01,11:57:00,No,Target,email
Large,2026-05-01,12:00:00,Yes,Walmart,facebook
Large,2026-05-01,13:03:00,No,PetSmart,instagram
Large,2026-05-01,14:06:00,Yes,Chewy,google
Large,2026-05-01,15:09:00,No,Amazon,email
Large,2026-05-01,16:12:00,Yes,Target,facebook
Large,2026-05-01,17:15:00,No,Walmart,instagram
Large,2026-05-01,18:18:00,Yes,PetSmart,google
Large,2026-05-01,19:21:00,No,Chewy,email
TEENIE,2026-05-02,08:00:00,No,PetSmart,instagram
TEENIE,2026-05-02,09:03:00,Yes,Chewy,google
TEENIE,2026-05-02,10:06:00,No,Amazon,email
TEENIE,2026-05-02,11:09:00,Yes,Target,facebook
TEENIE,2026-05-02,12:12:00,No,Walmart,instagram
TEENIE,2026-05-02,13:15:00,Yes,PetSmart,google
TEENIE,2026-05-02,14:18:00,No,Chewy,email
TEENIE,2026-05-02,15:21:00,Yes,Amazon,facebook
TEENIE,2026-05-02,16:24:00,No,Target,instagram
TEENIE,2026-05-02,17:27:00,Yes,Walmart,google
TEENIE,2026-05-02,18:30:00,No,PetSmart,email
TEENIE,2026-05-02,19:33:00,Yes,Chewy,facebook
TEENIE,2026-05-02,08:36:00,No,Amazon,instagram
TEENIE,2026-05-02,09:39:00,Yes,Target,google
TEENIE,2026-05-02,10:42:00,No,Walmart,email
TEENIE,2026-05-02,11:45:00,Yes,PetSmart,facebook
TEENIE,2026-05-02,12:48:00,No,Chewy,instagram
TEENIE,2026-05-02,13:51:00,Yes,Amazon,google
TEENIE,2026-05-02,14:54:00,No,Target,email
TEENIE,2026-05-02,15:57:00,Yes,Walmart,facebook
TEENIE,2026-05-02,16:00:00,No,PetSmart,instagram
TEENIE,2026-05-02,17:03:00,Yes,Chewy,google
TEENIE,2026-05-02,18:06:00,No,Amazon,email
TEENIE,2026-05-02,19:09:00,Yes,Target,facebook
TEENIE,2026-05-02,08:12:00,No,Walmart,instagram
TEENIE,2026-05-02,09:15:00,Yes,PetSmart,google
TEENIE,2026-05-02,10:18:00,No,Chewy,email
TEENIE,2026-05-02,11:21:00,Yes,Amazon,facebook
TEENIE,2026-05-02,12:24:00,No,Target,instagram
TEENIE,2026-05-02,13:27:00,Yes,Walmart,google
TEENIE,2026-05-02,14:30:00,No,PetSmart,email
TEENIE,2026-05-02,15:33:00,Yes,Chewy,facebook
TEENIE,2026-05-02,16:36:00,No,Amazon,instagram
TEENIE,2026-05-02,17:39:00,Yes,Target,google
TEENIE,2026-05-02,18:42:00,No,Walmart,email
TEENIE,2026-05-02,19:45:00,Yes,PetSmart,facebook
TEENIE,2026-05-02,08:48:00,No,Chewy,instagram
TEENIE,2026-05-02,09:51:00,Yes,Amazon,google
TEENIE,2026-05-02,10:54:00,No,Target,email
TEENIE,2026-05-02,11:57:00,Yes,Walmart,facebook
TEENIE,2026-05-02,12:00:00,No,PetSmart,instagram
TEENIE,2026-05-02,13:03:00,Yes,Chewy,google
TEENIE,2026-05-02,14:06:00,No,Amazon,email
TEENIE,2026-05-02,15:09:00,Yes,Target,facebook
TEENIE,2026-05-02,16:12:00,No,Walmart,instagram
TEENIE,2026-05-02,17:15:00,Yes,PetSmart,google
TEENIE,2026-05-02,18:18:00,No,Chewy,email
TEENIE,2026-05-02,19:21:00,Yes,Amazon,facebook
TEENIE,2026-05-02,08:24:00,No,Target,instagram
TEENIE,2026-05-02,09:27:00,Yes,Walmart,google
TEENIE,2026-05-02,10:30:00,No,PetSmart,email
TEENIE,2026-05-02,11:33:00,Yes,Chewy,facebook
TEENIE,2026-05-02,12:36:00,No,Amazon,instagram
TEENIE,2026-05-02,13:39:00,Yes,Target,google
TEENIE,2026-05-02,14:42:00,No,Walmart,email
TEENIE,2026-05-02,15:45:00,Yes,PetSmart,facebook
TEENIE,2026-05-02,16:48:00,No,Chewy,instagram
TEENIE,2026-05-02,17:51:00,Yes,Amazon,google
TEENIE,2026-05-02,18:54:00,No,Target,email
TEENIE,2026-05-02,19:57:00,Yes,Walmart,facebook
TEENIE,2026-05-02,08:00:00,No,PetSmart,instagram
TEENIE,2026-05-02,09:03:00,Yes,Chewy,google
TEENIE,2026-05-02,10:06:00,No,Amazon,email
TEENIE,2026-05-02,11:09:00,Yes,Target,facebook
TEENIE,2026-05-02,12:12:00,No,Walmart,instagram
TEENIE,2026-05-02,13:15:00,Yes,PetSmart,google
TEENIE,2026-05-02,14:18:00,No,Chewy,email
TEENIE,2026-05-02,15:21:00,Yes,Amazon,facebook
TEENIE,2026-05-02,16:24:00,No,Target,instagram
TEENIE,2026-05-02,17:27:00,Yes,Walmart,google
TEENIE,2026-05-02,18:30:00,No,PetSmart,email
TEENIE,2026-05-02,19:33:00,Yes,Chewy,facebook
TEENIE,2026-05-02,08:36:00,No,Amazon,instagram
TEENIE,2026-05-02,09:39:00,Yes,Target,google
TEENIE,2026-05-02,10:42:00,No,Walmart,email
TEENIE,2026-05-02,11:45:00,Yes,PetSmart,facebook
TEENIE,2026-05-02,12:48:00,No,Chewy,instagram
TEENIE,2026-05-02,13:51:00,Yes,Amazon,google
TEENIE,2026-05-02,14:54:00,No,Target,email
TEENIE,2026-05-02,15:57:00,Yes,Walmart,facebook
TEENIE,2026-05-02,16:00:00,No,PetSmart,instagram
TEENIE,2026-05-02,17:03:00,Yes,Chewy,google
TEENIE,2026-05-02,18:06:00,No,Amazon,email
TEENIE,2026-05-02,19:09:00,Yes,Target,facebook
TEENIE,2026-05-02,08:12:00,No,Walmart,instagram
TEENIE,2026-05-02,09:15:00,Yes,PetSmart,google
TEENIE,2026-05-02,10:18:00,No,Chewy,email
TEENIE,2026-05-02,11:21:00,Yes,Amazon,facebook
TEENIE,2026-05-02,12:24:00,No,Target,instagram
TEENIE,2026-05-02,13:27:00,Yes,Walmart,google
TEENIE,2026-05-02,14:30:00,No,PetSmart,email
TEENIE,2026-05-02,15:33:00,Yes,Chewy,facebook
TEENIE,2026-05-02,16:36:00,No,Amazon,instagram
TEENIE,2026-05-02,17:39:00,Yes,Target,google
TEENIE,2026-05-02,18:42:00,No,Walmart,email
TEENIE,2026-05-02,19:45:00,Yes,PetSmart,facebook
TEENIE,2026-05-02,08:48:00,No,Chewy,instagram
TEENIE,2026-05-02,09:51:00,Yes,Amazon,google
TEENIE,2026-05-02,10:54:00,No,Target,email
TEENIE,2026-05-02,11:57:00,Yes,Walmart,facebook
TEENIE,2026-05-02,12:00:00,No,PetSmart,instagram
TEENIE,2026-05-02,13:03:00,Yes,Chewy,google
TEENIE,2026-05-02,14:06:00,No,Amazon,email
TEENIE,2026-05-02,15:09:00,Yes,Target,facebook
TEENIE,2026-05-02,16:12:00,No,Walmart,instagram
TEENIE,2026-05-02,17:15:00,Yes,PetSmart,google
TEENIE,2026-05-02,18:18:00,No,Chewy,email
TEENIE,2026-05-02,19:21:00,Yes,Amazon,facebook
TEENIE,2026-05-02,08:24:00,No,Target,instagram
TEENIE,2026-05-02,09:27:00,Yes,Walmart,google
TEENIE,2026-05-02,10:30:00,No,PetSmart,email
TEENIE,2026-05-02,11:33:00,Yes,Chewy,facebook
TEENIE,2026-05-02,12:36:00,No,Amazon,instagram
TEENIE,2026-05-02,13:39:00,Yes,Target,google
TEENIE,2026-05-02,14:42:00,No,Walmart,email
Petite,2026-05-02,08:00:00,No,PetSmart,instagram
Petite,2026-05-02,09:03:00,Yes,Chewy,google
Petite,2026-05-02,10:06:00,No,Amazon,email
Petite,2026-05-02,11:09:00,Yes,Target,facebook
Petite,2026-05-02,12:12:00,No,Walmart,instagram
Petite,2026-05-02,13:15:00,Yes,PetSmart,google
Petite,2026-05-02,14:18:00,No,Chewy,email
Petite,2026-05-02,15:21:00,Yes,Amazon,facebook
Petite,2026-05-02,16:24:00,No,Target,instagram
Petite,2026-05-02,17:27:00,Yes,Walmart,google
Petite,2026-05-02,18:30:00,No,PetSmart,email
Petite,2026-05-02,19:33:00,Yes,Chewy,facebook
Petite,2026-05-02,08:36:00,No,Amazon,instagram
Petite,2026-05-02,09:39:00,Yes,Target,google
Petite,2026-05-02,10:42:00,No,Walmart,email
Petite,2026-05-02,11:45:00,Yes,PetSmart,facebook
Petite,2026-05-02,12:48:00,No,Chewy,instagram
Petite,2026-05-02,13:51:00,Yes,Amazon,google
Petite,2026-05-02,14:54:00,No,Target,email
Petite,2026-05-02,15:57:00,Yes,Walmart,facebook
Petite,2026-05-02,16:00:00,No,PetSmart,instagram
Petite,2026-05-02,17:03:00,Yes,Chewy,google
Petite,2026-05-02,18:06:00,No,Amazon,email
Petite,2026-05-02,19:09:00,Yes,Target,facebook
Petite,2026-05-02,08:12:00,No,Walmart,instagram
Petite,2026-05-02,09:15:00,Yes,PetSmart,google
Petite,2026-05-02,10:18:00,No,Chewy,email
Petite,2026-05-02,11:21:00,Yes,Amazon,facebook
Petite,2026-05-02,12:24:00,No,Target,instagram
Petite,2026-05-02,13:27:00,Yes,Walmart,google
Petite,2026-05-02,14:30:00,No,PetSmart,email
Petite,2026-05-02,15:33:00,Yes,Chewy,facebook
Petite,2026-05-02,16:36:00,No,Amazon,instagram
Petite,2026-05-02,17:39:00,Yes,Target,google
Petite,2026-05-02,18:42:00,No,Walmart,email
Petite,2026-05-02,19:45:00,Yes,PetSmart,facebook
Petite,2026-05-02,08:48:00,No,Chewy,instagram
Petite,2026-05-02,09:51:00,Yes,Amazon,google
Petite,2026-05-02,10:54:00,No,Target,email
Petite,2026-05-02,11:57:00,Yes,Walmart,facebook
Petite,2026-05-02,12:00:00,No,PetSmart,instagram
Petite,2026-05-02,13:03:00,Yes,Chewy,google
Petite,2026-05-02,14:06:00,No,Amazon,email
Petite,2026-05-02,15:09:00,Yes,Target,facebook
Petite,2026-05-02,16:12:00,No,Walmart,instagram
Petite,2026-05-02,17:15:00,Yes,PetSmart,google
Petite,2026-05-02,18:18:00,No,Chewy,email
Petite,2026-05-02,19:21:00,Yes,Amazon,facebook
Petite,2026-05-02,08:24:00,No,Target,instagram
Petite,2026-05-02,09:27:00,Yes,Walmart,google
Petite,2026-05-02,10:30:00,No,PetSmart,email
Petite,2026-05-02,11:33:00,Yes,Chewy,facebook
Petite,2026-05-02,12:36:00,No,Amazon,instagram
Petite,2026-05-02,13:39:00,Yes,Target,google
Petite,2026-05-02,14:42:00,No,Walmart,email
Petite,2026-05-02,15:45:00,Yes,PetSmart,facebook
Petite,2026-05-02,16:48:00,No,Chewy,instagram
Petite,2026-05-02,17:51:00,Yes,Amazon,google
Petite,2026-05-02,18:54:00,No,Target,email
Petite,2026-05-02,19:57:00,Yes,Walmart,facebook
Petite,2026-05-02,08:00:00,No,PetSmart,instagram
Petite,2026-05-02,09:03:00,Yes,Chewy,google
Petite,2026-05-02,10:06:00,No,Amazon,email
Petite,2026-05-02,11:09:00,Yes,Target,facebook
Petite,2026-05-02,12:12:00,No,Walmart,instagram
Petite,2026-05-02,13:15:00,Yes,PetSmart,google
Petite,2026-05-02,14:18:00,No,Chewy,email
Petite,2026-05-02,15:21:00,Yes,Amazon,facebook
Petite,2026-05-02,16:24:00,No,Target,instagram
Petite,2026-05-02,17:27:00,Yes,Walmart,google
Petite,2026-05-02,18:30:00,No,PetSmart,email
Petite,2026-05-02,19:33:00,Yes,Chewy,facebook
Petite,2026-05-02,08:36:00,No,Amazon,instagram
Petite,2026-05-02,09:39:00,Yes,Target,google
Petite,2026-05-02,10:42:00,No,Walmart,email
Petite,2026-05-02,11:45:00,Yes,PetSmart,facebook
Petite,2026-05-02,12:48:00,No,Chewy,instagram
Petite,2026-05-02,13:51:00,Yes,Amazon,google
Petite,2026-05-02,14:54:00,No,Target,email
Petite,2026-05-02,15:57:00,Yes,Walmart,facebook
Petite,2026-05-02,16:00:00,No,PetSmart,instagram
Petite,2026-05-02,17:03:00,Yes,Chewy,google
Petite,2026-05-02,18:06:00,No,Amazon,email
Petite,2026-05-02,19:09:00,Yes,Target,facebook
Petite,2026-05-02,08:12:00,No,Walmart,instagram
Regular,2026-05-02,08:00:00,No,PetSmart,instagram
Regular,2026-05-02,09:03:00,Yes,Chewy,google
Regular,2026-05-02,10:06:00,No,Amazon,email
Regular,2026-05-02,11:09:00,Yes,Target,facebook
Regular,2026-05-02,12:12:00,No,Walmart,instagram
Regular,2026-05-02,13:15:00,Yes,PetSmart,google
Regular,2026-05-02,14:18:00,No,Chewy,email
Regular,2026-05-02,15:21:00,Yes,Amazon,facebook
Regular,2026-05-02,16:24:00,No,Target,instagram
Regular,2026-05-02,17:27:00,Yes,Walmart,google
Regular,2026-05-02,18:30:00,No,PetSmart,email
Regular,2026-05-02,19:33:00,Yes,Chewy,facebook
Regular,2026-05-02,08:36:00,No,Amazon,instagram
Regular,2026-05-02,09:39:00,Yes,Target,google
Regular,2026-05-02,10:42:00,No,Walmart,email
Regular,2026-05-02,11:45:00,Yes,PetSmart,facebook
Regular,2026-05-02,12:48:00,No,Chewy,instagram
Regular,2026-05-02,13:51:00,Yes,Amazon,google
Regular,2026-05-02,14:54:00,No,Target,email
Regular,2026-05-02,15:57:00,Yes,Walmart,facebook
Regular,2026-05-02,16:00:00,No,PetSmart,instagram
Regular,2026-05-02,17:03:00,Yes,Chewy,google
Regular,2026-05-02,18:06:00,No,Amazon,email
Regular,2026-05-02,19:09:00,Yes,Target,facebook
Regular,2026-05-02,08:12:00,No,Walmart,instagram
Regular,2026-05-02,09:15:00,Yes,PetSmart,google
Regular,2026-05-02,10:18:00,No,Chewy,email
Regular,2026-05-02,11:21:00,Yes,Amazon,facebook
Regular,2026-05-02,12:24:00,No,Target,instagram
Regular,2026-05-02,13:27:00,Yes,Walmart,google
Regular,2026-05-02,14:30:00,No,PetSmart,email
Regular,2026-05-02,15:33:00,Yes,Chewy,facebook
Regular,2026-05-02,16:36:00,No,Amazon,instagram
Regular,2026-05-02,17:39:00,Yes,Target,google
Regular,2026-05-02,18:42:00,No,Walmart,email
Regular,2026-05-02,19:45:00,Yes,PetSmart,facebook
Regular,2026-05-02,08:48:00,No,Chewy,instagram
Regular,2026-05-02,09:51:00,Yes,Amazon,google
Regular,2026-05-02,10:54:00,No,Target,email
Regular,2026-05-02,11:57:00,Yes,Walmart,facebook
Regular,2026-05-02,12:00:00,No,PetSmart,instagram
Regular,2026-05-02,13:03:00,Yes,Chewy,google
Regular,2026-05-02,14:06:00,No,Amazon,email
Regular,2026-05-02,15:09:00,Yes,Target,facebook
Regular,2026-05-02,16:12:00,No,Walmart,instagram
Regular,2026-05-02,17:15:00,Yes,PetSmart,google
Regular,2026-05-02,18:18:00,No,Chewy,email
Regular,2026-05-02,19:21:00,Yes,Amazon,facebook
Regular,2026-05-02,08:24:00,No,Target,instagram
Regular,2026-05-02,09:27:00,Yes,Walmart,google
Regular,2026-05-02,10:30:00,No,PetSmart,email
Regular,2026-05-02,11:33:00,Yes,Chewy,facebook
Regular,2026-05-02,12:36:00,No,Amazon,instagram
Regular,2026-05-02,13:39:00,Yes,Target,google
Regular,2026-05-02,14:42:00,No,Walmart,email
Regular,2026-05-02,15:45:00,Yes,PetSmart,facebook
Regular,2026-05-02,16:48:00,No,Chewy,instagram
Regular,2026-05-02,17:51:00,Yes,Amazon,google
Regular,2026-05-02,18:54:00,No,Target,email
Regular,2026-05-02,19:57:00,Yes,Walmart,facebook
Regular,2026-05-02,08:00:00,No,PetSmart,instagram
Regular,2026-05-02,09:03:00,Yes,Chewy,google
Regular,2026-05-02,10:06:00,No,Amazon,email
Regular,2026-05-02,11:09:00,Yes,Target,facebook
Regular,2026-05-02,12:12:00,No,Walmart,instagram
Regular,2026-05-02,13:15:00,Yes,PetSmart,google
Regular,2026-05-02,14:18:00,No,Chewy,email
Regular,2026-05-02,15:21:00,Yes,Amazon,facebook
Regular,2026-05-02,16:24:00,No,Target,instagram
Regular,2026-05-02,17:27:00,Yes,Walmart,google
Regular,2026-05-02,18:30:00,No,PetSmart,email
Regular,2026-05-02,19:33:00,Yes,Chewy,facebook
Regular,2026-05-02,08:36:00,No,Amazon,instagram
Regular,2026-05-02,09:39:00,Yes,Target,google
Regular,2026-05-02,10:42:00,No,Walmart,email
Regular,2026-05-02,11:45:00,Yes,PetSmart,facebook
Regular,2026-05-02,12:48:00,No,Chewy,instagram
Regular,2026-05-02,13:51:00,Yes,Amazon,google
Regular,2026-05-02,14:54:00,No,Target,email
Regular,2026-05-02,15:57:00,Yes,Walmart,facebook
Regular,2026-05-02,16:00:00,No,PetSmart,instagram
Regular,2026-05-02,17:03:00,Yes,Chewy,google
Regular,2026-05-02,18:06:00,No,Amazon,email
Regular,2026-05-02,19:09:00,Yes,Target,facebook
Regular,2026-05-02,08:12:00,No,Walmart,instagram
Regular,2026-05-02,09:15:00,Yes,PetSmart,google
Regular,2026-05-02,10:18:00,No,Chewy,email
Regular,2026-05-02,11:21:00,Yes,Amazon,facebook
Regular,2026-05-02,12:24:00,No,Target,instagram
Regular,2026-05-02,13:27:00,Yes,Walmart,google
Regular,2026-05-02,14:30:00,No,PetSmart,email
Regular,2026-05-02,15:33:00,Yes,Chewy,facebook
Regular,2026-05-02,16:36:00,No,Amazon,instagram
Regular,2026-05-02,17:39:00,Yes,Target,google
Regular,2026-05-02,18:42:00,No,Walmart,email
Regular,2026-05-02,19:45:00,Yes,PetSmart,facebook
Regular,2026-05-02,08:48:00,No,Chewy,instagram
Regular,2026-05-02,09:51:00,Yes,Amazon,google
Regular,2026-05-02,10:54:00,No,Target,email
Regular,2026-05-02,11:57:00,Yes,Walmart,facebook
Regular,2026-05-02,12:00:00,No,PetSmart,instagram
Regular,2026-05-02,13:03:00,Yes,Chewy,google
Regular,2026-05-02,14:06:00,No,Amazon,email
Regular,2026-05-02,15:09:00,Yes,Target,facebook
Regular,2026-05-02,16:12:00,No,Walmart,instagram
Regular,2026-05-02,17:15:00,Yes,PetSmart,google
Regular,2026-05-02,18:18:00,No,Chewy,email
Regular,2026-05-02,19:21:00,Yes,Amazon,facebook
Regular,2026-05-02,08:24:00,No,Target,instagram
Regular,2026-05-02,09:27:00,Yes,Walmart,google
Regular,2026-05-02,10:30:00,No,PetSmart,email
Regular,2026-05-02,11:33:00,Yes,Chewy,facebook
Regular,2026-05-02,12:36:00,No,Amazon,instagram
Regular,2026-05-02,13:39:00,Yes,Target,google
Regular,2026-05-02,14:42:00,No,Walmart,email
Regular,2026-05-02,15:45:00,Yes,PetSmart,facebook
Regular,2026-05-02,16:48:00,No,Chewy,instagram
Regular,2026-05-02,17:51:00,Yes,Amazon,google
Regular,2026-05-02,18:54:00,No,Target,email
Regular,2026-05-02,19:57:00,Yes,Walmart,facebook
Regular,2026-05-02,08:00:00,No,PetSmart,instagram
Regular,2026-05-02,09:03:00,Yes,Chewy,google
Regular,2026-05-02,10:06:00,No,Amazon,email
Regular,2026-05-02,11:09:00,Yes,Target,facebook
Regular,2026-05-02,12:12:00,No,Walmart,instagram
Regular,2026-05-02,13:15:00,Yes,PetSmart,google
Regular,2026-05-02,14:18:00,No,Chewy,email
Regular,2026-05-02,15:21:00,Yes,Amazon,facebook
Regular,2026-05-02,16:24:00,No,Target,instagram
Regular,2026-05-02,17:27:00,Yes,Walmart,google
Regular,2026-05-02,18:30:00,No,PetSmart,email
Regular,2026-05-02,19:33:00,Yes,Chewy,facebook
Regular,2026-05-02,08:36:00,No,Amazon,instagram
Regular,2026-05-02,09:39:00,Yes,Target,google
Regular,2026-05-02,10:42:00,No,Walmart,email
Large,2026-05-02,08:00:00,No,PetSmart,instagram
Large,2026-05-02,09:03:00,Yes,Chewy,google
Large,2026-05-02,10:06:00,No,Amazon,email
Large,2026-05-02,11:09:00,Yes,Target,facebook
Large,2026-05-02,12:12:00,No,Walmart,instagram
Large,2026-05-02,13:15:00,Yes,PetSmart,google
Large,2026-05-02,14:18:00,No,Chewy,email
Large,2026-05-02,15:21:00,Yes,Amazon,facebook
Large,2026-05-02,16:24:00,No,Target,instagram
Large,2026-05-02,17:27:00,Yes,Walmart,google
Large,2026-05-02,18:30:00,No,PetSmart,email
Large,2026-05-02,19:33:00,Yes,Chewy,facebook
Large,2026-05-02,08:36:00,No,Amazon,instagram
Large,2026-05-02,09:39:00,Yes,Target,google
Large,2026-05-02,10:42:00,No,Walmart,email
Large,2026-05-02,11:45:00,Yes,PetSmart,facebook
Large,2026-05-02,12:48:00,No,Chewy,instagram
Large,2026-05-02,13:51:00,Yes,Amazon,google
Large,2026-05-02,14:54:00,No,Target,email
Large,2026-05-02,15:57:00,Yes,Walmart,facebook
Large,2026-05-02,16:00:00,No,PetSmart,instagram
Large,2026-05-02,17:03:00,Yes,Chewy,google
Large,2026-05-02,18:06:00,No,Amazon,email
Large,2026-05-02,19:09:00,Yes,Target,facebook
Large,2026-05-02,08:12:00,No,Walmart,instagram
Large,2026-05-02,09:15:00,Yes,PetSmart,google
Large,2026-05-02,10:18:00,No,Chewy,email
Large,2026-05-02,11:21:00,Yes,Amazon,facebook
Large,2026-05-02,12:24:00,No,Target,instagram
Large,2026-05-02,13:27:00,Yes,Walmart,google
Large,2026-05-02,14:30:00,No,PetSmart,email
Large,2026-05-02,15:33:00,Yes,Chewy,facebook
Large,2026-05-02,16:36:00,No,Amazon,instagram
Large,2026-05-02,17:39:00,Yes,Target,google
Large,2026-05-02,18:42:00,No,Walmart,email
Large,2026-05-02,19:45:00,Yes,PetSmart,facebook
Large,2026-05-02,08:48:00,No,Chewy,instagram
Large,2026-05-02,09:51:00,Yes,Amazon,google
Large,2026-05-02,10:54:00,No,Target,email
Large,2026-05-02,11:57:00,Yes,Walmart,facebook
Large,2026-05-02,12:00:00,No,PetSmart,instagram
Large,2026-05-02,13:03:00,Yes,Chewy,google
Large,2026-05-02,14:06:00,No,Amazon,email
Large,2026-05-02,15:09:00,Yes,Target,facebook
Large,2026-05-02,16:12:00,No,Walmart,instagram
Large,2026-05-02,17:15:00,Yes,PetSmart,google
Large,2026-05-02,18:18:00,No,Chewy,email
Large,2026-05-02,19:21:00,Yes,Amazon,facebook
Large,2026-05-02,08:24:00,No,Target,instagram
Large,2026-05-02,09:27:00,Yes,Walmart,google
Large,2026-05-02,10:30:00,No,PetSmart,email
Large,2026-05-02,11:33:00,Yes,Chewy,facebook
Large,2026-05-02,12:36:00,No,Amazon,instagram
Large,2026-05-02,13:39:00,Yes,Target,google
Large,2026-05-02,14:42:00,No,Walmart,email
Large,2026-05-02,15:45:00,Yes,PetSmart,facebook
Large,2026-05-02,16:48:00,No,Chewy,instagram
Large,2026-05-02,17:51:00,Yes,Amazon,google
Large,2026-05-02,18:54:00,No,Target,email
Large,2026-05-02,19:57:00,Yes,Walmart,facebook
Large,2026-05-02,08:00:00,No,PetSmart,instagram
Large,2026-05-02,09:03:00,Yes,Chewy,google
Large,2026-05-02,10:06:00,No,Amazon,email
Large,2026-05-02,11:09:00,Yes,Target,facebook
Large,2026-05-02,12:12:00,No,Walmart,instagram
Large,2026-05-02,13:15:00,Yes,PetSmart,google
Large,2026-05-02,14:18:00,No,Chewy,email
Large,2026-05-02,15:21:00,Yes,Amazon,facebook
Large,2026-05-02,16:24:00,No,Target,instagram
Large,2026-05-02,17:27:00,Yes,Walmart,google
Large,2026-05-02,18:30:00,No,PetSmart,email
Large,2026-05-02,19:33:00,Yes,Chewy,facebook
Large,2026-05-02,08:36:00,No,Amazon,instagram
Large,2026-05-02,09:39:00,Yes,Target,google
Large,2026-05-02,10:42:00,No,Walmart,email
Large,2026-05-02,11:45:00,Yes,PetSmart,facebook
Large,2026-05-02,12:48:00,No,Chewy,instagram
Large,2026-05-02,13:51:00,Yes,Amazon,google
Large,2026-05-02,14:54:00,No,Target,email
Large,2026-05-02,15:57:00,Yes,Walmart,facebook
Large,2026-05-02,16:00:00,No,PetSmart,instagram
Large,2026-05-02,17:03:00,Yes,Chewy,google
Large,2026-05-02,18:06:00,No,Amazon,email
Large,2026-05-02,19:09:00,Yes,Target,facebook
Large,2026-05-02,08:12:00,No,Walmart,instagram
Large,2026-05-02,09:15:00,Yes,PetSmart,google
Large,2026-05-02,10:18:00,No,Chewy,email
Large,2026-05-02,11:21:00,Yes,Amazon,facebook
Large,2026-05-02,12:24:00,No,Target,instagram
Large,2026-05-02,13:27:00,Yes,Walmart,google
Large,2026-05-02,14:30:00,No,PetSmart,email
Large,2026-05-02,15:33:00,Yes,Chewy,facebook
Large,2026-05-02,16:36:00,No,Amazon,instagram
Large,2026-05-02,17:39:00,Yes,Target,google
Large,2026-05-02,18:42:00,No,Walmart,email
Large,2026-05-02,19:45:00,Yes,PetSmart,facebook
Large,2026-05-02,08:48:00,No,Chewy,instagram
Large,2026-05-02,09:51:00,Yes,Amazon,google
Large,2026-05-02,10:54:00,No,Target,email
Large,2026-05-02,11:57:00,Yes,Walmart,facebook
Large,2026-05-02,12:00:00,No,PetSmart,instagram
Large,2026-05-02,13:03:00,Yes,Chewy,google
Large,2026-05-02,14:06:00,No,Amazon,email
Large,2026-05-02,15:09:00,Yes,Target,facebook
Large,2026-05-02,16:12:00,No,Walmart,instagram
Large,2026-05-02,17:15:00,Yes,PetSmart,google
Large,2026-05-02,18:18:00,No,Chewy,email
Large,2026-05-02,19:21:00,Yes,Amazon,facebook
Large,2026-05-02,08:24:00,No,Target,instagram
Large,2026-05-02,09:27:00,Yes,Walmart,google
Large,2026-05-02,10:30:00,No,PetSmart,email
Large,2026-05-02,11:33:00,Yes,Chewy,facebook
Large,2026-05-02,12:36:00,No,Amazon,instagram
Large,2026-05-02,13:39:00,Yes,Target,google
Large,2026-05-02,14:42:00,No,Walmart,email
Large,2026-05-02,15:45:00,Yes,PetSmart,facebook
Large,2026-05-02,16:48:00,No,Chewy,instagram
Large,2026-05-02,17:51:00,Yes,Amazon,google
Large,2026-05-02,18:54:00,No,Target,email
Large,2026-05-02,19:57:00,Yes,Walmart,facebook
Large,2026-05-02,08:00:00,No,PetSmart,instagram
Large,2026-05-02,09:03:00,Yes,Chewy,google
Large,2026-05-02,10:06:00,No,Amazon,email
Large,2026-05-02,11:09:00,Yes,Target,facebook
Large,2026-05-02,12:12:00,No,Walmart,instagram
Large,2026-05-02,13:15:00,Yes,PetSmart,google
Large,2026-05-02,14:18:00,No,Chewy,email
Large,2026-05-02,15:21:00,Yes,Amazon,facebook
Large,2026-05-02,16:24:00,No,Target,instagram
Large,2026-05-02,17:27:00,Yes,Walmart,google
Large,2026-05-02,18:30:00,No,PetSmart,email
Large,2026-05-02,19:33:00,Yes,Chewy,facebook
Large,2026-05-02,08:36:00,No,Amazon,instagram
Large,2026-05-02,09:39:00,Yes,Target,google
Large,2026-05-02,10:42:00,No,Walmart,email
Large,2026-05-02,11:45:00,Yes,PetSmart,facebook
Large,2026-05-02,12:48:00,No,Chewy,instagram
Large,2026-05-02,13:51:00,Yes,Amazon,google
Large,2026-05-02,14:54:00,No,Target,email
Large,2026-05-02,15:57:00,Yes,Walmart,facebook
Large,2026-05-02,16:00:00,No,PetSmart,instagram
Large,2026-05-02,17:03:00,Yes,Chewy,google
Large,2026-05-02,18:06:00,No,Amazon,email
Large,2026-05-02,19:09:00,Yes,Target,facebook
Large,2026-05-02,08:12:00,No,Walmart,instagram
Large,2026-05-02,09:15:00,Yes,PetSmart,google
Large,2026-05-02,10:18:00,No,Chewy,email
Large,2026-05-02,11:21:00,Yes,Amazon,facebook
Large,2026-05-02,12:24:00,No,Target,instagram
Large,2026-05-02,13:27:00,Yes,Walmart,google
Large,2026-05-02,14:30:00,No,PetSmart,email
Large,2026-05-02,15:33:00,Yes,Chewy,facebook
Large,2026-05-02,16:36:00,No,Amazon,instagram
Large,2026-05-02,17:39:00,Yes,Target,google
Large,2026-05-02,18:42:00,No,Walmart,email
Large,2026-05-02,19:45:00,Yes,PetSmart,facebook
Large,2026-05-02,08:48:00,No,Chewy,instagram
Large,2026-05-02,09:51:00,Yes,Amazon,google
Large,2026-05-02,10:54:00,No,Target,email
Large,2026-05-02,11:57:00,Yes,Walmart,facebook
Large,2026-05-02,12:00:00,No,PetSmart,instagram
Large,2026-05-02,13:03:00,Yes,Chewy,google
Large,2026-05-02,14:06:00,No,Amazon,email
Large,2026-05-02,15:09:00,Yes,Target,facebook
Large,2026-05-02,16:12:00,No,Walmart,instagram
Large,2026-05-02,17:15:00,Yes,PetSmart,google
Large,2026-05-02,18:18:00,No,Chewy,email
Large,2026-05-02,19:21:00,Yes,Amazon,facebook
Large,2026-05-02,08:24:00,No,Target,instagram
Large,2026-05-02,09:27:00,Yes,Walmart,google
Large,2026-05-02,10:30:00,No,PetSmart,email
Large,2026-05-02,11:33:00,Yes,Chewy,facebook
Large,2026-05-02,12:36:00,No,Amazon,instagram
Large,2026-05-02,13:39:00,Yes,Target,google
Large,2026-05-02,14:42:00,No,Walmart,email
TEENIE,2026-05-03,08:00:00,Yes,Chewy,google
TEENIE,2026-05-03,09:03:00,No,Amazon,email
TEENIE,2026-05-03,10:06:00,Yes,Target,facebook
TEENIE,2026-05-03,11:09:00,No,Walmart,instagram
TEENIE,2026-05-03,12:12:00,Yes,PetSmart,google
TEENIE,2026-05-03,13:15:00,No,Chewy,email
TEENIE,2026-05-03,14:18:00,Yes,Amazon,facebook
TEENIE,2026-05-03,15:21:00,No,Target,instagram
TEENIE,2026-05-03,16:24:00,Yes,Walmart,google
TEENIE,2026-05-03,17:27:00,No,PetSmart,email
TEENIE,2026-05-03,18:30:00,Yes,Chewy,facebook
TEENIE,2026-05-03,19:33:00,No,Amazon,instagram
TEENIE,2026-05-03,08:36:00,Yes,Target,google
TEENIE,2026-05-03,09:39:00,No,Walmart,email
TEENIE,2026-05-03,10:42:00,Yes,PetSmart,facebook
TEENIE,2026-05-03,11:45:00,No,Chewy,instagram
TEENIE,2026-05-03,12:48:00,Yes,Amazon,google
TEENIE,2026-05-03,13:51:00,No,Target,email
TEENIE,2026-05-03,14:54:00,Yes,Walmart,facebook
TEENIE,2026-05-03,15:57:00,No,PetSmart,instagram
TEENIE,2026-05-03,16:00:00,Yes,Chewy,google
TEENIE,2026-05-03,17:03:00,No,Amazon,email
TEENIE,2026-05-03,18:06:00,Yes,Target,facebook
TEENIE,2026-05-03,19:09:00,No,Walmart,instagram
TEENIE,2026-05-03,08:12:00,Yes,PetSmart,google
TEENIE,2026-05-03,09:15:00,No,Chewy,email
TEENIE,2026-05-03,10:18:00,Yes,Amazon,facebook
TEENIE,2026-05-03,11:21:00,No,Target,instagram
TEENIE,2026-05-03,12:24:00,Yes,Walmart,google
TEENIE,2026-05-03,13:27:00,No,PetSmart,email
TEENIE,2026-05-03,14:30:00,Yes,Chewy,facebook
TEENIE,2026-05-03,15:33:00,No,Amazon,instagram
TEENIE,2026-05-03,16:36:00,Yes,Target,google
TEENIE,2026-05-03,17:39:00,No,Walmart,email
TEENIE,2026-05-03,18:42:00,Yes,PetSmart,facebook
TEENIE,2026-05-03,19:45:00,No,Chewy,instagram
TEENIE,2026-05-03,08:48:00,Yes,Amazon,google
TEENIE,2026-05-03,09:51:00,No,Target,email
TEENIE,2026-05-03,10:54:00,Yes,Walmart,facebook
TEENIE,2026-05-03,11:57:00,No,PetSmart,instagram
TEENIE,2026-05-03,12:00:00,Yes,Chewy,google
TEENIE,2026-05-03,13:03:00,No,Amazon,email
TEENIE,2026-05-03,14:06:00,Yes,Target,facebook
TEENIE,2026-05-03,15:09:00,No,Walmart,instagram
TEENIE,2026-05-03,16:12:00,Yes,PetSmart,google
TEENIE,2026-05-03,17:15:00,No,Chewy,email
TEENIE,2026-05-03,18:18:00,Yes,Amazon,facebook
TEENIE,2026-05-03,19:21:00,No,Target,instagram
TEENIE,2026-05-03,08:24:00,Yes,Walmart,google
TEENIE,2026-05-03,09:27:00,No,PetSmart,email
TEENIE,2026-05-03,10:30:00,Yes,Chewy,facebook
TEENIE,2026-05-03,11:33:00,No,Amazon,instagram
TEENIE,2026-05-03,12:36:00,Yes,Target,google
TEENIE,2026-05-03,13:39:00,No,Walmart,email
TEENIE,2026-05-03,14:42:00,Yes,PetSmart,facebook
TEENIE,2026-05-03,15:45:00,No,Chewy,instagram
TEENIE,2026-05-03,16:48:00,Yes,Amazon,google
TEENIE,2026-05-03,17:51:00,No,Target,email
TEENIE,2026-05-03,18:54:00,Yes,Walmart,facebook
TEENIE,2026-05-03,19:57:00,No,PetSmart,instagram
TEENIE,2026-05-03,08:00:00,Yes,Chewy,google
TEENIE,2026-05-03,09:03:00,No,Amazon,email
TEENIE,2026-05-03,10:06:00,Yes,Target,facebook
TEENIE,2026-05-03,11:09:00,No,Walmart,instagram
TEENIE,2026-05-03,12:12:00,Yes,PetSmart,google
TEENIE,2026-05-03,13:15:00,No,Chewy,email
TEENIE,2026-05-03,14:18:00,Yes,Amazon,facebook
TEENIE,2026-05-03,15:21:00,No,Target,instagram
TEENIE,2026-05-03,16:24:00,Yes,Walmart,google
TEENIE,2026-05-03,17:27:00,No,PetSmart,email
TEENIE,2026-05-03,18:30:00,Yes,Chewy,facebook
TEENIE,2026-05-03,19:33:00,No,Amazon,instagram
TEENIE,2026-05-03,08:36:00,Yes,Target,google
TEENIE,2026-05-03,09:39:00,No,Walmart,email
TEENIE,2026-05-03,10:42:00,Yes,PetSmart,facebook
TEENIE,2026-05-03,11:45:00,No,Chewy,instagram
TEENIE,2026-05-03,12:48:00,Yes,Amazon,google
TEENIE,2026-05-03,13:51:00,No,Target,email
TEENIE,2026-05-03,14:54:00,Yes,Walmart,facebook
TEENIE,2026-05-03,15:57:00,No,PetSmart,instagram
TEENIE,2026-05-03,16:00:00,Yes,Chewy,google
TEENIE,2026-05-03,17:03:00,No,Amazon,email
TEENIE,2026-05-03,18:06:00,Yes,Target,facebook
TEENIE,2026-05-03,19:09:00,No,Walmart,instagram
TEENIE,2026-05-03,08:12:00,Yes,PetSmart,google
TEENIE,2026-05-03,09:15:00,No,Chewy,email
TEENIE,2026-05-03,10:18:00,Yes,Amazon,facebook
TEENIE,2026-05-03,11:21:00,No,Target,instagram
TEENIE,2026-05-03,12:24:00,Yes,Walmart,google
TEENIE,2026-05-03,13:27:00,No,PetSmart,email
TEENIE,2026-05-03,14:30:00,Yes,Chewy,facebook
TEENIE,2026-05-03,15:33:00,No,Amazon,instagram
TEENIE,2026-05-03,16:36:00,Yes,Target,google
TEENIE,2026-05-03,17:39:00,No,Walmart,email
TEENIE,2026-05-03,18:42:00,Yes,PetSmart,facebook
TEENIE,2026-05-03,19:45:00,No,Chewy,instagram
TEENIE,2026-05-03,08:48:00,Yes,Amazon,google
TEENIE,2026-05-03,09:51:00,No,Target,email
TEENIE,2026-05-03,10:54:00,Yes,Walmart,facebook
TEENIE,2026-05-03,11:57:00,No,PetSmart,instagram
TEENIE,2026-05-03,12:00:00,Yes,Chewy,google
TEENIE,2026-05-03,13:03:00,No,Amazon,email
TEENIE,2026-05-03,14:06:00,Yes,Target,facebook
TEENIE,2026-05-03,15:09:00,No,Walmart,instagram
TEENIE,2026-05-03,16:12:00,Yes,PetSmart,google
TEENIE,2026-05-03,17:15:00,No,Chewy,email
TEENIE,2026-05-03,18:18:00,Yes,Amazon,facebook
TEENIE,2026-05-03,19:21:00,No,Target,instagram
TEENIE,2026-05-03,08:24:00,Yes,Walmart,google
TEENIE,2026-05-03,09:27:00,No,PetSmart,email
TEENIE,2026-05-03,10:30:00,Yes,Chewy,facebook
TEENIE,2026-05-03,11:33:00,No,Amazon,instagram
TEENIE,2026-05-03,12:36:00,Yes,Target,google
TEENIE,2026-05-03,13:39:00,No,Walmart,email
TEENIE,2026-05-03,14:42:00,Yes,PetSmart,facebook
TEENIE,2026-05-03,15:45:00,No,Chewy,instagram
TEENIE,2026-05-03,16:48:00,Yes,Amazon,google
TEENIE,2026-05-03,17:51:00,No,Target,email
TEENIE,2026-05-03,18:54:00,Yes,Walmart,facebook
TEENIE,2026-05-03,19:57:00,No,PetSmart,instagram
TEENIE,2026-05-03,08:00:00,Yes,Chewy,google
TEENIE,2026-05-03,09:03:00,No,Amazon,email
Petite,2026-05-03,08:00:00,Yes,Chewy,google
Petite,2026-05-03,09:03:00,No,Amazon,email
Petite,2026-05-03,10:06:00,Yes,Target,facebook
Petite,2026-05-03,11:09:00,No,Walmart,instagram
Petite,2026-05-03,12:12:00,Yes,PetSmart,google
Petite,2026-05-03,13:15:00,No,Chewy,email
Petite,2026-05-03,14:18:00,Yes,Amazon,facebook
Petite,2026-05-03,15:21:00,No,Target,instagram
Petite,2026-05-03,16:24:00,Yes,Walmart,google
Petite,2026-05-03,17:27:00,No,PetSmart,email
Petite,2026-05-03,18:30:00,Yes,Chewy,facebook
Petite,2026-05-03,19:33:00,No,Amazon,instagram
Petite,2026-05-03,08:36:00,Yes,Target,google
Petite,2026-05-03,09:39:00,No,Walmart,email
Petite,2026-05-03,10:42:00,Yes,PetSmart,facebook
Petite,2026-05-03,11:45:00,No,Chewy,instagram
Petite,2026-05-03,12:48:00,Yes,Amazon,google
Petite,2026-05-03,13:51:00,No,Target,email
Petite,2026-05-03,14:54:00,Yes,Walmart,facebook
Petite,2026-05-03,15:57:00,No,PetSmart,instagram
Petite,2026-05-03,16:00:00,Yes,Chewy,google
Petite,2026-05-03,17:03:00,No,Amazon,email
Petite,2026-05-03,18:06:00,Yes,Target,facebook
Petite,2026-05-03,19:09:00,No,Walmart,instagram
Petite,2026-05-03,08:12:00,Yes,PetSmart,google
Petite,2026-05-03,09:15:00,No,Chewy,email
Petite,2026-05-03,10:18:00,Yes,Amazon,facebook
Petite,2026-05-03,11:21:00,No,Target,instagram
Petite,2026-05-03,12:24:00,Yes,Walmart,google
Petite,2026-05-03,13:27:00,No,PetSmart,email
Petite,2026-05-03,14:30:00,Yes,Chewy,facebook
Petite,2026-05-03,15:33:00,No,Amazon,instagram
Petite,2026-05-03,16:36:00,Yes,Target,google
Petite,2026-05-03,17:39:00,No,Walmart,email
Petite,2026-05-03,18:42:00,Yes,PetSmart,facebook
Petite,2026-05-03,19:45:00,No,Chewy,instagram
Petite,2026-05-03,08:48:00,Yes,Amazon,google
Petite,2026-05-03,09:51:00,No,Target,email
Petite,2026-05-03,10:54:00,Yes,Walmart,facebook
Petite,2026-05-03,11:57:00,No,PetSmart,instagram
Petite,2026-05-03,12:00:00,Yes,Chewy,google
Petite,2026-05-03,13:03:00,No,Amazon,email
Petite,2026-05-03,14:06:00,Yes,Target,facebook
Petite,2026-05-03,15:09:00,No,Walmart,instagram
Petite,2026-05-03,16:12:00,Yes,PetSmart,google
Petite,2026-05-03,17:15:00,No,Chewy,email
Petite,2026-05-03,18:18:00,Yes,Amazon,facebook
Petite,2026-05-03,19:21:00,No,Target,instagram
Petite,2026-05-03,08:24:00,Yes,Walmart,google
Petite,2026-05-03,09:27:00,No,PetSmart,email
Petite,2026-05-03,10:30:00,Yes,Chewy,facebook
Petite,2026-05-03,11:33:00,No,Amazon,instagram
Petite,2026-05-03,12:36:00,Yes,Target,google
Petite,2026-05-03,13:39:00,No,Walmart,email
Petite,2026-05-03,14:42:00,Yes,PetSmart,facebook
Petite,2026-05-03,15:45:00,No,Chewy,instagram
Petite,2026-05-03,16:48:00,Yes,Amazon,google
Petite,2026-05-03,17:51:00,No,Target,email
Petite,2026-05-03,18:54:00,Yes,Walmart,facebook
Petite,2026-05-03,19:57:00,No,PetSmart,instagram
Petite,2026-05-03,08:00:00,Yes,Chewy,google
Petite,2026-05-03,09:03:00,No,Amazon,email
Petite,2026-05-03,10:06:00,Yes,Target,facebook
Petite,2026-05-03,11:09:00,No,Walmart,instagram
Petite,2026-05-03,12:12:00,Yes,PetSmart,google
Petite,2026-05-03,13:15:00,No,Chewy,email
Petite,2026-05-03,14:18:00,Yes,Amazon,facebook
Petite,2026-05-03,15:21:00,No,Target,instagram
Petite,2026-05-03,16:24:00,Yes,Walmart,google
Petite,2026-05-03,17:27:00,No,PetSmart,email
Petite,2026-05-03,18:30:00,Yes,Chewy,facebook
Petite,2026-05-03,19:33:00,No,Amazon,instagram
Petite,2026-05-03,08:36:00,Yes,Target,google
Petite,2026-05-03,09:39:00,No,Walmart,email
Petite,2026-05-03,10:42:00,Yes,PetSmart,facebook
Petite,2026-05-03,11:45:00,No,Chewy,instagram
Petite,2026-05-03,12:48:00,Yes,Amazon,google
Petite,2026-05-03,13:51:00,No,Target,email
Petite,2026-05-03,14:54:00,Yes,Walmart,facebook
Petite,2026-05-03,15:57:00,No,PetSmart,instagram
Petite,2026-05-03,16:00:00,Yes,Chewy,google
Petite,2026-05-03,17:03:00,No,Amazon,email
Petite,2026-05-03,18:06:00,Yes,Target,facebook
Petite,2026-05-03,19:09:00,No,Walmart,instagram
Petite,2026-05-03,08:12:00,Yes,PetSmart,google
Petite,2026-05-03,09:15:00,No,Chewy,email
Petite,2026-05-03,10:18:00,Yes,Amazon,facebook
Petite,2026-05-03,11:21:00,No,Target,instagram
Petite,2026-05-03,12:24:00,Yes,Walmart,google
Petite,2026-05-03,13:27:00,No,PetSmart,email
Petite,2026-05-03,14:30:00,Yes,Chewy,facebook
Petite,2026-05-03,15:33:00,No,Amazon,instagram
Regular,2026-05-03,08:00:00,Yes,Chewy,google
Regular,2026-05-03,09:03:00,No,Amazon,email
Regular,2026-05-03,10:06:00,Yes,Target,facebook
Regular,2026-05-03,11:09:00,No,Walmart,instagram
Regular,2026-05-03,12:12:00,Yes,PetSmart,google
Regular,2026-05-03,13:15:00,No,Chewy,email
Regular,2026-05-03,14:18:00,Yes,Amazon,facebook
Regular,2026-05-03,15:21:00,No,Target,instagram
Regular,2026-05-03,16:24:00,Yes,Walmart,google
Regular,2026-05-03,17:27:00,No,PetSmart,email
Regular,2026-05-03,18:30:00,Yes,Chewy,facebook
Regular,2026-05-03,19:33:00,No,Amazon,instagram
Regular,2026-05-03,08:36:00,Yes,Target,google
Regular,2026-05-03,09:39:00,No,Walmart,email
Regular,2026-05-03,10:42:00,Yes,PetSmart,facebook
Regular,2026-05-03,11:45:00,No,Chewy,instagram
Regular,2026-05-03,12:48:00,Yes,Amazon,google
Regular,2026-05-03,13:51:00,No,Target,email
Regular,2026-05-03,14:54:00,Yes,Walmart,facebook
Regular,2026-05-03,15:57:00,No,PetSmart,instagram
Regular,2026-05-03,16:00:00,Yes,Chewy,google
Regular,2026-05-03,17:03:00,No,Amazon,email
Regular,2026-05-03,18:06:00,Yes,Target,facebook
Regular,2026-05-03,19:09:00,No,Walmart,instagram
Regular,2026-05-03,08:12:00,Yes,PetSmart,google
Regular,2026-05-03,09:15:00,No,Chewy,email
Regular,2026-05-03,10:18:00,Yes,Amazon,facebook
Regular,2026-05-03,11:21:00,No,Target,instagram
Regular,2026-05-03,12:24:00,Yes,Walmart,google
Regular,2026-05-03,13:27:00,No,PetSmart,email
Regular,2026-05-03,14:30:00,Yes,Chewy,facebook
Regular,2026-05-03,15:33:00,No,Amazon,instagram
Regular,2026-05-03,16:36:00,Yes,Target,google
Regular,2026-05-03,17:39:00,No,Walmart,email
Regular,2026-05-03,18:42:00,Yes,PetSmart,facebook
Regular,2026-05-03,19:45:00,No,Chewy,instagram
Regular,2026-05-03,08:48:00,Yes,Amazon,google
Regular,2026-05-03,09:51:00,No,Target,email
Regular,2026-05-03,10:54:00,Yes,Walmart,facebook
Regular,2026-05-03,11:57:00,No,PetSmart,instagram
Regular,2026-05-03,12:00:00,Yes,Chewy,google
Regular,2026-05-03,13:03:00,No,Amazon,email
Regular,2026-05-03,14:06:00,Yes,Target,facebook
Regular,2026-05-03,15:09:00,No,Walmart,instagram
Regular,2026-05-03,16:12:00,Yes,PetSmart,google
Regular,2026-05-03,17:15:00,No,Chewy,email
Regular,2026-05-03,18:18:00,Yes,Amazon,facebook
Regular,2026-05-03,19:21:00,No,Target,instagram
Regular,2026-05-03,08:24:00,Yes,Walmart,google
Regular,2026-05-03,09:27:00,No,PetSmart,email
Regular,2026-05-03,10:30:00,Yes,Chewy,facebook
Regular,2026-05-03,11:33:00,No,Amazon,instagram
Regular,2026-05-03,12:36:00,Yes,Target,google
Regular,2026-05-03,13:39:00,No,Walmart,email
Regular,2026-05-03,14:42:00,Yes,PetSmart,facebook
Regular,2026-05-03,15:45:00,No,Chewy,instagram
Regular,2026-05-03,16:48:00,Yes,Amazon,google
Regular,2026-05-03,17:51:00,No,Target,email
Regular,2026-05-03,18:54:00,Yes,Walmart,facebook
Regular,2026-05-03,19:57:00,No,PetSmart,instagram
Regular,2026-05-03,08:00:00,Yes,Chewy,google
Regular,2026-05-03,09:03:00,No,Amazon,email
Regular,2026-05-03,10:06:00,Yes,Target,facebook
Regular,2026-05-03,11:09:00,No,Walmart,instagram
Regular,2026-05-03,12:12:00,Yes,PetSmart,google
Regular,2026-05-03,13:15:00,No,Chewy,email
Regular,2026-05-03,14:18:00,Yes,Amazon,facebook
Regular,2026-05-03,15:21:00,No,Target,instagram
Regular,2026-05-03,16:24:00,Yes,Walmart,google
Regular,2026-05-03,17:27:00,No,PetSmart,email
Regular,2026-05-03,18:30:00,Yes,Chewy,facebook
Regular,2026-05-03,19:33:00,No,Amazon,instagram
Regular,2026-05-03,08:36:00,Yes,Target,google
Regular,2026-05-03,09:39:00,No,Walmart,email
Regular,2026-05-03,10:42:00,Yes,PetSmart,facebook
Regular,2026-05-03,11:45:00,No,Chewy,instagram
Regular,2026-05-03,12:48:00,Yes,Amazon,google
Regular,2026-05-03,13:51:00,No,Target,email
Regular,2026-05-03,14:54:00,Yes,Walmart,facebook
Regular,2026-05-03,15:57:00,No,PetSmart,instagram
Regular,2026-05-03,16:00:00,Yes,Chewy,google
Regular,2026-05-03,17:03:00,No,Amazon,email
Regular,2026-05-03,18:06:00,Yes,Target,facebook
Regular,2026-05-03,19:09:00,No,Walmart,instagram
Regular,2026-05-03,08:12:00,Yes,PetSmart,google
Regular,2026-05-03,09:15:00,No,Chewy,email
Regular,2026-05-03,10:18:00,Yes,Amazon,facebook
Regular,2026-05-03,11:21:00,No,Target,instagram
Regular,2026-05-03,12:24:00,Yes,Walmart,google
Regular,2026-05-03,13:27:00,No,PetSmart,email
Regular,2026-05-03,14:30:00,Yes,Chewy,facebook
Regular,2026-05-03,15:33:00,No,Amazon,instagram
Regular,2026-05-03,16:36:00,Yes,Target,google
Regular,2026-05-03,17:39:00,No,Walmart,email
Regular,2026-05-03,18:42:00,Yes,PetSmart,facebook
Regular,2026-05-03,19:45:00,No,Chewy,instagram
Regular,2026-05-03,08:48:00,Yes,Amazon,google
Regular,2026-05-03,09:51:00,No,Target,email
Regular,2026-05-03,10:54:00,Yes,Walmart,facebook
Regular,2026-05-03,11:57:00,No,PetSmart,instagram
Regular,2026-05-03,12:00:00,Yes,Chewy,google
Regular,2026-05-03,13:03:00,No,Amazon,email
Regular,2026-05-03,14:06:00,Yes,Target,facebook
Regular,2026-05-03,15:09:00,No,Walmart,instagram
Regular,2026-05-03,16:12:00,Yes,PetSmart,google
Regular,2026-05-03,17:15:00,No,Chewy,email
Regular,2026-05-03,18:18:00,Yes,Amazon,facebook
Regular,2026-05-03,19:21:00,No,Target,instagram
Regular,2026-05-03,08:24:00,Yes,Walmart,google
Regular,2026-05-03,09:27:00,No,PetSmart,email
Regular,2026-05-03,10:30:00,Yes,Chewy,facebook
Regular,2026-05-03,11:33:00,No,Amazon,instagram
Regular,2026-05-03,12:36:00,Yes,Target,google
Regular,2026-05-03,13:39:00,No,Walmart,email
Regular,2026-05-03,14:42:00,Yes,PetSmart,facebook
Regular,2026-05-03,15:45:00,No,Chewy,instagram
Regular,2026-05-03,16:48:00,Yes,Amazon,google
Regular,2026-05-03,17:51:00,No,Target,email
Regular,2026-05-03,18:54:00,Yes,Walmart,facebook
Regular,2026-05-03,19:57:00,No,PetSmart,instagram
Regular,2026-05-03,08:00:00,Yes,Chewy,google
Regular,2026-05-03,09:03:00,No,Amazon,email
Regular,2026-05-03,10:06:00,Yes,Target,facebook
Regular,2026-05-03,11:09:00,No,Walmart,instagram
Regular,2026-05-03,12:12:00,Yes,PetSmart,google
Regular,2026-05-03,13:15:00,No,Chewy,email
Regular,2026-05-03,14:18:00,Yes,Amazon,facebook
Regular,2026-05-03,15:21:00,No,Target,instagram
Regular,2026-05-03,16:24:00,Yes,Walmart,google
Regular,2026-05-03,17:27:00,No,PetSmart,email
Regular,2026-05-03,18:30:00,Yes,Chewy,facebook
Regular,2026-05-03,19:33:00,No,Amazon,instagram
Regular,2026-05-03,08:36:00,Yes,Target,google
Regular,2026-05-03,09:39:00,No,Walmart,email
Regular,2026-05-03,10:42:00,Yes,PetSmart,facebook
Regular,2026-05-03,11:45:00,No,Chewy,instagram
Regular,2026-05-03,12:48:00,Yes,Amazon,google
Regular,2026-05-03,13:51:00,No,Target,email
Regular,2026-05-03,14:54:00,Yes,Walmart,facebook
Regular,2026-05-03,15:57:00,No,PetSmart,instagram
Regular,2026-05-03,16:00:00,Yes,Chewy,google
Regular,2026-05-03,17:03:00,No,Amazon,email
Large,2026-05-03,08:00:00,Yes,Chewy,google
Large,2026-05-03,09:03:00,No,Amazon,email
Large,2026-05-03,10:06:00,Yes,Target,facebook
Large,2026-05-03,11:09:00,No,Walmart,instagram
Large,2026-05-03,12:12:00,Yes,PetSmart,google
Large,2026-05-03,13:15:00,No,Chewy,email
Large,2026-05-03,14:18:00,Yes,Amazon,facebook
Large,2026-05-03,15:21:00,No,Target,instagram
Large,2026-05-03,16:24:00,Yes,Walmart,google
Large,2026-05-03,17:27:00,No,PetSmart,email
Large,2026-05-03,18:30:00,Yes,Chewy,facebook
Large,2026-05-03,19:33:00,No,Amazon,instagram
Large,2026-05-03,08:36:00,Yes,Target,google
Large,2026-05-03,09:39:00,No,Walmart,email
Large,2026-05-03,10:42:00,Yes,PetSmart,facebook
Large,2026-05-03,11:45:00,No,Chewy,instagram
Large,2026-05-03,12:48:00,Yes,Amazon,google
Large,2026-05-03,13:51:00,No,Target,email
Large,2026-05-03,14:54:00,Yes,Walmart,facebook
Large,2026-05-03,15:57:00,No,PetSmart,instagram
Large,2026-05-03,16:00:00,Yes,Chewy,google
Large,2026-05-03,17:03:00,No,Amazon,email
Large,2026-05-03,18:06:00,Yes,Target,facebook
Large,2026-05-03,19:09:00,No,Walmart,instagram
Large,2026-05-03,08:12:00,Yes,PetSmart,google
Large,2026-05-03,09:15:00,No,Chewy,email
Large,2026-05-03,10:18:00,Yes,Amazon,facebook
Large,2026-05-03,11:21:00,No,Target,instagram
Large,2026-05-03,12:24:00,Yes,Walmart,google
Large,2026-05-03,13:27:00,No,PetSmart,email
Large,2026-05-03,14:30:00,Yes,Chewy,facebook
Large,2026-05-03,15:33:00,No,Amazon,instagram
Large,2026-05-03,16:36:00,Yes,Target,google
Large,2026-05-03,17:39:00,No,Walmart,email
Large,2026-05-03,18:42:00,Yes,PetSmart,facebook
Large,2026-05-03,19:45:00,No,Chewy,instagram
Large,2026-05-03,08:48:00,Yes,Amazon,google
Large,2026-05-03,09:51:00,No,Target,email
Large,2026-05-03,10:54:00,Yes,Walmart,facebook
Large,2026-05-03,11:57:00,No,PetSmart,instagram
Large,2026-05-03,12:00:00,Yes,Chewy,google
Large,2026-05-03,13:03:00,No,Amazon,email
Large,2026-05-03,14:06:00,Yes,Target,facebook
Large,2026-05-03,15:09:00,No,Walmart,instagram
Large,2026-05-03,16:12:00,Yes,PetSmart,google
Large,2026-05-03,17:15:00,No,Chewy,email
Large,2026-05-03,18:18:00,Yes,Amazon,facebook
Large,2026-05-03,19:21:00,No,Target,instagram
Large,2026-05-03,08:24:00,Yes,Walmart,google
Large,2026-05-03,09:27:00,No,PetSmart,email
Large,2026-05-03,10:30:00,Yes,Chewy,facebook
Large,2026-05-03,11:33:00,No,Amazon,instagram
Large,2026-05-03,12:36:00,Yes,Target,google
Large,2026-05-03,13:39:00,No,Walmart,email
Large,2026-05-03,14:42:00,Yes,PetSmart,facebook
Large,2026-05-03,15:45:00,No,Chewy,instagram
Large,2026-05-03,16:48:00,Yes,Amazon,google
Large,2026-05-03,17:51:00,No,Target,email
Large,2026-05-03,18:54:00,Yes,Walmart,facebook
Large,2026-05-03,19:57:00,No,PetSmart,instagram
Large,2026-05-03,08:00:00,Yes,Chewy,google
Large,2026-05-03,09:03:00,No,Amazon,email
Large,2026-05-03,10:06:00,Yes,Target,facebook
Large,2026-05-03,11:09:00,No,Walmart,instagram
Large,2026-05-03,12:12:00,Yes,PetSmart,google
Large,2026-05-03,13:15:00,No,Chewy,email
Large,2026-05-03,14:18:00,Yes,Amazon,facebook
Large,2026-05-03,15:21:00,No,Target,instagram
Large,2026-05-03,16:24:00,Yes,Walmart,google
Large,2026-05-03,17:27:00,No,PetSmart,email
Large,2026-05-03,18:30:00,Yes,Chewy,facebook
Large,2026-05-03,19:33:00,No,Amazon,instagram
Large,2026-05-03,08:36:00,Yes,Target,google
Large,2026-05-03,09:39:00,No,Walmart,email
Large,2026-05-03,10:42:00,Yes,PetSmart,facebook
Large,2026-05-03,11:45:00,No,Chewy,instagram
Large,2026-05-03,12:48:00,Yes,Amazon,google
Large,2026-05-03,13:51:00,No,Target,email
Large,2026-05-03,14:54:00,Yes,Walmart,facebook
Large,2026-05-03,15:57:00,No,PetSmart,instagram
Large,2026-05-03,16:00:00,Yes,Chewy,google
Large,2026-05-03,17:03:00,No,Amazon,email
Large,2026-05-03,18:06:00,Yes,Target,facebook
Large,2026-05-03,19:09:00,No,Walmart,instagram
Large,2026-05-03,08:12:00,Yes,PetSmart,google
Large,2026-05-03,09:15:00,No,Chewy,email
Large,2026-05-03,10:18:00,Yes,Amazon,facebook
Large,2026-05-03,11:21:00,No,Target,instagram
Large,2026-05-03,12:24:00,Yes,Walmart,google
Large,2026-05-03,13:27:00,No,PetSmart,email
Large,2026-05-03,14:30:00,Yes,Chewy,facebook
Large,2026-05-03,15:33:00,No,Amazon,instagram
Large,2026-05-03,16:36:00,Yes,Target,google
Large,2026-05-03,17:39:00,No,Walmart,email
Large,2026-05-03,18:42:00,Yes,PetSmart,facebook
Large,2026-05-03,19:45:00,No,Chewy,instagram
Large,2026-05-03,08:48:00,Yes,Amazon,google
Large,2026-05-03,09:51:00,No,Target,email
Large,2026-05-03,10:54:00,Yes,Walmart,facebook
Large,2026-05-03,11:57:00,No,PetSmart,instagram
Large,2026-05-03,12:00:00,Yes,Chewy,google
Large,2026-05-03,13:03:00,No,Amazon,email
Large,2026-05-03,14:06:00,Yes,Target,facebook
Large,2026-05-03,15:09:00,No,Walmart,instagram
Large,2026-05-03,16:12:00,Yes,PetSmart,google
Large,2026-05-03,17:15:00,No,Chewy,email
Large,2026-05-03,18:18:00,Yes,Amazon,facebook
Large,2026-05-03,19:21:00,No,Target,instagram
Large,2026-05-03,08:24:00,Yes,Walmart,google
Large,2026-05-03,09:27:00,No,PetSmart,email
Large,2026-05-03,10:30:00,Yes,Chewy,facebook
Large,2026-05-03,11:33:00,No,Amazon,instagram
Large,2026-05-03,12:36:00,Yes,Target,google
Large,2026-05-03,13:39:00,No,Walmart,email
Large,2026-05-03,14:42:00,Yes,PetSmart,facebook
Large,2026-05-03,15:45:00,No,Chewy,instagram
Large,2026-05-03,16:48:00,Yes,Amazon,google
Large,2026-05-03,17:51:00,No,Target,email
Large,2026-05-03,18:54:00,Yes,Walmart,facebook
Large,2026-05-03,19:57:00,No,PetSmart,instagram
Large,2026-05-03,08:00:00,Yes,Chewy,google
Large,2026-05-03,09:03:00,No,Amazon,email
Large,2026-05-03,10:06:00,Yes,Target,facebook
Large,2026-05-03,11:09:00,No,Walmart,instagram
Large,2026-05-03,12:12:00,Yes,PetSmart,google
Large,2026-05-03,13:15:00,No,Chewy,email
Large,2026-05-03,14:18:00,Yes,Amazon,facebook
Large,2026-05-03,15:21:00,No,Target,instagram
Large,2026-05-03,16:24:00,Yes,Walmart,google
Large,2026-05-03,17:27:00,No,PetSmart,email
Large,2026-05-03,18:30:00,Yes,Chewy,facebook
Large,2026-05-03,19:33:00,No,Amazon,instagram
Large,2026-05-03,08:36:00,Yes,Target,google
Large,2026-05-03,09:39:00,No,Walmart,email
Large,2026-05-03,10:42:00,Yes,PetSmart,facebook
Large,2026-05-03,11:45:00,No,Chewy,instagram
Large,2026-05-03,12:48:00,Yes,Amazon,google
Large,2026-05-03,13:51:00,No,Target,email
Large,2026-05-03,14:54:00,Yes,Walmart,facebook
Large,2026-05-03,15:57:00,No,PetSmart,instagram
Large,2026-05-03,16:00:00,Yes,Chewy,google
Large,2026-05-03,17:03:00,No,Amazon,email
Large,2026-05-03,18:06:00,Yes,Target,facebook
Large,2026-05-03,19:09:00,No,Walmart,instagram
Large,2026-05-03,08:12:00,Yes,PetSmart,google
Large,2026-05-03,09:15:00,No,Chewy,email
Large,2026-05-03,10:18:00,Yes,Amazon,facebook
Large,2026-05-03,11:21:00,No,Target,instagram
Large,2026-05-03,12:24:00,Yes,Walmart,google
Large,2026-05-03,13:27:00,No,PetSmart,email
Large,2026-05-03,14:30:00,Yes,Chewy,facebook
Large,2026-05-03,15:33:00,No,Amazon,instagram
Large,2026-05-03,16:36:00,Yes,Target,google
Large,2026-05-03,17:39:00,No,Walmart,email
Large,2026-05-03,18:42:00,Yes,PetSmart,facebook
Large,2026-05-03,19:45:00,No,Chewy,instagram
Large,2026-05-03,08:48:00,Yes,Amazon,google
Large,2026-05-03,09:51:00,No,Target,email
Large,2026-05-03,10:54:00,Yes,Walmart,facebook
Large,2026-05-03,11:57:00,No,PetSmart,instagram
Large,2026-05-03,12:00:00,Yes,Chewy,google
Large,2026-05-03,13:03:00,No,Amazon,email
Large,2026-05-03,14:06:00,Yes,Target,facebook
Large,2026-05-03,15:09:00,No,Walmart,instagram
Large,2026-05-03,16:12:00,Yes,PetSmart,google
Large,2026-05-03,17:15:00,No,Chewy,email
Large,2026-05-03,18:18:00,Yes,Amazon,facebook
Large,2026-05-03,19:21:00,No,Target,instagram
Large,2026-05-03,08:24:00,Yes,Walmart,google
Large,2026-05-03,09:27:00,No,PetSmart,email
Large,2026-05-03,10:30:00,Yes,Chewy,facebook
Large,2026-05-03,11:33:00,No,Amazon,instagram
Large,2026-05-03,12:36:00,Yes,Target,google
Large,2026-05-03,13:39:00,No,Walmart,email
Large,2026-05-03,14:42:00,Yes,PetSmart,facebook
Large,2026-05-03,15:45:00,No,Chewy,instagram
Large,2026-05-03,16:48:00,Yes,Amazon,google
Large,2026-05-03,17:51:00,No,Target,email
Large,2026-05-03,18:54:00,Yes,Walmart,facebook
Large,2026-05-03,19:57:00,No,PetSmart,instagram
Large,2026-05-03,08:00:00,Yes,Chewy,google
Large,2026-05-03,09:03:00,No,Amazon,email
TEENIE,2026-05-04,08:00:00,No,Amazon,email
TEENIE,2026-05-04,09:03:00,Yes,Target,facebook
TEENIE,2026-05-04,10:06:00,No,Walmart,instagram
TEENIE,2026-05-04,11:09:00,Yes,PetSmart,google
TEENIE,2026-05-04,12:12:00,No,Chewy,email
TEENIE,2026-05-04,13:15:00,Yes,Amazon,facebook
TEENIE,2026-05-04,14:18:00,No,Target,instagram
TEENIE,2026-05-04,15:21:00,Yes,Walmart,google
TEENIE,2026-05-04,16:24:00,No,PetSmart,email
TEENIE,2026-05-04,17:27:00,Yes,Chewy,facebook
TEENIE,2026-05-04,18:30:00,No,Amazon,instagram
TEENIE,2026-05-04,19:33:00,Yes,Target,google
TEENIE,2026-05-04,08:36:00,No,Walmart,email
TEENIE,2026-05-04,09:39:00,Yes,PetSmart,facebook
TEENIE,2026-05-04,10:42:00,No,Chewy,instagram
TEENIE,2026-05-04,11:45:00,Yes,Amazon,google
TEENIE,2026-05-04,12:48:00,No,Target,email
TEENIE,2026-05-04,13:51:00,Yes,Walmart,facebook
TEENIE,2026-05-04,14:54:00,No,PetSmart,instagram
TEENIE,2026-05-04,15:57:00,Yes,Chewy,google
TEENIE,2026-05-04,16:00:00,No,Amazon,email
TEENIE,2026-05-04,17:03:00,Yes,Target,facebook
TEENIE,2026-05-04,18:06:00,No,Walmart,instagram
TEENIE,2026-05-04,19:09:00,Yes,PetSmart,google
TEENIE,2026-05-04,08:12:00,No,Chewy,email
TEENIE,2026-05-04,09:15:00,Yes,Amazon,facebook
TEENIE,2026-05-04,10:18:00,No,Target,instagram
TEENIE,2026-05-04,11:21:00,Yes,Walmart,google
TEENIE,2026-05-04,12:24:00,No,PetSmart,email
TEENIE,2026-05-04,13:27:00,Yes,Chewy,facebook
TEENIE,2026-05-04,14:30:00,No,Amazon,instagram
TEENIE,2026-05-04,15:33:00,Yes,Target,google
TEENIE,2026-05-04,16:36:00,No,Walmart,email
TEENIE,2026-05-04,17:39:00,Yes,PetSmart,facebook
TEENIE,2026-05-04,18:42:00,No,Chewy,instagram
TEENIE,2026-05-04,19:45:00,Yes,Amazon,google
TEENIE,2026-05-04,08:48:00,No,Target,email
TEENIE,2026-05-04,09:51:00,Yes,Walmart,facebook
TEENIE,2026-05-04,10:54:00,No,PetSmart,instagram
TEENIE,2026-05-04,11:57:00,Yes,Chewy,google
TEENIE,2026-05-04,12:00:00,No,Amazon,email
TEENIE,2026-05-04,13:03:00,Yes,Target,facebook
TEENIE,2026-05-04,14:06:00,No,Walmart,instagram
TEENIE,2026-05-04,15:09:00,Yes,PetSmart,google
TEENIE,2026-05-04,16:12:00,No,Chewy,email
TEENIE,2026-05-04,17:15:00,Yes,Amazon,facebook
TEENIE,2026-05-04,18:18:00,No,Target,instagram
TEENIE,2026-05-04,19:21:00,Yes,Walmart,google
TEENIE,2026-05-04,08:24:00,No,PetSmart,email
TEENIE,2026-05-04,09:27:00,Yes,Chewy,facebook
TEENIE,2026-05-04,10:30:00,No,Amazon,instagram
TEENIE,2026-05-04,11:33:00,Yes,Target,google
TEENIE,2026-05-04,12:36:00,No,Walmart,email
TEENIE,2026-05-04,13:39:00,Yes,PetSmart,facebook
TEENIE,2026-05-04,14:42:00,No,Chewy,instagram
TEENIE,2026-05-04,15:45:00,Yes,Amazon,google
TEENIE,2026-05-04,16:48:00,No,Target,email
TEENIE,2026-05-04,17:51:00,Yes,Walmart,facebook
TEENIE,2026-05-04,18:54:00,No,PetSmart,instagram
TEENIE,2026-05-04,19:57:00,Yes,Chewy,google
TEENIE,2026-05-04,08:00:00,No,Amazon,email
TEENIE,2026-05-04,09:03:00,Yes,Target,facebook
TEENIE,2026-05-04,10:06:00,No,Walmart,instagram
TEENIE,2026-05-04,11:09:00,Yes,PetSmart,google
TEENIE,2026-05-04,12:12:00,No,Chewy,email
TEENIE,2026-05-04,13:15:00,Yes,Amazon,facebook
TEENIE,2026-05-04,14:18:00,No,Target,instagram
TEENIE,2026-05-04,15:21:00,Yes,Walmart,google
TEENIE,2026-05-04,16:24:00,No,PetSmart,email
TEENIE,2026-05-04,17:27:00,Yes,Chewy,facebook
TEENIE,2026-05-04,18:30:00,No,Amazon,instagram
TEENIE,2026-05-04,19:33:00,Yes,Target,google
TEENIE,2026-05-04,08:36:00,No,Walmart,email
TEENIE,2026-05-04,09:39:00,Yes,PetSmart,facebook
TEENIE,2026-05-04,10:42:00,No,Chewy,instagram
TEENIE,2026-05-04,11:45:00,Yes,Amazon,google
TEENIE,2026-05-04,12:48:00,No,Target,email
TEENIE,2026-05-04,13:51:00,Yes,Walmart,facebook
TEENIE,2026-05-04,14:54:00,No,PetSmart,instagram
TEENIE,2026-05-04,15:57:00,Yes,Chewy,google
TEENIE,2026-05-04,16:00:00,No,Amazon,email
TEENIE,2026-05-04,17:03:00,Yes,Target,facebook
TEENIE,2026-05-04,18:06:00,No,Walmart,instagram
TEENIE,2026-05-04,19:09:00,Yes,PetSmart,google
TEENIE,2026-05-04,08:12:00,No,Chewy,email
TEENIE,2026-05-04,09:15:00,Yes,Amazon,facebook
TEENIE,2026-05-04,10:18:00,No,Target,instagram
TEENIE,2026-05-04,11:21:00,Yes,Walmart,google
TEENIE,2026-05-04,12:24:00,No,PetSmart,email
TEENIE,2026-05-04,13:27:00,Yes,Chewy,facebook
TEENIE,2026-05-04,14:30:00,No,Amazon,instagram
TEENIE,2026-05-04,15:33:00,Yes,Target,google
TEENIE,2026-05-04,16:36:00,No,Walmart,email
TEENIE,2026-05-04,17:39:00,Yes,PetSmart,facebook
TEENIE,2026-05-04,18:42:00,No,Chewy,instagram
TEENIE,2026-05-04,19:45:00,Yes,Amazon,google
TEENIE,2026-05-04,08:48:00,No,Target,email
TEENIE,2026-05-04,09:51:00,Yes,Walmart,facebook
TEENIE,2026-05-04,10:54:00,No,PetSmart,instagram
TEENIE,2026-05-04,11:57:00,Yes,Chewy,google
TEENIE,2026-05-04,12:00:00,No,Amazon,email
TEENIE,2026-05-04,13:03:00,Yes,Target,facebook
TEENIE,2026-05-04,14:06:00,No,Walmart,instagram
TEENIE,2026-05-04,15:09:00,Yes,PetSmart,google
TEENIE,2026-05-04,16:12:00,No,Chewy,email
TEENIE,2026-05-04,17:15:00,Yes,Amazon,facebook
TEENIE,2026-05-04,18:18:00,No,Target,instagram
TEENIE,2026-05-04,19:21:00,Yes,Walmart,google
TEENIE,2026-05-04,08:24:00,No,PetSmart,email
TEENIE,2026-05-04,09:27:00,Yes,Chewy,facebook
TEENIE,2026-05-04,10:30:00,No,Amazon,instagram
TEENIE,2026-05-04,11:33:00,Yes,Target,google
TEENIE,2026-05-04,12:36:00,No,Walmart,email
TEENIE,2026-05-04,13:39:00,Yes,PetSmart,facebook
TEENIE,2026-05-04,14:42:00,No,Chewy,instagram
TEENIE,2026-05-04,15:45:00,Yes,Amazon,google
TEENIE,2026-05-04,16:48:00,No,Target,email
TEENIE,2026-05-04,17:51:00,Yes,Walmart,facebook
TEENIE,2026-05-04,18:54:00,No,PetSmart,instagram
TEENIE,2026-05-04,19:57:00,Yes,Chewy,google
TEENIE,2026-05-04,08:00:00,No,Amazon,email
TEENIE,2026-05-04,09:03:00,Yes,Target,facebook
TEENIE,2026-05-04,10:06:00,No,Walmart,instagram
TEENIE,2026-05-04,11:09:00,Yes,PetSmart,google
TEENIE,2026-05-04,12:12:00,No,Chewy,email
TEENIE,2026-05-04,13:15:00,Yes,Amazon,facebook
TEENIE,2026-05-04,14:18:00,No,Target,instagram
TEENIE,2026-05-04,15:21:00,Yes,Walmart,google
TEENIE,2026-05-04,16:24:00,No,PetSmart,email
Petite,2026-05-04,08:00:00,No,Amazon,email
Petite,2026-05-04,09:03:00,Yes,Target,facebook
Petite,2026-05-04,10:06:00,No,Walmart,instagram
Petite,2026-05-04,11:09:00,Yes,PetSmart,google
Petite,2026-05-04,12:12:00,No,Chewy,email
Petite,2026-05-04,13:15:00,Yes,Amazon,facebook
Petite,2026-05-04,14:18:00,No,Target,instagram
Petite,2026-05-04,15:21:00,Yes,Walmart,google
Petite,2026-05-04,16:24:00,No,PetSmart,email
Petite,2026-05-04,17:27:00,Yes,Chewy,facebook
Petite,2026-05-04,18:30:00,No,Amazon,instagram
Petite,2026-05-04,19:33:00,Yes,Target,google
Petite,2026-05-04,08:36:00,No,Walmart,email
Petite,2026-05-04,09:39:00,Yes,PetSmart,facebook
Petite,2026-05-04,10:42:00,No,Chewy,instagram
Petite,2026-05-04,11:45:00,Yes,Amazon,google
Petite,2026-05-04,12:48:00,No,Target,email
Petite,2026-05-04,13:51:00,Yes,Walmart,facebook
Petite,2026-05-04,14:54:00,No,PetSmart,instagram
Petite,2026-05-04,15:57:00,Yes,Chewy,google
Petite,2026-05-04,16:00:00,No,Amazon,email
Petite,2026-05-04,17:03:00,Yes,Target,facebook
Petite,2026-05-04,18:06:00,No,Walmart,instagram
Petite,2026-05-04,19:09:00,Yes,PetSmart,google
Petite,2026-05-04,08:12:00,No,Chewy,email
Petite,2026-05-04,09:15:00,Yes,Amazon,facebook
Petite,2026-05-04,10:18:00,No,Target,instagram
Petite,2026-05-04,11:21:00,Yes,Walmart,google
Petite,2026-05-04,12:24:00,No,PetSmart,email
Petite,2026-05-04,13:27:00,Yes,Chewy,facebook
Petite,2026-05-04,14:30:00,No,Amazon,instagram
Petite,2026-05-04,15:33:00,Yes,Target,google
Petite,2026-05-04,16:36:00,No,Walmart,email
Petite,2026-05-04,17:39:00,Yes,PetSmart,facebook
Petite,2026-05-04,18:42:00,No,Chewy,instagram
Petite,2026-05-04,19:45:00,Yes,Amazon,google
Petite,2026-05-04,08:48:00,No,Target,email
Petite,2026-05-04,09:51:00,Yes,Walmart,facebook
Petite,2026-05-04,10:54:00,No,PetSmart,instagram
Petite,2026-05-04,11:57:00,Yes,Chewy,google
Petite,2026-05-04,12:00:00,No,Amazon,email
Petite,2026-05-04,13:03:00,Yes,Target,facebook
Petite,2026-05-04,14:06:00,No,Walmart,instagram
Petite,2026-05-04,15:09:00,Yes,PetSmart,google
Petite,2026-05-04,16:12:00,No,Chewy,email
Petite,2026-05-04,17:15:00,Yes,Amazon,facebook
Petite,2026-05-04,18:18:00,No,Target,instagram
Petite,2026-05-04,19:21:00,Yes,Walmart,google
Petite,2026-05-04,08:24:00,No,PetSmart,email
Petite,2026-05-04,09:27:00,Yes,Chewy,facebook
Petite,2026-05-04,10:30:00,No,Amazon,instagram
Petite,2026-05-04,11:33:00,Yes,Target,google
Petite,2026-05-04,12:36:00,No,Walmart,email
Petite,2026-05-04,13:39:00,Yes,PetSmart,facebook
Petite,2026-05-04,14:42:00,No,Chewy,instagram
Petite,2026-05-04,15:45:00,Yes,Amazon,google
Petite,2026-05-04,16:48:00,No,Target,email
Petite,2026-05-04,17:51:00,Yes,Walmart,facebook
Petite,2026-05-04,18:54:00,No,PetSmart,instagram
Petite,2026-05-04,19:57:00,Yes,Chewy,google
Petite,2026-05-04,08:00:00,No,Amazon,email
Petite,2026-05-04,09:03:00,Yes,Target,facebook
Petite,2026-05-04,10:06:00,No,Walmart,instagram
Petite,2026-05-04,11:09:00,Yes,PetSmart,google
Petite,2026-05-04,12:12:00,No,Chewy,email
Petite,2026-05-04,13:15:00,Yes,Amazon,facebook
Petite,2026-05-04,14:18:00,No,Target,instagram
Petite,2026-05-04,15:21:00,Yes,Walmart,google
Petite,2026-05-04,16:24:00,No,PetSmart,email
Petite,2026-05-04,17:27:00,Yes,Chewy,facebook
Petite,2026-05-04,18:30:00,No,Amazon,instagram
Petite,2026-05-04,19:33:00,Yes,Target,google
Petite,2026-05-04,08:36:00,No,Walmart,email
Petite,2026-05-04,09:39:00,Yes,PetSmart,facebook
Petite,2026-05-04,10:42:00,No,Chewy,instagram
Petite,2026-05-04,11:45:00,Yes,Amazon,google
Petite,2026-05-04,12:48:00,No,Target,email
Petite,2026-05-04,13:51:00,Yes,Walmart,facebook
Petite,2026-05-04,14:54:00,No,PetSmart,instagram
Petite,2026-05-04,15:57:00,Yes,Chewy,google
Petite,2026-05-04,16:00:00,No,Amazon,email
Petite,2026-05-04,17:03:00,Yes,Target,facebook
Petite,2026-05-04,18:06:00,No,Walmart,instagram
Petite,2026-05-04,19:09:00,Yes,PetSmart,google
Petite,2026-05-04,08:12:00,No,Chewy,email
Petite,2026-05-04,09:15:00,Yes,Amazon,facebook
Petite,2026-05-04,10:18:00,No,Target,instagram
Petite,2026-05-04,11:21:00,Yes,Walmart,google
Petite,2026-05-04,12:24:00,No,PetSmart,email
Petite,2026-05-04,13:27:00,Yes,Chewy,facebook
Petite,2026-05-04,14:30:00,No,Amazon,instagram
Petite,2026-05-04,15:33:00,Yes,Target,google
Petite,2026-05-04,16:36:00,No,Walmart,email
Petite,2026-05-04,17:39:00,Yes,PetSmart,facebook
Petite,2026-05-04,18:42:00,No,Chewy,instagram
Petite,2026-05-04,19:45:00,Yes,Amazon,google
Petite,2026-05-04,08:48:00,No,Target,email
Petite,2026-05-04,09:51:00,Yes,Walmart,facebook
Petite,2026-05-04,10:54:00,No,PetSmart,instagram
Regular,2026-05-04,08:00:00,No,Amazon,email
Regular,2026-05-04,09:03:00,Yes,Target,facebook
Regular,2026-05-04,10:06:00,No,Walmart,instagram
Regular,2026-05-04,11:09:00,Yes,PetSmart,google
Regular,2026-05-04,12:12:00,No,Chewy,email
Regular,2026-05-04,13:15:00,Yes,Amazon,facebook
Regular,2026-05-04,14:18:00,No,Target,instagram
Regular,2026-05-04,15:21:00,Yes,Walmart,google
Regular,2026-05-04,16:24:00,No,PetSmart,email
Regular,2026-05-04,17:27:00,Yes,Chewy,facebook
Regular,2026-05-04,18:30:00,No,Amazon,instagram
Regular,2026-05-04,19:33:00,Yes,Target,google
Regular,2026-05-04,08:36:00,No,Walmart,email
Regular,2026-05-04,09:39:00,Yes,PetSmart,facebook
Regular,2026-05-04,10:42:00,No,Chewy,instagram
Regular,2026-05-04,11:45:00,Yes,Amazon,google
Regular,2026-05-04,12:48:00,No,Target,email
Regular,2026-05-04,13:51:00,Yes,Walmart,facebook
Regular,2026-05-04,14:54:00,No,PetSmart,instagram
Regular,2026-05-04,15:57:00,Yes,Chewy,google
Regular,2026-05-04,16:00:00,No,Amazon,email
Regular,2026-05-04,17:03:00,Yes,Target,facebook
Regular,2026-05-04,18:06:00,No,Walmart,instagram
Regular,2026-05-04,19:09:00,Yes,PetSmart,google
Regular,2026-05-04,08:12:00,No,Chewy,email
Regular,2026-05-04,09:15:00,Yes,Amazon,facebook
Regular,2026-05-04,10:18:00,No,Target,instagram
Regular,2026-05-04,11:21:00,Yes,Walmart,google
Regular,2026-05-04,12:24:00,No,PetSmart,email
Regular,2026-05-04,13:27:00,Yes,Chewy,facebook
Regular,2026-05-04,14:30:00,No,Amazon,instagram
Regular,2026-05-04,15:33:00,Yes,Target,google
Regular,2026-05-04,16:36:00,No,Walmart,email
Regular,2026-05-04,17:39:00,Yes,PetSmart,facebook
Regular,2026-05-04,18:42:00,No,Chewy,instagram
Regular,2026-05-04,19:45:00,Yes,Amazon,google
Regular,2026-05-04,08:48:00,No,Target,email
Regular,2026-05-04,09:51:00,Yes,Walmart,facebook
Regular,2026-05-04,10:54:00,No,PetSmart,instagram
Regular,2026-05-04,11:57:00,Yes,Chewy,google
Regular,2026-05-04,12:00:00,No,Amazon,email
Regular,2026-05-04,13:03:00,Yes,Target,facebook
Regular,2026-05-04,14:06:00,No,Walmart,instagram
Regular,2026-05-04,15:09:00,Yes,PetSmart,google
Regular,2026-05-04,16:12:00,No,Chewy,email
Regular,2026-05-04,17:15:00,Yes,Amazon,facebook
Regular,2026-05-04,18:18:00,No,Target,instagram
Regular,2026-05-04,19:21:00,Yes,Walmart,google
Regular,2026-05-04,08:24:00,No,PetSmart,email
Regular,2026-05-04,09:27:00,Yes,Chewy,facebook
Regular,2026-05-04,10:30:00,No,Amazon,instagram
Regular,2026-05-04,11:33:00,Yes,Target,google
Regular,2026-05-04,12:36:00,No,Walmart,email
Regular,2026-05-04,13:39:00,Yes,PetSmart,facebook
Regular,2026-05-04,14:42:00,No,Chewy,instagram
Regular,2026-05-04,15:45:00,Yes,Amazon,google
Regular,2026-05-04,16:48:00,No,Target,email
Regular,2026-05-04,17:51:00,Yes,Walmart,facebook
Regular,2026-05-04,18:54:00,No,PetSmart,instagram
Regular,2026-05-04,19:57:00,Yes,Chewy,google
Regular,2026-05-04,08:00:00,No,Amazon,email
Regular,2026-05-04,09:03:00,Yes,Target,facebook
Regular,2026-05-04,10:06:00,No,Walmart,instagram
Regular,2026-05-04,11:09:00,Yes,PetSmart,google
Regular,2026-05-04,12:12:00,No,Chewy,email
Regular,2026-05-04,13:15:00,Yes,Amazon,facebook
Regular,2026-05-04,14:18:00,No,Target,instagram
Regular,2026-05-04,15:21:00,Yes,Walmart,google
Regular,2026-05-04,16:24:00,No,PetSmart,email
Regular,2026-05-04,17:27:00,Yes,Chewy,facebook
Regular,2026-05-04,18:30:00,No,Amazon,instagram
Regular,2026-05-04,19:33:00,Yes,Target,google
Regular,2026-05-04,08:36:00,No,Walmart,email
Regular,2026-05-04,09:39:00,Yes,PetSmart,facebook
Regular,2026-05-04,10:42:00,No,Chewy,instagram
Regular,2026-05-04,11:45:00,Yes,Amazon,google
Regular,2026-05-04,12:48:00,No,Target,email
Regular,2026-05-04,13:51:00,Yes,Walmart,facebook
Regular,2026-05-04,14:54:00,No,PetSmart,instagram
Regular,2026-05-04,15:57:00,Yes,Chewy,google
Regular,2026-05-04,16:00:00,No,Amazon,email
Regular,2026-05-04,17:03:00,Yes,Target,facebook
Regular,2026-05-04,18:06:00,No,Walmart,instagram
Regular,2026-05-04,19:09:00,Yes,PetSmart,google
Regular,2026-05-04,08:12:00,No,Chewy,email
Regular,2026-05-04,09:15:00,Yes,Amazon,facebook
Regular,2026-05-04,10:18:00,No,Target,instagram
Regular,2026-05-04,11:21:00,Yes,Walmart,google
Regular,2026-05-04,12:24:00,No,PetSmart,email
Regular,2026-05-04,13:27:00,Yes,Chewy,facebook
Regular,2026-05-04,14:30:00,No,Amazon,instagram
Regular,2026-05-04,15:33:00,Yes,Target,google
Regular,2026-05-04,16:36:00,No,Walmart,email
Regular,2026-05-04,17:39:00,Yes,PetSmart,facebook
Regular,2026-05-04,18:42:00,No,Chewy,instagram
Regular,2026-05-04,19:45:00,Yes,Amazon,google
Regular,2026-05-04,08:48:00,No,Target,email
Regular,2026-05-04,09:51:00,Yes,Walmart,facebook
Regular,2026-05-04,10:54:00,No,PetSmart,instagram
Regular,2026-05-04,11:57:00,Yes,Chewy,google
Regular,2026-05-04,12:00:00,No,Amazon,email
Regular,2026-05-04,13:03:00,Yes,Target,facebook
Regular,2026-05-04,14:06:00,No,Walmart,instagram
Regular,2026-05-04,15:09:00,Yes,PetSmart,google
Regular,2026-05-04,16:12:00,No,Chewy,email
Regular,2026-05-04,17:15:00,Yes,Amazon,facebook
Regular,2026-05-04,18:18:00,No,Target,instagram
Regular,2026-05-04,19:21:00,Yes,Walmart,google
Regular,2026-05-04,08:24:00,No,PetSmart,email
Regular,2026-05-04,09:27:00,Yes,Chewy,facebook
Regular,2026-05-04,10:30:00,No,Amazon,instagram
Regular,2026-05-04,11:33:00,Yes,Target,google
Regular,2026-05-04,12:36:00,No,Walmart,email
Regular,2026-05-04,13:39:00,Yes,PetSmart,facebook
Regular,2026-05-04,14:42:00,No,Chewy,instagram
Regular,2026-05-04,15:45:00,Yes,Amazon,google
Regular,2026-05-04,16:48:00,No,Target,email
Regular,2026-05-04,17:51:00,Yes,Walmart,facebook
Regular,2026-05-04,18:54:00,No,PetSmart,instagram
Regular,2026-05-04,19:57:00,Yes,Chewy,google
Regular,2026-05-04,08:00:00,No,Amazon,email
Regular,2026-05-04,09:03:00,Yes,Target,facebook
Regular,2026-05-04,10:06:00,No,Walmart,instagram
Regular,2026-05-04,11:09:00,Yes,PetSmart,google
Regular,2026-05-04,12:12:00,No,Chewy,email
Regular,2026-05-04,13:15:00,Yes,Amazon,facebook
Regular,2026-05-04,14:18:00,No,Target,instagram
Regular,2026-05-04,15:21:00,Yes,Walmart,google
Regular,2026-05-04,16:24:00,No,PetSmart,email
Regular,2026-05-04,17:27:00,Yes,Chewy,facebook
Regular,2026-05-04,18:30:00,No,Amazon,instagram
Regular,2026-05-04,19:33:00,Yes,Target,google
Regular,2026-05-04,08:36:00,No,Walmart,email
Regular,2026-05-04,09:39:00,Yes,PetSmart,facebook
Regular,2026-05-04,10:42:00,No,Chewy,instagram
Regular,2026-05-04,11:45:00,Yes,Amazon,google
Regular,2026-05-04,12:48:00,No,Target,email
Regular,2026-05-04,13:51:00,Yes,Walmart,facebook
Regular,2026-05-04,14:54:00,No,PetSmart,instagram
Regular,2026-05-04,15:57:00,Yes,Chewy,google
Regular,2026-05-04,16:00:00,No,Amazon,email
Regular,2026-05-04,17:03:00,Yes,Target,facebook
Regular,2026-05-04,18:06:00,No,Walmart,instagram
Regular,2026-05-04,19:09:00,Yes,PetSmart,google
Regular,2026-05-04,08:12:00,No,Chewy,email
Regular,2026-05-04,09:15:00,Yes,Amazon,facebook
Regular,2026-05-04,10:18:00,No,Target,instagram
Regular,2026-05-04,11:21:00,Yes,Walmart,google
Regular,2026-05-04,12:24:00,No,PetSmart,email
Large,2026-05-04,08:00:00,No,Amazon,email
Large,2026-05-04,09:03:00,Yes,Target,facebook
Large,2026-05-04,10:06:00,No,Walmart,instagram
Large,2026-05-04,11:09:00,Yes,PetSmart,google
Large,2026-05-04,12:12:00,No,Chewy,email
Large,2026-05-04,13:15:00,Yes,Amazon,facebook
Large,2026-05-04,14:18:00,No,Target,instagram
Large,2026-05-04,15:21:00,Yes,Walmart,google
Large,2026-05-04,16:24:00,No,PetSmart,email
Large,2026-05-04,17:27:00,Yes,Chewy,facebook
Large,2026-05-04,18:30:00,No,Amazon,instagram
Large,2026-05-04,19:33:00,Yes,Target,google
Large,2026-05-04,08:36:00,No,Walmart,email
Large,2026-05-04,09:39:00,Yes,PetSmart,facebook
Large,2026-05-04,10:42:00,No,Chewy,instagram
Large,2026-05-04,11:45:00,Yes,Amazon,google
Large,2026-05-04,12:48:00,No,Target,email
Large,2026-05-04,13:51:00,Yes,Walmart,facebook
Large,2026-05-04,14:54:00,No,PetSmart,instagram
Large,2026-05-04,15:57:00,Yes,Chewy,google
Large,2026-05-04,16:00:00,No,Amazon,email
Large,2026-05-04,17:03:00,Yes,Target,facebook
Large,2026-05-04,18:06:00,No,Walmart,instagram
Large,2026-05-04,19:09:00,Yes,PetSmart,google
Large,2026-05-04,08:12:00,No,Chewy,email
Large,2026-05-04,09:15:00,Yes,Amazon,facebook
Large,2026-05-04,10:18:00,No,Target,instagram
Large,2026-05-04,11:21:00,Yes,Walmart,google
Large,2026-05-04,12:24:00,No,PetSmart,email
Large,2026-05-04,13:27:00,Yes,Chewy,facebook
Large,2026-05-04,14:30:00,No,Amazon,instagram
Large,2026-05-04,15:33:00,Yes,Target,google
Large,2026-05-04,16:36:00,No,Walmart,email
Large,2026-05-04,17:39:00,Yes,PetSmart,facebook
Large,2026-05-04,18:42:00,No,Chewy,instagram
Large,2026-05-04,19:45:00,Yes,Amazon,google
Large,2026-05-04,08:48:00,No,Target,email
Large,2026-05-04,09:51:00,Yes,Walmart,facebook
Large,2026-05-04,10:54:00,No,PetSmart,instagram
Large,2026-05-04,11:57:00,Yes,Chewy,google
Large,2026-05-04,12:00:00,No,Amazon,email
Large,2026-05-04,13:03:00,Yes,Target,facebook
Large,2026-05-04,14:06:00,No,Walmart,instagram
Large,2026-05-04,15:09:00,Yes,PetSmart,google
Large,2026-05-04,16:12:00,No,Chewy,email
Large,2026-05-04,17:15:00,Yes,Amazon,facebook
Large,2026-05-04,18:18:00,No,Target,instagram
Large,2026-05-04,19:21:00,Yes,Walmart,google
Large,2026-05-04,08:24:00,No,PetSmart,email
Large,2026-05-04,09:27:00,Yes,Chewy,facebook
Large,2026-05-04,10:30:00,No,Amazon,instagram
Large,2026-05-04,11:33:00,Yes,Target,google
Large,2026-05-04,12:36:00,No,Walmart,email
Large,2026-05-04,13:39:00,Yes,PetSmart,facebook
Large,2026-05-04,14:42:00,No,Chewy,instagram
Large,2026-05-04,15:45:00,Yes,Amazon,google
Large,2026-05-04,16:48:00,No,Target,email
Large,2026-05-04,17:51:00,Yes,Walmart,facebook
Large,2026-05-04,18:54:00,No,PetSmart,instagram
Large,2026-05-04,19:57:00,Yes,Chewy,google
Large,2026-05-04,08:00:00,No,Amazon,email
Large,2026-05-04,09:03:00,Yes,Target,facebook
Large,2026-05-04,10:06:00,No,Walmart,instagram
Large,2026-05-04,11:09:00,Yes,PetSmart,google
Large,2026-05-04,12:12:00,No,Chewy,email
Large,2026-05-04,13:15:00,Yes,Amazon,facebook
Large,2026-05-04,14:18:00,No,Target,instagram
Large,2026-05-04,15:21:00,Yes,Walmart,google
Large,2026-05-04,16:24:00,No,PetSmart,email
Large,2026-05-04,17:27:00,Yes,Chewy,facebook
Large,2026-05-04,18:30:00,No,Amazon,instagram
Large,2026-05-04,19:33:00,Yes,Target,google
Large,2026-05-04,08:36:00,No,Walmart,email
Large,2026-05-04,09:39:00,Yes,PetSmart,facebook
Large,2026-05-04,10:42:00,No,Chewy,instagram
Large,2026-05-04,11:45:00,Yes,Amazon,google
Large,2026-05-04,12:48:00,No,Target,email
Large,2026-05-04,13:51:00,Yes,Walmart,facebook
Large,2026-05-04,14:54:00,No,PetSmart,instagram
Large,2026-05-04,15:57:00,Yes,Chewy,google
Large,2026-05-04,16:00:00,No,Amazon,email
Large,2026-05-04,17:03:00,Yes,Target,facebook
Large,2026-05-04,18:06:00,No,Walmart,instagram
Large,2026-05-04,19:09:00,Yes,PetSmart,google
Large,2026-05-04,08:12:00,No,Chewy,email
Large,2026-05-04,09:15:00,Yes,Amazon,facebook
Large,2026-05-04,10:18:00,No,Target,instagram
Large,2026-05-04,11:21:00,Yes,Walmart,google
Large,2026-05-04,12:24:00,No,PetSmart,email
Large,2026-05-04,13:27:00,Yes,Chewy,facebook
Large,2026-05-04,14:30:00,No,Amazon,instagram
Large,2026-05-04,15:33:00,Yes,Target,google
Large,2026-05-04,16:36:00,No,Walmart,email
Large,2026-05-04,17:39:00,Yes,PetSmart,facebook
Large,2026-05-04,18:42:00,No,Chewy,instagram
Large,2026-05-04,19:45:00,Yes,Amazon,google
Large,2026-05-04,08:48:00,No,Target,email
Large,2026-05-04,09:51:00,Yes,Walmart,facebook
Large,2026-05-04,10:54:00,No,PetSmart,instagram
Large,2026-05-04,11:57:00,Yes,Chewy,google
Large,2026-05-04,12:00:00,No,Amazon,email
Large,2026-05-04,13:03:00,Yes,Target,facebook
Large,2026-05-04,14:06:00,No,Walmart,instagram
Large,2026-05-04,15:09:00,Yes,PetSmart,google
Large,2026-05-04,16:12:00,No,Chewy,email
Large,2026-05-04,17:15:00,Yes,Amazon,facebook
Large,2026-05-04,18:18:00,No,Target,instagram
Large,2026-05-04,19:21:00,Yes,Walmart,google
Large,2026-05-04,08:24:00,No,PetSmart,email
Large,2026-05-04,09:27:00,Yes,Chewy,facebook
Large,2026-05-04,10:30:00,No,Amazon,instagram
Large,2026-05-04,11:33:00,Yes,Target,google
Large,2026-05-04,12:36:00,No,Walmart,email
Large,2026-05-04,13:39:00,Yes,PetSmart,facebook
Large,2026-05-04,14:42:00,No,Chewy,instagram
Large,2026-05-04,15:45:00,Yes,Amazon,google
Large,2026-05-04,16:48:00,No,Target,email
Large,2026-05-04,17:51:00,Yes,Walmart,facebook
Large,2026-05-04,18:54:00,No,PetSmart,instagram
Large,2026-05-04,19:57:00,Yes,Chewy,google
Large,2026-05-04,08:00:00,No,Amazon,email
Large,2026-05-04,09:03:00,Yes,Target,facebook
Large,2026-05-04,10:06:00,No,Walmart,instagram
Large,2026-05-04,11:09:00,Yes,PetSmart,google
Large,2026-05-04,12:12:00,No,Chewy,email
Large,2026-05-04,13:15:00,Yes,Amazon,facebook
Large,2026-05-04,14:18:00,No,Target,instagram
Large,2026-05-04,15:21:00,Yes,Walmart,google
Large,2026-05-04,16:24:00,No,PetSmart,email
Large,2026-05-04,17:27:00,Yes,Chewy,facebook
Large,2026-05-04,18:30:00,No,Amazon,instagram
Large,2026-05-04,19:33:00,Yes,Target,google
Large,2026-05-04,08:36:00,No,Walmart,email
Large,2026-05-04,09:39:00,Yes,PetSmart,facebook
Large,2026-05-04,10:42:00,No,Chewy,instagram
Large,2026-05-04,11:45:00,Yes,Amazon,google
Large,2026-05-04,12:48:00,No,Target,email
Large,2026-05-04,13:51:00,Yes,Walmart,facebook
Large,2026-05-04,14:54:00,No,PetSmart,instagram
Large,2026-05-04,15:57:00,Yes,Chewy,google
Large,2026-05-04,16:00:00,No,Amazon,email
Large,2026-05-04,17:03:00,Yes,Target,facebook
Large,2026-05-04,18:06:00,No,Walmart,instagram
Large,2026-05-04,19:09:00,Yes,PetSmart,google
Large,2026-05-04,08:12:00,No,Chewy,email
Large,2026-05-04,09:15:00,Yes,Amazon,facebook
Large,2026-05-04,10:18:00,No,Target,instagram
Large,2026-05-04,11:21:00,Yes,Walmart,google
Large,2026-05-04,12:24:00,No,PetSmart,email
Large,2026-05-04,13:27:00,Yes,Chewy,facebook
Large,2026-05-04,14:30:00,No,Amazon,instagram
Large,2026-05-04,15:33:00,Yes,Target,google
Large,2026-05-04,16:36:00,No,Walmart,email
Large,2026-05-04,17:39:00,Yes,PetSmart,facebook
Large,2026-05-04,18:42:00,No,Chewy,instagram
Large,2026-05-04,19:45:00,Yes,Amazon,google
Large,2026-05-04,08:48:00,No,Target,email
Large,2026-05-04,09:51:00,Yes,Walmart,facebook
Large,2026-05-04,10:54:00,No,PetSmart,instagram
Large,2026-05-04,11:57:00,Yes,Chewy,google
Large,2026-05-04,12:00:00,No,Amazon,email
Large,2026-05-04,13:03:00,Yes,Target,facebook
Large,2026-05-04,14:06:00,No,Walmart,instagram
Large,2026-05-04,15:09:00,Yes,PetSmart,google
Large,2026-05-04,16:12:00,No,Chewy,email
Large,2026-05-04,17:15:00,Yes,Amazon,facebook
Large,2026-05-04,18:18:00,No,Target,instagram
Large,2026-05-04,19:21:00,Yes,Walmart,google
Large,2026-05-04,08:24:00,No,PetSmart,email
Large,2026-05-04,09:27:00,Yes,Chewy,facebook
Large,2026-05-04,10:30:00,No,Amazon,instagram
Large,2026-05-04,11:33:00,Yes,Target,google
Large,2026-05-04,12:36:00,No,Walmart,email
Large,2026-05-04,13:39:00,Yes,PetSmart,facebook
Large,2026-05-04,14:42:00,No,Chewy,instagram
Large,2026-05-04,15:45:00,Yes,Amazon,google
Large,2026-05-04,16:48:00,No,Target,email
Large,2026-05-04,17:51:00,Yes,Walmart,facebook
Large,2026-05-04,18:54:00,No,PetSmart,instagram
Large,2026-05-04,19:57:00,Yes,Chewy,google
Large,2026-05-04,08:00:00,No,Amazon,email
Large,2026-05-04,09:03:00,Yes,Target,facebook
Large,2026-05-04,10:06:00,No,Walmart,instagram
Large,2026-05-04,11:09:00,Yes,PetSmart,google
Large,2026-05-04,12:12:00,No,Chewy,email
Large,2026-05-04,13:15:00,Yes,Amazon,facebook
Large,2026-05-04,14:18:00,No,Target,instagram
Large,2026-05-04,15:21:00,Yes,Walmart,google
Large,2026-05-04,16:24:00,No,PetSmart,email
TEENIE,2026-05-05,08:00:00,Yes,Target,facebook
TEENIE,2026-05-05,09:03:00,No,Walmart,instagram
TEENIE,2026-05-05,10:06:00,Yes,PetSmart,google
TEENIE,2026-05-05,11:09:00,No,Chewy,email
TEENIE,2026-05-05,12:12:00,Yes,Amazon,facebook
TEENIE,2026-05-05,13:15:00,No,Target,instagram
TEENIE,2026-05-05,14:18:00,Yes,Walmart,google
TEENIE,2026-05-05,15:21:00,No,PetSmart,email
TEENIE,2026-05-05,16:24:00,Yes,Chewy,facebook
TEENIE,2026-05-05,17:27:00,No,Amazon,instagram
TEENIE,2026-05-05,18:30:00,Yes,Target,google
TEENIE,2026-05-05,19:33:00,No,Walmart,email
TEENIE,2026-05-05,08:36:00,Yes,PetSmart,facebook
TEENIE,2026-05-05,09:39:00,No,Chewy,instagram
TEENIE,2026-05-05,10:42:00,Yes,Amazon,google
TEENIE,2026-05-05,11:45:00,No,Target,email
TEENIE,2026-05-05,12:48:00,Yes,Walmart,facebook
TEENIE,2026-05-05,13:51:00,No,PetSmart,instagram
TEENIE,2026-05-05,14:54:00,Yes,Chewy,google
TEENIE,2026-05-05,15:57:00,No,Amazon,email
TEENIE,2026-05-05,16:00:00,Yes,Target,facebook
TEENIE,2026-05-05,17:03:00,No,Walmart,instagram
TEENIE,2026-05-05,18:06:00,Yes,PetSmart,google
TEENIE,2026-05-05,19:09:00,No,Chewy,email
TEENIE,2026-05-05,08:12:00,Yes,Amazon,facebook
TEENIE,2026-05-05,09:15:00,No,Target,instagram
TEENIE,2026-05-05,10:18:00,Yes,Walmart,google
TEENIE,2026-05-05,11:21:00,No,PetSmart,email
TEENIE,2026-05-05,12:24:00,Yes,Chewy,facebook
TEENIE,2026-05-05,13:27:00,No,Amazon,instagram
TEENIE,2026-05-05,14:30:00,Yes,Target,google
TEENIE,2026-05-05,15:33:00,No,Walmart,email
TEENIE,2026-05-05,16:36:00,Yes,PetSmart,facebook
TEENIE,2026-05-05,17:39:00,No,Chewy,instagram
TEENIE,2026-05-05,18:42:00,Yes,Amazon,google
TEENIE,2026-05-05,19:45:00,No,Target,email
TEENIE,2026-05-05,08:48:00,Yes,Walmart,facebook
TEENIE,2026-05-05,09:51:00,No,PetSmart,instagram
TEENIE,2026-05-05,10:54:00,Yes,Chewy,google
TEENIE,2026-05-05,11:57:00,No,Amazon,email
TEENIE,2026-05-05,12:00:00,Yes,Target,facebook
TEENIE,2026-05-05,13:03:00,No,Walmart,instagram
TEENIE,2026-05-05,14:06:00,Yes,PetSmart,google
TEENIE,2026-05-05,15:09:00,No,Chewy,email
TEENIE,2026-05-05,16:12:00,Yes,Amazon,facebook
TEENIE,2026-05-05,17:15:00,No,Target,instagram
TEENIE,2026-05-05,18:18:00,Yes,Walmart,google
TEENIE,2026-05-05,19:21:00,No,PetSmart,email
TEENIE,2026-05-05,08:24:00,Yes,Chewy,facebook
TEENIE,2026-05-05,09:27:00,No,Amazon,instagram
TEENIE,2026-05-05,10:30:00,Yes,Target,google
TEENIE,2026-05-05,11:33:00,No,Walmart,email
TEENIE,2026-05-05,12:36:00,Yes,PetSmart,facebook
TEENIE,2026-05-05,13:39:00,No,Chewy,instagram
TEENIE,2026-05-05,14:42:00,Yes,Amazon,google
TEENIE,2026-05-05,15:45:00,No,Target,email
TEENIE,2026-05-05,16:48:00,Yes,Walmart,facebook
TEENIE,2026-05-05,17:51:00,No,PetSmart,instagram
TEENIE,2026-05-05,18:54:00,Yes,Chewy,google
TEENIE,2026-05-05,19:57:00,No,Amazon,email
TEENIE,2026-05-05,08:00:00,Yes,Target,facebook
TEENIE,2026-05-05,09:03:00,No,Walmart,instagram
TEENIE,2026-05-05,10:06:00,Yes,PetSmart,google
TEENIE,2026-05-05,11:09:00,No,Chewy,email
TEENIE,2026-05-05,12:12:00,Yes,Amazon,facebook
TEENIE,2026-05-05,13:15:00,No,Target,instagram
TEENIE,2026-05-05,14:18:00,Yes,Walmart,google
TEENIE,2026-05-05,15:21:00,No,PetSmart,email
TEENIE,2026-05-05,16:24:00,Yes,Chewy,facebook
TEENIE,2026-05-05,17:27:00,No,Amazon,instagram
TEENIE,2026-05-05,18:30:00,Yes,Target,google
TEENIE,2026-05-05,19:33:00,No,Walmart,email
TEENIE,2026-05-05,08:36:00,Yes,PetSmart,facebook
TEENIE,2026-05-05,09:39:00,No,Chewy,instagram
TEENIE,2026-05-05,10:42:00,Yes,Amazon,google
TEENIE,2026-05-05,11:45:00,No,Target,email
TEENIE,2026-05-05,12:48:00,Yes,Walmart,facebook
TEENIE,2026-05-05,13:51:00,No,PetSmart,instagram
TEENIE,2026-05-05,14:54:00,Yes,Chewy,google
TEENIE,2026-05-05,15:57:00,No,Amazon,email
TEENIE,2026-05-05,16:00:00,Yes,Target,facebook
TEENIE,2026-05-05,17:03:00,No,Walmart,instagram
TEENIE,2026-05-05,18:06:00,Yes,PetSmart,google
TEENIE,2026-05-05,19:09:00,No,Chewy,email
TEENIE,2026-05-05,08:12:00,Yes,Amazon,facebook
TEENIE,2026-05-05,09:15:00,No,Target,instagram
TEENIE,2026-05-05,10:18:00,Yes,Walmart,google
TEENIE,2026-05-05,11:21:00,No,PetSmart,email
TEENIE,2026-05-05,12:24:00,Yes,Chewy,facebook
TEENIE,2026-05-05,13:27:00,No,Amazon,instagram
TEENIE,2026-05-05,14:30:00,Yes,Target,google
TEENIE,2026-05-05,15:33:00,No,Walmart,email
TEENIE,2026-05-05,16:36:00,Yes,PetSmart,facebook
TEENIE,2026-05-05,17:39:00,No,Chewy,instagram
TEENIE,2026-05-05,18:42:00,Yes,Amazon,google
TEENIE,2026-05-05,19:45:00,No,Target,email
TEENIE,2026-05-05,08:48:00,Yes,Walmart,facebook
TEENIE,2026-05-05,09:51:00,No,PetSmart,instagram
TEENIE,2026-05-05,10:54:00,Yes,Chewy,google
TEENIE,2026-05-05,11:57:00,No,Amazon,email
TEENIE,2026-05-05,12:00:00,Yes,Target,facebook
TEENIE,2026-05-05,13:03:00,No,Walmart,instagram
TEENIE,2026-05-05,14:06:00,Yes,PetSmart,google
TEENIE,2026-05-05,15:09:00,No,Chewy,email
TEENIE,2026-05-05,16:12:00,Yes,Amazon,facebook
TEENIE,2026-05-05,17:15:00,No,Target,instagram
TEENIE,2026-05-05,18:18:00,Yes,Walmart,google
TEENIE,2026-05-05,19:21:00,No,PetSmart,email
TEENIE,2026-05-05,08:24:00,Yes,Chewy,facebook
TEENIE,2026-05-05,09:27:00,No,Amazon,instagram
TEENIE,2026-05-05,10:30:00,Yes,Target,google
Petite,2026-05-05,08:00:00,Yes,Target,facebook
Petite,2026-05-05,09:03:00,No,Walmart,instagram
Petite,2026-05-05,10:06:00,Yes,PetSmart,google
Petite,2026-05-05,11:09:00,No,Chewy,email
Petite,2026-05-05,12:12:00,Yes,Amazon,facebook
Petite,2026-05-05,13:15:00,No,Target,instagram
Petite,2026-05-05,14:18:00,Yes,Walmart,google
Petite,2026-05-05,15:21:00,No,PetSmart,email
Petite,2026-05-05,16:24:00,Yes,Chewy,facebook
Petite,2026-05-05,17:27:00,No,Amazon,instagram
Petite,2026-05-05,18:30:00,Yes,Target,google
Petite,2026-05-05,19:33:00,No,Walmart,email
Petite,2026-05-05,08:36:00,Yes,PetSmart,facebook
Petite,2026-05-05,09:39:00,No,Chewy,instagram
Petite,2026-05-05,10:42:00,Yes,Amazon,google
Petite,2026-05-05,11:45:00,No,Target,email
Petite,2026-05-05,12:48:00,Yes,Walmart,facebook
Petite,2026-05-05,13:51:00,No,PetSmart,instagram
Petite,2026-05-05,14:54:00,Yes,Chewy,google
Petite,2026-05-05,15:57:00,No,Amazon,email
Petite,2026-05-05,16:00:00,Yes,Target,facebook
Petite,2026-05-05,17:03:00,No,Walmart,instagram
Petite,2026-05-05,18:06:00,Yes,PetSmart,google
Petite,2026-05-05,19:09:00,No,Chewy,email
Petite,2026-05-05,08:12:00,Yes,Amazon,facebook
Petite,2026-05-05,09:15:00,No,Target,instagram
Petite,2026-05-05,10:18:00,Yes,Walmart,google
Petite,2026-05-05,11:21:00,No,PetSmart,email
Petite,2026-05-05,12:24:00,Yes,Chewy,facebook
Petite,2026-05-05,13:27:00,No,Amazon,instagram
Petite,2026-05-05,14:30:00,Yes,Target,google
Petite,2026-05-05,15:33:00,No,Walmart,email
Petite,2026-05-05,16:36:00,Yes,PetSmart,facebook
Petite,2026-05-05,17:39:00,No,Chewy,instagram
Petite,2026-05-05,18:42:00,Yes,Amazon,google
Petite,2026-05-05,19:45:00,No,Target,email
Petite,2026-05-05,08:48:00,Yes,Walmart,facebook
Petite,2026-05-05,09:51:00,No,PetSmart,instagram
Petite,2026-05-05,10:54:00,Yes,Chewy,google
Petite,2026-05-05,11:57:00,No,Amazon,email
Petite,2026-05-05,12:00:00,Yes,Target,facebook
Petite,2026-05-05,13:03:00,No,Walmart,instagram
Petite,2026-05-05,14:06:00,Yes,PetSmart,google
Petite,2026-05-05,15:09:00,No,Chewy,email
Petite,2026-05-05,16:12:00,Yes,Amazon,facebook
Petite,2026-05-05,17:15:00,No,Target,instagram
Petite,2026-05-05,18:18:00,Yes,Walmart,google
Petite,2026-05-05,19:21:00,No,PetSmart,email
Petite,2026-05-05,08:24:00,Yes,Chewy,facebook
Petite,2026-05-05,09:27:00,No,Amazon,instagram
Petite,2026-05-05,10:30:00,Yes,Target,google
Petite,2026-05-05,11:33:00,No,Walmart,email
Petite,2026-05-05,12:36:00,Yes,PetSmart,facebook
Petite,2026-05-05,13:39:00,No,Chewy,instagram
Petite,2026-05-05,14:42:00,Yes,Amazon,google
Petite,2026-05-05,15:45:00,No,Target,email
Petite,2026-05-05,16:48:00,Yes,Walmart,facebook
Petite,2026-05-05,17:51:00,No,PetSmart,instagram
Petite,2026-05-05,18:54:00,Yes,Chewy,google
Petite,2026-05-05,19:57:00,No,Amazon,email
Petite,2026-05-05,08:00:00,Yes,Target,facebook
Petite,2026-05-05,09:03:00,No,Walmart,instagram
Petite,2026-05-05,10:06:00,Yes,PetSmart,google
Petite,2026-05-05,11:09:00,No,Chewy,email
Petite,2026-05-05,12:12:00,Yes,Amazon,facebook
Petite,2026-05-05,13:15:00,No,Target,instagram
Petite,2026-05-05,14:18:00,Yes,Walmart,google
Petite,2026-05-05,15:21:00,No,PetSmart,email
Petite,2026-05-05,16:24:00,Yes,Chewy,facebook
Petite,2026-05-05,17:27:00,No,Amazon,instagram
Petite,2026-05-05,18:30:00,Yes,Target,google
Petite,2026-05-05,19:33:00,No,Walmart,email
Petite,2026-05-05,08:36:00,Yes,PetSmart,facebook
Petite,2026-05-05,09:39:00,No,Chewy,instagram
Petite,2026-05-05,10:42:00,Yes,Amazon,google
Petite,2026-05-05,11:45:00,No,Target,email
Petite,2026-05-05,12:48:00,Yes,Walmart,facebook
Petite,2026-05-05,13:51:00,No,PetSmart,instagram
Petite,2026-05-05,14:54:00,Yes,Chewy,google
Petite,2026-05-05,15:57:00,No,Amazon,email
Petite,2026-05-05,16:00:00,Yes,Target,facebook
Regular,2026-05-05,08:00:00,Yes,Target,facebook
Regular,2026-05-05,09:03:00,No,Walmart,instagram
Regular,2026-05-05,10:06:00,Yes,PetSmart,google
Regular,2026-05-05,11:09:00,No,Chewy,email
Regular,2026-05-05,12:12:00,Yes,Amazon,facebook
Regular,2026-05-05,13:15:00,No,Target,instagram
Regular,2026-05-05,14:18:00,Yes,Walmart,google
Regular,2026-05-05,15:21:00,No,PetSmart,email
Regular,2026-05-05,16:24:00,Yes,Chewy,facebook
Regular,2026-05-05,17:27:00,No,Amazon,instagram
Regular,2026-05-05,18:30:00,Yes,Target,google
Regular,2026-05-05,19:33:00,No,Walmart,email
Regular,2026-05-05,08:36:00,Yes,PetSmart,facebook
Regular,2026-05-05,09:39:00,No,Chewy,instagram
Regular,2026-05-05,10:42:00,Yes,Amazon,google
Regular,2026-05-05,11:45:00,No,Target,email
Regular,2026-05-05,12:48:00,Yes,Walmart,facebook
Regular,2026-05-05,13:51:00,No,PetSmart,instagram
Regular,2026-05-05,14:54:00,Yes,Chewy,google
Regular,2026-05-05,15:57:00,No,Amazon,email
Regular,2026-05-05,16:00:00,Yes,Target,facebook
Regular,2026-05-05,17:03:00,No,Walmart,instagram
Regular,2026-05-05,18:06:00,Yes,PetSmart,google
Regular,2026-05-05,19:09:00,No,Chewy,email
Regular,2026-05-05,08:12:00,Yes,Amazon,facebook
Regular,2026-05-05,09:15:00,No,Target,instagram
Regular,2026-05-05,10:18:00,Yes,Walmart,google
Regular,2026-05-05,11:21:00,No,PetSmart,email
Regular,2026-05-05,12:24:00,Yes,Chewy,facebook
Regular,2026-05-05,13:27:00,No,Amazon,instagram
Regular,2026-05-05,14:30:00,Yes,Target,google
Regular,2026-05-05,15:33:00,No,Walmart,email
Regular,2026-05-05,16:36:00,Yes,PetSmart,facebook
Regular,2026-05-05,17:39:00,No,Chewy,instagram
Regular,2026-05-05,18:42:00,Yes,Amazon,google
Regular,2026-05-05,19:45:00,No,Target,email
Regular,2026-05-05,08:48:00,Yes,Walmart,facebook
Regular,2026-05-05,09:51:00,No,PetSmart,instagram
Regular,2026-05-05,10:54:00,Yes,Chewy,google
Regular,2026-05-05,11:57:00,No,Amazon,email
Regular,2026-05-05,12:00:00,Yes,Target,facebook
Regular,2026-05-05,13:03:00,No,Walmart,instagram
Regular,2026-05-05,14:06:00,Yes,PetSmart,google
Regular,2026-05-05,15:09:00,No,Chewy,email
Regular,2026-05-05,16:12:00,Yes,Amazon,facebook
Regular,2026-05-05,17:15:00,No,Target,instagram
Regular,2026-05-05,18:18:00,Yes,Walmart,google
Regular,2026-05-05,19:21:00,No,PetSmart,email
Regular,2026-05-05,08:24:00,Yes,Chewy,facebook
Regular,2026-05-05,09:27:00,No,Amazon,instagram
Regular,2026-05-05,10:30:00,Yes,Target,google
Regular,2026-05-05,11:33:00,No,Walmart,email
Regular,2026-05-05,12:36:00,Yes,PetSmart,facebook
Regular,2026-05-05,13:39:00,No,Chewy,instagram
Regular,2026-05-05,14:42:00,Yes,Amazon,google
Regular,2026-05-05,15:45:00,No,Target,email
Regular,2026-05-05,16:48:00,Yes,Walmart,facebook
Regular,2026-05-05,17:51:00,No,PetSmart,instagram
Regular,2026-05-05,18:54:00,Yes,Chewy,google
Regular,2026-05-05,19:57:00,No,Amazon,email
Regular,2026-05-05,08:00:00,Yes,Target,facebook
Regular,2026-05-05,09:03:00,No,Walmart,instagram
Regular,2026-05-05,10:06:00,Yes,PetSmart,google
Regular,2026-05-05,11:09:00,No,Chewy,email
Regular,2026-05-05,12:12:00,Yes,Amazon,facebook
Regular,2026-05-05,13:15:00,No,Target,instagram
Regular,2026-05-05,14:18:00,Yes,Walmart,google
Regular,2026-05-05,15:21:00,No,PetSmart,email
Regular,2026-05-05,16:24:00,Yes,Chewy,facebook
Regular,2026-05-05,17:27:00,No,Amazon,instagram
Regular,2026-05-05,18:30:00,Yes,Target,google
Regular,2026-05-05,19:33:00,No,Walmart,email
Regular,2026-05-05,08:36:00,Yes,PetSmart,facebook
Regular,2026-05-05,09:39:00,No,Chewy,instagram
Regular,2026-05-05,10:42:00,Yes,Amazon,google
Regular,2026-05-05,11:45:00,No,Target,email
Regular,2026-05-05,12:48:00,Yes,Walmart,facebook
Regular,2026-05-05,13:51:00,No,PetSmart,instagram
Regular,2026-05-05,14:54:00,Yes,Chewy,google
Regular,2026-05-05,15:57:00,No,Amazon,email
Regular,2026-05-05,16:00:00,Yes,Target,facebook
Regular,2026-05-05,17:03:00,No,Walmart,instagram
Regular,2026-05-05,18:06:00,Yes,PetSmart,google
Regular,2026-05-05,19:09:00,No,Chewy,email
Regular,2026-05-05,08:12:00,Yes,Amazon,facebook
Regular,2026-05-05,09:15:00,No,Target,instagram
Regular,2026-05-05,10:18:00,Yes,Walmart,google
Regular,2026-05-05,11:21:00,No,PetSmart,email
Regular,2026-05-05,12:24:00,Yes,Chewy,facebook
Regular,2026-05-05,13:27:00,No,Amazon,instagram
Regular,2026-05-05,14:30:00,Yes,Target,google
Regular,2026-05-05,15:33:00,No,Walmart,email
Regular,2026-05-05,16:36:00,Yes,PetSmart,facebook
Regular,2026-05-05,17:39:00,No,Chewy,instagram
Regular,2026-05-05,18:42:00,Yes,Amazon,google
Regular,2026-05-05,19:45:00,No,Target,email
Regular,2026-05-05,08:48:00,Yes,Walmart,facebook
Regular,2026-05-05,09:51:00,No,PetSmart,instagram
Regular,2026-05-05,10:54:00,Yes,Chewy,google
Regular,2026-05-05,11:57:00,No,Amazon,email
Regular,2026-05-05,12:00:00,Yes,Target,facebook
Regular,2026-05-05,13:03:00,No,Walmart,instagram
Regular,2026-05-05,14:06:00,Yes,PetSmart,google
Regular,2026-05-05,15:09:00,No,Chewy,email
Regular,2026-05-05,16:12:00,Yes,Amazon,facebook
Regular,2026-05-05,17:15:00,No,Target,instagram
Regular,2026-05-05,18:18:00,Yes,Walmart,google
Regular,2026-05-05,19:21:00,No,PetSmart,email
Regular,2026-05-05,08:24:00,Yes,Chewy,facebook
Regular,2026-05-05,09:27:00,No,Amazon,instagram
Regular,2026-05-05,10:30:00,Yes,Target,google
Regular,2026-05-05,11:33:00,No,Walmart,email
Regular,2026-05-05,12:36:00,Yes,PetSmart,facebook
Regular,2026-05-05,13:39:00,No,Chewy,instagram
Regular,2026-05-05,14:42:00,Yes,Amazon,google
Regular,2026-05-05,15:45:00,No,Target,email
Regular,2026-05-05,16:48:00,Yes,Walmart,facebook
Regular,2026-05-05,17:51:00,No,PetSmart,instagram
Regular,2026-05-05,18:54:00,Yes,Chewy,google
Regular,2026-05-05,19:57:00,No,Amazon,email
Regular,2026-05-05,08:00:00,Yes,Target,facebook
Regular,2026-05-05,09:03:00,No,Walmart,instagram
Regular,2026-05-05,10:06:00,Yes,PetSmart,google
Regular,2026-05-05,11:09:00,No,Chewy,email
Regular,2026-05-05,12:12:00,Yes,Amazon,facebook
Regular,2026-05-05,13:15:00,No,Target,instagram
Regular,2026-05-05,14:18:00,Yes,Walmart,google
Regular,2026-05-05,15:21:00,No,PetSmart,email
Regular,2026-05-05,16:24:00,Yes,Chewy,facebook
Regular,2026-05-05,17:27:00,No,Amazon,instagram
Regular,2026-05-05,18:30:00,Yes,Target,google
Large,2026-05-05,08:00:00,Yes,Target,facebook
Large,2026-05-05,09:03:00,No,Walmart,instagram
Large,2026-05-05,10:06:00,Yes,PetSmart,google
Large,2026-05-05,11:09:00,No,Chewy,email
Large,2026-05-05,12:12:00,Yes,Amazon,facebook
Large,2026-05-05,13:15:00,No,Target,instagram
Large,2026-05-05,14:18:00,Yes,Walmart,google
Large,2026-05-05,15:21:00,No,PetSmart,email
Large,2026-05-05,16:24:00,Yes,Chewy,facebook
Large,2026-05-05,17:27:00,No,Amazon,instagram
Large,2026-05-05,18:30:00,Yes,Target,google
Large,2026-05-05,19:33:00,No,Walmart,email
Large,2026-05-05,08:36:00,Yes,PetSmart,facebook
Large,2026-05-05,09:39:00,No,Chewy,instagram
Large,2026-05-05,10:42:00,Yes,Amazon,google
Large,2026-05-05,11:45:00,No,Target,email
Large,2026-05-05,12:48:00,Yes,Walmart,facebook
Large,2026-05-05,13:51:00,No,PetSmart,instagram
Large,2026-05-05,14:54:00,Yes,Chewy,google
Large,2026-05-05,15:57:00,No,Amazon,email
Large,2026-05-05,16:00:00,Yes,Target,facebook
Large,2026-05-05,17:03:00,No,Walmart,instagram
Large,2026-05-05,18:06:00,Yes,PetSmart,google
Large,2026-05-05,19:09:00,No,Chewy,email
Large,2026-05-05,08:12:00,Yes,Amazon,facebook
Large,2026-05-05,09:15:00,No,Target,instagram
Large,2026-05-05,10:18:00,Yes,Walmart,google
Large,2026-05-05,11:21:00,No,PetSmart,email
Large,2026-05-05,12:24:00,Yes,Chewy,facebook
Large,2026-05-05,13:27:00,No,Amazon,instagram
Large,2026-05-05,14:30:00,Yes,Target,google
Large,2026-05-05,15:33:00,No,Walmart,email
Large,2026-05-05,16:36:00,Yes,PetSmart,facebook
Large,2026-05-05,17:39:00,No,Chewy,instagram
Large,2026-05-05,18:42:00,Yes,Amazon,google
Large,2026-05-05,19:45:00,No,Target,email
Large,2026-05-05,08:48:00,Yes,Walmart,facebook
Large,2026-05-05,09:51:00,No,PetSmart,instagram
Large,2026-05-05,10:54:00,Yes,Chewy,google
Large,2026-05-05,11:57:00,No,Amazon,email
Large,2026-05-05,12:00:00,Yes,Target,facebook
Large,2026-05-05,13:03:00,No,Walmart,instagram
Large,2026-05-05,14:06:00,Yes,PetSmart,google
Large,2026-05-05,15:09:00,No,Chewy,email
Large,2026-05-05,16:12:00,Yes,Amazon,facebook
Large,2026-05-05,17:15:00,No,Target,instagram
Large,2026-05-05,18:18:00,Yes,Walmart,google
Large,2026-05-05,19:21:00,No,PetSmart,email
Large,2026-05-05,08:24:00,Yes,Chewy,facebook
Large,2026-05-05,09:27:00,No,Amazon,instagram
Large,2026-05-05,10:30:00,Yes,Target,google
Large,2026-05-05,11:33:00,No,Walmart,email
Large,2026-05-05,12:36:00,Yes,PetSmart,facebook
Large,2026-05-05,13:39:00,No,Chewy,instagram
Large,2026-05-05,14:42:00,Yes,Amazon,google
Large,2026-05-05,15:45:00,No,Target,email
Large,2026-05-05,16:48:00,Yes,Walmart,facebook
Large,2026-05-05,17:51:00,No,PetSmart,instagram
Large,2026-05-05,18:54:00,Yes,Chewy,google
Large,2026-05-05,19:57:00,No,Amazon,email
Large,2026-05-05,08:00:00,Yes,Target,facebook
Large,2026-05-05,09:03:00,No,Walmart,instagram
Large,2026-05-05,10:06:00,Yes,PetSmart,google
Large,2026-05-05,11:09:00,No,Chewy,email
Large,2026-05-05,12:12:00,Yes,Amazon,facebook
Large,2026-05-05,13:15:00,No,Target,instagram
Large,2026-05-05,14:18:00,Yes,Walmart,google
Large,2026-05-05,15:21:00,No,PetSmart,email
Large,2026-05-05,16:24:00,Yes,Chewy,facebook
Large,2026-05-05,17:27:00,No,Amazon,instagram
Large,2026-05-05,18:30:00,Yes,Target,google
Large,2026-05-05,19:33:00,No,Walmart,email
Large,2026-05-05,08:36:00,Yes,PetSmart,facebook
Large,2026-05-05,09:39:00,No,Chewy,instagram
Large,2026-05-05,10:42:00,Yes,Amazon,google
Large,2026-05-05,11:45:00,No,Target,email
Large,2026-05-05,12:48:00,Yes,Walmart,facebook
Large,2026-05-05,13:51:00,No,PetSmart,instagram
Large,2026-05-05,14:54:00,Yes,Chewy,google
Large,2026-05-05,15:57:00,No,Amazon,email
Large,2026-05-05,16:00:00,Yes,Target,facebook
Large,2026-05-05,17:03:00,No,Walmart,instagram
Large,2026-05-05,18:06:00,Yes,PetSmart,google
Large,2026-05-05,19:09:00,No,Chewy,email
Large,2026-05-05,08:12:00,Yes,Amazon,facebook
Large,2026-05-05,09:15:00,No,Target,instagram
Large,2026-05-05,10:18:00,Yes,Walmart,google
Large,2026-05-05,11:21:00,No,PetSmart,email
Large,2026-05-05,12:24:00,Yes,Chewy,facebook
Large,2026-05-05,13:27:00,No,Amazon,instagram
Large,2026-05-05,14:30:00,Yes,Target,google
Large,2026-05-05,15:33:00,No,Walmart,email
Large,2026-05-05,16:36:00,Yes,PetSmart,facebook
Large,2026-05-05,17:39:00,No,Chewy,instagram
Large,2026-05-05,18:42:00,Yes,Amazon,google
Large,2026-05-05,19:45:00,No,Target,email
Large,2026-05-05,08:48:00,Yes,Walmart,facebook
Large,2026-05-05,09:51:00,No,PetSmart,instagram
Large,2026-05-05,10:54:00,Yes,Chewy,google
Large,2026-05-05,11:57:00,No,Amazon,email
Large,2026-05-05,12:00:00,Yes,Target,facebook
Large,2026-05-05,13:03:00,No,Walmart,instagram
Large,2026-05-05,14:06:00,Yes,PetSmart,google
Large,2026-05-05,15:09:00,No,Chewy,email
Large,2026-05-05,16:12:00,Yes,Amazon,facebook
Large,2026-05-05,17:15:00,No,Target,instagram
Large,2026-05-05,18:18:00,Yes,Walmart,google
Large,2026-05-05,19:21:00,No,PetSmart,email
Large,2026-05-05,08:24:00,Yes,Chewy,facebook
Large,2026-05-05,09:27:00,No,Amazon,instagram
Large,2026-05-05,10:30:00,Yes,Target,google
Large,2026-05-05,11:33:00,No,Walmart,email
Large,2026-05-05,12:36:00,Yes,PetSmart,facebook
Large,2026-05-05,13:39:00,No,Chewy,instagram
Large,2026-05-05,14:42:00,Yes,Amazon,google
Large,2026-05-05,15:45:00,No,Target,email
Large,2026-05-05,16:48:00,Yes,Walmart,facebook
Large,2026-05-05,17:51:00,No,PetSmart,instagram
Large,2026-05-05,18:54:00,Yes,Chewy,google
Large,2026-05-05,19:57:00,No,Amazon,email
Large,2026-05-05,08:00:00,Yes,Target,facebook
Large,2026-05-05,09:03:00,No,Walmart,instagram
Large,2026-05-05,10:06:00,Yes,PetSmart,google
Large,2026-05-05,11:09:00,No,Chewy,email
Large,2026-05-05,12:12:00,Yes,Amazon,facebook
Large,2026-05-05,13:15:00,No,Target,instagram
Large,2026-05-05,14:18:00,Yes,Walmart,google
Large,2026-05-05,15:21:00,No,PetSmart,email
Large,2026-05-05,16:24:00,Yes,Chewy,facebook
Large,2026-05-05,17:27:00,No,Amazon,instagram
Large,2026-05-05,18:30:00,Yes,Target,google
Large,2026-05-05,19:33:00,No,Walmart,email
Large,2026-05-05,08:36:00,Yes,PetSmart,facebook
Large,2026-05-05,09:39:00,No,Chewy,instagram
Large,2026-05-05,10:42:00,Yes,Amazon,google
Large,2026-05-05,11:45:00,No,Target,email
Large,2026-05-05,12:48:00,Yes,Walmart,facebook
Large,2026-05-05,13:51:00,No,PetSmart,instagram
Large,2026-05-05,14:54:00,Yes,Chewy,google
Large,2026-05-05,15:57:00,No,Amazon,email
Large,2026-05-05,16:00:00,Yes,Target,facebook
Large,2026-05-05,17:03:00,No,Walmart,instagram
Large,2026-05-05,18:06:00,Yes,PetSmart,google
Large,2026-05-05,19:09:00,No,Chewy,email
Large,2026-05-05,08:12:00,Yes,Amazon,facebook
Large,2026-05-05,09:15:00,No,Target,instagram
Large,2026-05-05,10:18:00,Yes,Walmart,google
Large,2026-05-05,11:21:00,No,PetSmart,email
Large,2026-05-05,12:24:00,Yes,Chewy,facebook
Large,2026-05-05,13:27:00,No,Amazon,instagram
Large,2026-05-05,14:30:00,Yes,Target,google
Large,2026-05-05,15:33:00,No,Walmart,email
Large,2026-05-05,16:36:00,Yes,PetSmart,facebook
Large,2026-05-05,17:39:00,No,Chewy,instagram
Large,2026-05-05,18:42:00,Yes,Amazon,google
Large,2026-05-05,19:45:00,No,Target,email
Large,2026-05-05,08:48:00,Yes,Walmart,facebook
Large,2026-05-05,09:51:00,No,PetSmart,instagram
Large,2026-05-05,10:54:00,Yes,Chewy,google
Large,2026-05-05,11:57:00,No,Amazon,email
Large,2026-05-05,12:00:00,Yes,Target,facebook
Large,2026-05-05,13:03:00,No,Walmart,instagram
Large,2026-05-05,14:06:00,Yes,PetSmart,google
Large,2026-05-05,15:09:00,No,Chewy,email
Large,2026-05-05,16:12:00,Yes,Amazon,facebook
Large,2026-05-05,17:15:00,No,Target,instagram
Large,2026-05-05,18:18:00,Yes,Walmart,google
Large,2026-05-05,19:21:00,No,PetSmart,email
Large,2026-05-05,08:24:00,Yes,Chewy,facebook
Large,2026-05-05,09:27:00,No,Amazon,instagram
Large,2026-05-05,10:30:00,Yes,Target,google
TEENIE,2026-05-06,08:00:00,No,Walmart,instagram
TEENIE,2026-05-06,09:03:00,Yes,PetSmart,google
TEENIE,2026-05-06,10:06:00,No,Chewy,email
TEENIE,2026-05-06,11:09:00,Yes,Amazon,facebook
TEENIE,2026-05-06,12:12:00,No,Target,instagram
TEENIE,2026-05-06,13:15:00,Yes,Walmart,google
TEENIE,2026-05-06,14:18:00,No,PetSmart,email
TEENIE,2026-05-06,15:21:00,Yes,Chewy,facebook
TEENIE,2026-05-06,16:24:00,No,Amazon,instagram
TEENIE,2026-05-06,17:27:00,Yes,Target,google
TEENIE,2026-05-06,18:30:00,No,Walmart,email
TEENIE,2026-05-06,19:33:00,Yes,PetSmart,facebook
TEENIE,2026-05-06,08:36:00,No,Chewy,instagram
TEENIE,2026-05-06,09:39:00,Yes,Amazon,google
TEENIE,2026-05-06,10:42:00,No,Target,email
TEENIE,2026-05-06,11:45:00,Yes,Walmart,facebook
TEENIE,2026-05-06,12:48:00,No,PetSmart,instagram
TEENIE,2026-05-06,13:51:00,Yes,Chewy,google
TEENIE,2026-05-06,14:54:00,No,Amazon,email
TEENIE,2026-05-06,15:57:00,Yes,Target,facebook
TEENIE,2026-05-06,16:00:00,No,Walmart,instagram
TEENIE,2026-05-06,17:03:00,Yes,PetSmart,google
TEENIE,2026-05-06,18:06:00,No,Chewy,email
TEENIE,2026-05-06,19:09:00,Yes,Amazon,facebook
TEENIE,2026-05-06,08:12:00,No,Target,instagram
TEENIE,2026-05-06,09:15:00,Yes,Walmart,google
TEENIE,2026-05-06,10:18:00,No,PetSmart,email
TEENIE,2026-05-06,11:21:00,Yes,Chewy,facebook
TEENIE,2026-05-06,12:24:00,No,Amazon,instagram
TEENIE,2026-05-06,13:27:00,Yes,Target,google
TEENIE,2026-05-06,14:30:00,No,Walmart,email
TEENIE,2026-05-06,15:33:00,Yes,PetSmart,facebook
TEENIE,2026-05-06,16:36:00,No,Chewy,instagram
TEENIE,2026-05-06,17:39:00,Yes,Amazon,google
TEENIE,2026-05-06,18:42:00,No,Target,email
TEENIE,2026-05-06,19:45:00,Yes,Walmart,facebook
TEENIE,2026-05-06,08:48:00,No,PetSmart,instagram
TEENIE,2026-05-06,09:51:00,Yes,Chewy,google
TEENIE,2026-05-06,10:54:00,No,Amazon,email
TEENIE,2026-05-06,11:57:00,Yes,Target,facebook
TEENIE,2026-05-06,12:00:00,No,Walmart,instagram
TEENIE,2026-05-06,13:03:00,Yes,PetSmart,google
TEENIE,2026-05-06,14:06:00,No,Chewy,email
TEENIE,2026-05-06,15:09:00,Yes,Amazon,facebook
TEENIE,2026-05-06,16:12:00,No,Target,instagram
TEENIE,2026-05-06,17:15:00,Yes,Walmart,google
TEENIE,2026-05-06,18:18:00,No,PetSmart,email
TEENIE,2026-05-06,19:21:00,Yes,Chewy,facebook
TEENIE,2026-05-06,08:24:00,No,Amazon,instagram
TEENIE,2026-05-06,09:27:00,Yes,Target,google
TEENIE,2026-05-06,10:30:00,No,Walmart,email
TEENIE,2026-05-06,11:33:00,Yes,PetSmart,facebook
TEENIE,2026-05-06,12:36:00,No,Chewy,instagram
TEENIE,2026-05-06,13:39:00,Yes,Amazon,google
TEENIE,2026-05-06,14:42:00,No,Target,email
TEENIE,2026-05-06,15:45:00,Yes,Walmart,facebook
TEENIE,2026-05-06,16:48:00,No,PetSmart,instagram
TEENIE,2026-05-06,17:51:00,Yes,Chewy,google
TEENIE,2026-05-06,18:54:00,No,Amazon,email
TEENIE,2026-05-06,19:57:00,Yes,Target,facebook
TEENIE,2026-05-06,08:00:00,No,Walmart,instagram
TEENIE,2026-05-06,09:03:00,Yes,PetSmart,google
TEENIE,2026-05-06,10:06:00,No,Chewy,email
TEENIE,2026-05-06,11:09:00,Yes,Amazon,facebook
TEENIE,2026-05-06,12:12:00,No,Target,instagram
TEENIE,2026-05-06,13:15:00,Yes,Walmart,google
TEENIE,2026-05-06,14:18:00,No,PetSmart,email
TEENIE,2026-05-06,15:21:00,Yes,Chewy,facebook
TEENIE,2026-05-06,16:24:00,No,Amazon,instagram
TEENIE,2026-05-06,17:27:00,Yes,Target,google
TEENIE,2026-05-06,18:30:00,No,Walmart,email
TEENIE,2026-05-06,19:33:00,Yes,PetSmart,facebook
TEENIE,2026-05-06,08:36:00,No,Chewy,instagram
TEENIE,2026-05-06,09:39:00,Yes,Amazon,google
TEENIE,2026-05-06,10:42:00,No,Target,email
TEENIE,2026-05-06,11:45:00,Yes,Walmart,facebook
TEENIE,2026-05-06,12:48:00,No,PetSmart,instagram
TEENIE,2026-05-06,13:51:00,Yes,Chewy,google
TEENIE,2026-05-06,14:54:00,No,Amazon,email
TEENIE,2026-05-06,15:57:00,Yes,Target,facebook
TEENIE,2026-05-06,16:00:00,No,Walmart,instagram
TEENIE,2026-05-06,17:03:00,Yes,PetSmart,google
TEENIE,2026-05-06,18:06:00,No,Chewy,email
TEENIE,2026-05-06,19:09:00,Yes,Amazon,facebook
TEENIE,2026-05-06,08:12:00,No,Target,instagram
TEENIE,2026-05-06,09:15:00,Yes,Walmart,google
TEENIE,2026-05-06,10:18:00,No,PetSmart,email
TEENIE,2026-05-06,11:21:00,Yes,Chewy,facebook
TEENIE,2026-05-06,12:24:00,No,Amazon,instagram
TEENIE,2026-05-06,13:27:00,Yes,Target,google
TEENIE,2026-05-06,14:30:00,No,Walmart,email
TEENIE,2026-05-06,15:33:00,Yes,PetSmart,facebook
TEENIE,2026-05-06,16:36:00,No,Chewy,instagram
TEENIE,2026-05-06,17:39:00,Yes,Amazon,google
TEENIE,2026-05-06,18:42:00,No,Target,email
TEENIE,2026-05-06,19:45:00,Yes,Walmart,facebook
TEENIE,2026-05-06,08:48:00,No,PetSmart,instagram
TEENIE,2026-05-06,09:51:00,Yes,Chewy,google
TEENIE,2026-05-06,10:54:00,No,Amazon,email
TEENIE,2026-05-06,11:57:00,Yes,Target,facebook
TEENIE,2026-05-06,12:00:00,No,Walmart,instagram
TEENIE,2026-05-06,13:03:00,Yes,PetSmart,google
TEENIE,2026-05-06,14:06:00,No,Chewy,email
TEENIE,2026-05-06,15:09:00,Yes,Amazon,facebook
TEENIE,2026-05-06,16:12:00,No,Target,instagram
TEENIE,2026-05-06,17:15:00,Yes,Walmart,google
TEENIE,2026-05-06,18:18:00,No,PetSmart,email
TEENIE,2026-05-06,19:21:00,Yes,Chewy,facebook
TEENIE,2026-05-06,08:24:00,No,Amazon,instagram
TEENIE,2026-05-06,09:27:00,Yes,Target,google
TEENIE,2026-05-06,10:30:00,No,Walmart,email
TEENIE,2026-05-06,11:33:00,Yes,PetSmart,facebook
TEENIE,2026-05-06,12:36:00,No,Chewy,instagram
TEENIE,2026-05-06,13:39:00,Yes,Amazon,google
TEENIE,2026-05-06,14:42:00,No,Target,email
TEENIE,2026-05-06,15:45:00,Yes,Walmart,facebook
TEENIE,2026-05-06,16:48:00,No,PetSmart,instagram
TEENIE,2026-05-06,17:51:00,Yes,Chewy,google
Petite,2026-05-06,08:00:00,No,Walmart,instagram
Petite,2026-05-06,09:03:00,Yes,PetSmart,google
Petite,2026-05-06,10:06:00,No,Chewy,email
Petite,2026-05-06,11:09:00,Yes,Amazon,facebook
Petite,2026-05-06,12:12:00,No,Target,instagram
Petite,2026-05-06,13:15:00,Yes,Walmart,google
Petite,2026-05-06,14:18:00,No,PetSmart,email
Petite,2026-05-06,15:21:00,Yes,Chewy,facebook
Petite,2026-05-06,16:24:00,No,Amazon,instagram
Petite,2026-05-06,17:27:00,Yes,Target,google
Petite,2026-05-06,18:30:00,No,Walmart,email
Petite,2026-05-06,19:33:00,Yes,PetSmart,facebook
Petite,2026-05-06,08:36:00,No,Chewy,instagram
Petite,2026-05-06,09:39:00,Yes,Amazon,google
Petite,2026-05-06,10:42:00,No,Target,email
Petite,2026-05-06,11:45:00,Yes,Walmart,facebook
Petite,2026-05-06,12:48:00,No,PetSmart,instagram
Petite,2026-05-06,13:51:00,Yes,Chewy,google
Petite,2026-05-06,14:54:00,No,Amazon,email
Petite,2026-05-06,15:57:00,Yes,Target,facebook
Petite,2026-05-06,16:00:00,No,Walmart,instagram
Petite,2026-05-06,17:03:00,Yes,PetSmart,google
Petite,2026-05-06,18:06:00,No,Chewy,email
Petite,2026-05-06,19:09:00,Yes,Amazon,facebook
Petite,2026-05-06,08:12:00,No,Target,instagram
Petite,2026-05-06,09:15:00,Yes,Walmart,google
Petite,2026-05-06,10:18:00,No,PetSmart,email
Petite,2026-05-06,11:21:00,Yes,Chewy,facebook
Petite,2026-05-06,12:24:00,No,Amazon,instagram
Petite,2026-05-06,13:27:00,Yes,Target,google
Petite,2026-05-06,14:30:00,No,Walmart,email
Petite,2026-05-06,15:33:00,Yes,PetSmart,facebook
Petite,2026-05-06,16:36:00,No,Chewy,instagram
Petite,2026-05-06,17:39:00,Yes,Amazon,google
Petite,2026-05-06,18:42:00,No,Target,email
Petite,2026-05-06,19:45:00,Yes,Walmart,facebook
Petite,2026-05-06,08:48:00,No,PetSmart,instagram
Petite,2026-05-06,09:51:00,Yes,Chewy,google
Petite,2026-05-06,10:54:00,No,Amazon,email
Petite,2026-05-06,11:57:00,Yes,Target,facebook
Petite,2026-05-06,12:00:00,No,Walmart,instagram
Petite,2026-05-06,13:03:00,Yes,PetSmart,google
Petite,2026-05-06,14:06:00,No,Chewy,email
Petite,2026-05-06,15:09:00,Yes,Amazon,facebook
Petite,2026-05-06,16:12:00,No,Target,instagram
Petite,2026-05-06,17:15:00,Yes,Walmart,google
Petite,2026-05-06,18:18:00,No,PetSmart,email
Petite,2026-05-06,19:21:00,Yes,Chewy,facebook
Petite,2026-05-06,08:24:00,No,Amazon,instagram
Petite,2026-05-06,09:27:00,Yes,Target,google
Petite,2026-05-06,10:30:00,No,Walmart,email
Petite,2026-05-06,11:33:00,Yes,PetSmart,facebook
Petite,2026-05-06,12:36:00,No,Chewy,instagram
Petite,2026-05-06,13:39:00,Yes,Amazon,google
Petite,2026-05-06,14:42:00,No,Target,email
Petite,2026-05-06,15:45:00,Yes,Walmart,facebook
Petite,2026-05-06,16:48:00,No,PetSmart,instagram
Petite,2026-05-06,17:51:00,Yes,Chewy,google
Petite,2026-05-06,18:54:00,No,Amazon,email
Petite,2026-05-06,19:57:00,Yes,Target,facebook
Petite,2026-05-06,08:00:00,No,Walmart,instagram
Petite,2026-05-06,09:03:00,Yes,PetSmart,google
Petite,2026-05-06,10:06:00,No,Chewy,email
Petite,2026-05-06,11:09:00,Yes,Amazon,facebook
Petite,2026-05-06,12:12:00,No,Target,instagram
Petite,2026-05-06,13:15:00,Yes,Walmart,google
Petite,2026-05-06,14:18:00,No,PetSmart,email
Petite,2026-05-06,15:21:00,Yes,Chewy,facebook
Petite,2026-05-06,16:24:00,No,Amazon,instagram
Petite,2026-05-06,17:27:00,Yes,Target,google
Petite,2026-05-06,18:30:00,No,Walmart,email
Petite,2026-05-06,19:33:00,Yes,PetSmart,facebook
Petite,2026-05-06,08:36:00,No,Chewy,instagram
Petite,2026-05-06,09:39:00,Yes,Amazon,google
Petite,2026-05-06,10:42:00,No,Target,email
Petite,2026-05-06,11:45:00,Yes,Walmart,facebook
Petite,2026-05-06,12:48:00,No,PetSmart,instagram
Petite,2026-05-06,13:51:00,Yes,Chewy,google
Petite,2026-05-06,14:54:00,No,Amazon,email
Petite,2026-05-06,15:57:00,Yes,Target,facebook
Petite,2026-05-06,16:00:00,No,Walmart,instagram
Petite,2026-05-06,17:03:00,Yes,PetSmart,google
Petite,2026-05-06,18:06:00,No,Chewy,email
Petite,2026-05-06,19:09:00,Yes,Amazon,facebook
Petite,2026-05-06,08:12:00,No,Target,instagram
Petite,2026-05-06,09:15:00,Yes,Walmart,google
Petite,2026-05-06,10:18:00,No,PetSmart,email
Petite,2026-05-06,11:21:00,Yes,Chewy,facebook
Regular,2026-05-06,08:00:00,No,Walmart,instagram
Regular,2026-05-06,09:03:00,Yes,PetSmart,google
Regular,2026-05-06,10:06:00,No,Chewy,email
Regular,2026-05-06,11:09:00,Yes,Amazon,facebook
Regular,2026-05-06,12:12:00,No,Target,instagram
Regular,2026-05-06,13:15:00,Yes,Walmart,google
Regular,2026-05-06,14:18:00,No,PetSmart,email
Regular,2026-05-06,15:21:00,Yes,Chewy,facebook
Regular,2026-05-06,16:24:00,No,Amazon,instagram
Regular,2026-05-06,17:27:00,Yes,Target,google
Regular,2026-05-06,18:30:00,No,Walmart,email
Regular,2026-05-06,19:33:00,Yes,PetSmart,facebook
Regular,2026-05-06,08:36:00,No,Chewy,instagram
Regular,2026-05-06,09:39:00,Yes,Amazon,google
Regular,2026-05-06,10:42:00,No,Target,email
Regular,2026-05-06,11:45:00,Yes,Walmart,facebook
Regular,2026-05-06,12:48:00,No,PetSmart,instagram
Regular,2026-05-06,13:51:00,Yes,Chewy,google
Regular,2026-05-06,14:54:00,No,Amazon,email
Regular,2026-05-06,15:57:00,Yes,Target,facebook
Regular,2026-05-06,16:00:00,No,Walmart,instagram
Regular,2026-05-06,17:03:00,Yes,PetSmart,google
Regular,2026-05-06,18:06:00,No,Chewy,email
Regular,2026-05-06,19:09:00,Yes,Amazon,facebook
Regular,2026-05-06,08:12:00,No,Target,instagram
Regular,2026-05-06,09:15:00,Yes,Walmart,google
Regular,2026-05-06,10:18:00,No,PetSmart,email
Regular,2026-05-06,11:21:00,Yes,Chewy,facebook
Regular,2026-05-06,12:24:00,No,Amazon,instagram
Regular,2026-05-06,13:27:00,Yes,Target,google
Regular,2026-05-06,14:30:00,No,Walmart,email
Regular,2026-05-06,15:33:00,Yes,PetSmart,facebook
Regular,2026-05-06,16:36:00,No,Chewy,instagram
Regular,2026-05-06,17:39:00,Yes,Amazon,google
Regular,2026-05-06,18:42:00,No,Target,email
Regular,2026-05-06,19:45:00,Yes,Walmart,facebook
Regular,2026-05-06,08:48:00,No,PetSmart,instagram
Regular,2026-05-06,09:51:00,Yes,Chewy,google
Regular,2026-05-06,10:54:00,No,Amazon,email
Regular,2026-05-06,11:57:00,Yes,Target,facebook
Regular,2026-05-06,12:00:00,No,Walmart,instagram
Regular,2026-05-06,13:03:00,Yes,PetSmart,google
Regular,2026-05-06,14:06:00,No,Chewy,email
Regular,2026-05-06,15:09:00,Yes,Amazon,facebook
Regular,2026-05-06,16:12:00,No,Target,instagram
Regular,2026-05-06,17:15:00,Yes,Walmart,google
Regular,2026-05-06,18:18:00,No,PetSmart,email
Regular,2026-05-06,19:21:00,Yes,Chewy,facebook
Regular,2026-05-06,08:24:00,No,Amazon,instagram
Regular,2026-05-06,09:27:00,Yes,Target,google
Regular,2026-05-06,10:30:00,No,Walmart,email
Regular,2026-05-06,11:33:00,Yes,PetSmart,facebook
Regular,2026-05-06,12:36:00,No,Chewy,instagram
Regular,2026-05-06,13:39:00,Yes,Amazon,google
Regular,2026-05-06,14:42:00,No,Target,email
Regular,2026-05-06,15:45:00,Yes,Walmart,facebook
Regular,2026-05-06,16:48:00,No,PetSmart,instagram
Regular,2026-05-06,17:51:00,Yes,Chewy,google
Regular,2026-05-06,18:54:00,No,Amazon,email
Regular,2026-05-06,19:57:00,Yes,Target,facebook
Regular,2026-05-06,08:00:00,No,Walmart,instagram
Regular,2026-05-06,09:03:00,Yes,PetSmart,google
Regular,2026-05-06,10:06:00,No,Chewy,email
Regular,2026-05-06,11:09:00,Yes,Amazon,facebook
Regular,2026-05-06,12:12:00,No,Target,instagram
Regular,2026-05-06,13:15:00,Yes,Walmart,google
Regular,2026-05-06,14:18:00,No,PetSmart,email
Regular,2026-05-06,15:21:00,Yes,Chewy,facebook
Regular,2026-05-06,16:24:00,No,Amazon,instagram
Regular,2026-05-06,17:27:00,Yes,Target,google
Regular,2026-05-06,18:30:00,No,Walmart,email
Regular,2026-05-06,19:33:00,Yes,PetSmart,facebook
Regular,2026-05-06,08:36:00,No,Chewy,instagram
Regular,2026-05-06,09:39:00,Yes,Amazon,google
Regular,2026-05-06,10:42:00,No,Target,email
Regular,2026-05-06,11:45:00,Yes,Walmart,facebook
Regular,2026-05-06,12:48:00,No,PetSmart,instagram
Regular,2026-05-06,13:51:00,Yes,Chewy,google
Regular,2026-05-06,14:54:00,No,Amazon,email
Regular,2026-05-06,15:57:00,Yes,Target,facebook
Regular,2026-05-06,16:00:00,No,Walmart,instagram
Regular,2026-05-06,17:03:00,Yes,PetSmart,google
Regular,2026-05-06,18:06:00,No,Chewy,email
Regular,2026-05-06,19:09:00,Yes,Amazon,facebook
Regular,2026-05-06,08:12:00,No,Target,instagram
Regular,2026-05-06,09:15:00,Yes,Walmart,google
Regular,2026-05-06,10:18:00,No,PetSmart,email
Regular,2026-05-06,11:21:00,Yes,Chewy,facebook
Regular,2026-05-06,12:24:00,No,Amazon,instagram
Regular,2026-05-06,13:27:00,Yes,Target,google
Regular,2026-05-06,14:30:00,No,Walmart,email
Regular,2026-05-06,15:33:00,Yes,PetSmart,facebook
Regular,2026-05-06,16:36:00,No,Chewy,instagram
Regular,2026-05-06,17:39:00,Yes,Amazon,google
Regular,2026-05-06,18:42:00,No,Target,email
Regular,2026-05-06,19:45:00,Yes,Walmart,facebook
Regular,2026-05-06,08:48:00,No,PetSmart,instagram
Regular,2026-05-06,09:51:00,Yes,Chewy,google
Regular,2026-05-06,10:54:00,No,Amazon,email
Regular,2026-05-06,11:57:00,Yes,Target,facebook
Regular,2026-05-06,12:00:00,No,Walmart,instagram
Regular,2026-05-06,13:03:00,Yes,PetSmart,google
Regular,2026-05-06,14:06:00,No,Chewy,email
Regular,2026-05-06,15:09:00,Yes,Amazon,facebook
Regular,2026-05-06,16:12:00,No,Target,instagram
Regular,2026-05-06,17:15:00,Yes,Walmart,google
Regular,2026-05-06,18:18:00,No,PetSmart,email
Regular,2026-05-06,19:21:00,Yes,Chewy,facebook
Regular,2026-05-06,08:24:00,No,Amazon,instagram
Regular,2026-05-06,09:27:00,Yes,Target,google
Regular,2026-05-06,10:30:00,No,Walmart,email
Regular,2026-05-06,11:33:00,Yes,PetSmart,facebook
Regular,2026-05-06,12:36:00,No,Chewy,instagram
Regular,2026-05-06,13:39:00,Yes,Amazon,google
Regular,2026-05-06,14:42:00,No,Target,email
Regular,2026-05-06,15:45:00,Yes,Walmart,facebook
Regular,2026-05-06,16:48:00,No,PetSmart,instagram
Regular,2026-05-06,17:51:00,Yes,Chewy,google
Regular,2026-05-06,18:54:00,No,Amazon,email
Regular,2026-05-06,19:57:00,Yes,Target,facebook
Regular,2026-05-06,08:00:00,No,Walmart,instagram
Regular,2026-05-06,09:03:00,Yes,PetSmart,google
Regular,2026-05-06,10:06:00,No,Chewy,email
Regular,2026-05-06,11:09:00,Yes,Amazon,facebook
Regular,2026-05-06,12:12:00,No,Target,instagram
Regular,2026-05-06,13:15:00,Yes,Walmart,google
Regular,2026-05-06,14:18:00,No,PetSmart,email
Regular,2026-05-06,15:21:00,Yes,Chewy,facebook
Regular,2026-05-06,16:24:00,No,Amazon,instagram
Regular,2026-05-06,17:27:00,Yes,Target,google
Regular,2026-05-06,18:30:00,No,Walmart,email
Regular,2026-05-06,19:33:00,Yes,PetSmart,facebook
Regular,2026-05-06,08:36:00,No,Chewy,instagram
Regular,2026-05-06,09:39:00,Yes,Amazon,google
Regular,2026-05-06,10:42:00,No,Target,email
Regular,2026-05-06,11:45:00,Yes,Walmart,facebook
Regular,2026-05-06,12:48:00,No,PetSmart,instagram
Regular,2026-05-06,13:51:00,Yes,Chewy,google
Large,2026-05-06,08:00:00,No,Walmart,instagram
Large,2026-05-06,09:03:00,Yes,PetSmart,google
Large,2026-05-06,10:06:00,No,Chewy,email
Large,2026-05-06,11:09:00,Yes,Amazon,facebook
Large,2026-05-06,12:12:00,No,Target,instagram
Large,2026-05-06,13:15:00,Yes,Walmart,google
Large,2026-05-06,14:18:00,No,PetSmart,email
Large,2026-05-06,15:21:00,Yes,Chewy,facebook
Large,2026-05-06,16:24:00,No,Amazon,instagram
Large,2026-05-06,17:27:00,Yes,Target,google
Large,2026-05-06,18:30:00,No,Walmart,email
Large,2026-05-06,19:33:00,Yes,PetSmart,facebook
Large,2026-05-06,08:36:00,No,Chewy,instagram
Large,2026-05-06,09:39:00,Yes,Amazon,google
Large,2026-05-06,10:42:00,No,Target,email
Large,2026-05-06,11:45:00,Yes,Walmart,facebook
Large,2026-05-06,12:48:00,No,PetSmart,instagram
Large,2026-05-06,13:51:00,Yes,Chewy,google
Large,2026-05-06,14:54:00,No,Amazon,email
Large,2026-05-06,15:57:00,Yes,Target,facebook
Large,2026-05-06,16:00:00,No,Walmart,instagram
Large,2026-05-06,17:03:00,Yes,PetSmart,google
Large,2026-05-06,18:06:00,No,Chewy,email
Large,2026-05-06,19:09:00,Yes,Amazon,facebook
Large,2026-05-06,08:12:00,No,Target,instagram
Large,2026-05-06,09:15:00,Yes,Walmart,google
Large,2026-05-06,10:18:00,No,PetSmart,email
Large,2026-05-06,11:21:00,Yes,Chewy,facebook
Large,2026-05-06,12:24:00,No,Amazon,instagram
Large,2026-05-06,13:27:00,Yes,Target,google
Large,2026-05-06,14:30:00,No,Walmart,email
Large,2026-05-06,15:33:00,Yes,PetSmart,facebook
Large,2026-05-06,16:36:00,No,Chewy,instagram
Large,2026-05-06,17:39:00,Yes,Amazon,google
Large,2026-05-06,18:42:00,No,Target,email
Large,2026-05-06,19:45:00,Yes,Walmart,facebook
Large,2026-05-06,08:48:00,No,PetSmart,instagram
Large,2026-05-06,09:51:00,Yes,Chewy,google
Large,2026-05-06,10:54:00,No,Amazon,email
Large,2026-05-06,11:57:00,Yes,Target,facebook
Large,2026-05-06,12:00:00,No,Walmart,instagram
Large,2026-05-06,13:03:00,Yes,PetSmart,google
Large,2026-05-06,14:06:00,No,Chewy,email
Large,2026-05-06,15:09:00,Yes,Amazon,facebook
Large,2026-05-06,16:12:00,No,Target,instagram
Large,2026-05-06,17:15:00,Yes,Walmart,google
Large,2026-05-06,18:18:00,No,PetSmart,email
Large,2026-05-06,19:21:00,Yes,Chewy,facebook
Large,2026-05-06,08:24:00,No,Amazon,instagram
Large,2026-05-06,09:27:00,Yes,Target,google
Large,2026-05-06,10:30:00,No,Walmart,email
Large,2026-05-06,11:33:00,Yes,PetSmart,facebook
Large,2026-05-06,12:36:00,No,Chewy,instagram
Large,2026-05-06,13:39:00,Yes,Amazon,google
Large,2026-05-06,14:42:00,No,Target,email
Large,2026-05-06,15:45:00,Yes,Walmart,facebook
Large,2026-05-06,16:48:00,No,PetSmart,instagram
Large,2026-05-06,17:51:00,Yes,Chewy,google
Large,2026-05-06,18:54:00,No,Amazon,email
Large,2026-05-06,19:57:00,Yes,Target,facebook
Large,2026-05-06,08:00:00,No,Walmart,instagram
Large,2026-05-06,09:03:00,Yes,PetSmart,google
Large,2026-05-06,10:06:00,No,Chewy,email
Large,2026-05-06,11:09:00,Yes,Amazon,facebook
Large,2026-05-06,12:12:00,No,Target,instagram
Large,2026-05-06,13:15:00,Yes,Walmart,google
Large,2026-05-06,14:18:00,No,PetSmart,email
Large,2026-05-06,15:21:00,Yes,Chewy,facebook
Large,2026-05-06,16:24:00,No,Amazon,instagram
Large,2026-05-06,17:27:00,Yes,Target,google
Large,2026-05-06,18:30:00,No,Walmart,email
Large,2026-05-06,19:33:00,Yes,PetSmart,facebook
Large,2026-05-06,08:36:00,No,Chewy,instagram
Large,2026-05-06,09:39:00,Yes,Amazon,google
Large,2026-05-06,10:42:00,No,Target,email
Large,2026-05-06,11:45:00,Yes,Walmart,facebook
Large,2026-05-06,12:48:00,No,PetSmart,instagram
Large,2026-05-06,13:51:00,Yes,Chewy,google
Large,2026-05-06,14:54:00,No,Amazon,email
Large,2026-05-06,15:57:00,Yes,Target,facebook
Large,2026-05-06,16:00:00,No,Walmart,instagram
Large,2026-05-06,17:03:00,Yes,PetSmart,google
Large,2026-05-06,18:06:00,No,Chewy,email
Large,2026-05-06,19:09:00,Yes,Amazon,facebook
Large,2026-05-06,08:12:00,No,Target,instagram
Large,2026-05-06,09:15:00,Yes,Walmart,google
Large,2026-05-06,10:18:00,No,PetSmart,email
Large,2026-05-06,11:21:00,Yes,Chewy,facebook
Large,2026-05-06,12:24:00,No,Amazon,instagram
Large,2026-05-06,13:27:00,Yes,Target,google
Large,2026-05-06,14:30:00,No,Walmart,email
Large,2026-05-06,15:33:00,Yes,PetSmart,facebook
Large,2026-05-06,16:36:00,No,Chewy,instagram
Large,2026-05-06,17:39:00,Yes,Amazon,google
Large,2026-05-06,18:42:00,No,Target,email
Large,2026-05-06,19:45:00,Yes,Walmart,facebook
Large,2026-05-06,08:48:00,No,PetSmart,instagram
Large,2026-05-06,09:51:00,Yes,Chewy,google
Large,2026-05-06,10:54:00,No,Amazon,email
Large,2026-05-06,11:57:00,Yes,Target,facebook
Large,2026-05-06,12:00:00,No,Walmart,instagram
Large,2026-05-06,13:03:00,Yes,PetSmart,google
Large,2026-05-06,14:06:00,No,Chewy,email
Large,2026-05-06,15:09:00,Yes,Amazon,facebook
Large,2026-05-06,16:12:00,No,Target,instagram
Large,2026-05-06,17:15:00,Yes,Walmart,google
Large,2026-05-06,18:18:00,No,PetSmart,email
Large,2026-05-06,19:21:00,Yes,Chewy,facebook
Large,2026-05-06,08:24:00,No,Amazon,instagram
Large,2026-05-06,09:27:00,Yes,Target,google
Large,2026-05-06,10:30:00,No,Walmart,email
Large,2026-05-06,11:33:00,Yes,PetSmart,facebook
Large,2026-05-06,12:36:00,No,Chewy,instagram
Large,2026-05-06,13:39:00,Yes,Amazon,google
Large,2026-05-06,14:42:00,No,Target,email
Large,2026-05-06,15:45:00,Yes,Walmart,facebook
Large,2026-05-06,16:48:00,No,PetSmart,instagram
Large,2026-05-06,17:51:00,Yes,Chewy,google
Large,2026-05-06,18:54:00,No,Amazon,email
Large,2026-05-06,19:57:00,Yes,Target,facebook
Large,2026-05-06,08:00:00,No,Walmart,instagram
Large,2026-05-06,09:03:00,Yes,PetSmart,google
Large,2026-05-06,10:06:00,No,Chewy,email
Large,2026-05-06,11:09:00,Yes,Amazon,facebook
Large,2026-05-06,12:12:00,No,Target,instagram
Large,2026-05-06,13:15:00,Yes,Walmart,google
Large,2026-05-06,14:18:00,No,PetSmart,email
Large,2026-05-06,15:21:00,Yes,Chewy,facebook
Large,2026-05-06,16:24:00,No,Amazon,instagram
Large,2026-05-06,17:27:00,Yes,Target,google
Large,2026-05-06,18:30:00,No,Walmart,email
Large,2026-05-06,19:33:00,Yes,PetSmart,facebook
Large,2026-05-06,08:36:00,No,Chewy,instagram
Large,2026-05-06,09:39:00,Yes,Amazon,google
Large,2026-05-06,10:42:00,No,Target,email
Large,2026-05-06,11:45:00,Yes,Walmart,facebook
Large,2026-05-06,12:48:00,No,PetSmart,instagram
Large,2026-05-06,13:51:00,Yes,Chewy,google
Large,2026-05-06,14:54:00,No,Amazon,email
Large,2026-05-06,15:57:00,Yes,Target,facebook
Large,2026-05-06,16:00:00,No,Walmart,instagram
Large,2026-05-06,17:03:00,Yes,PetSmart,google
Large,2026-05-06,18:06:00,No,Chewy,email
Large,2026-05-06,19:09:00,Yes,Amazon,facebook
Large,2026-05-06,08:12:00,No,Target,instagram
Large,2026-05-06,09:15:00,Yes,Walmart,google
Large,2026-05-06,10:18:00,No,PetSmart,email
Large,2026-05-06,11:21:00,Yes,Chewy,facebook
Large,2026-05-06,12:24:00,No,Amazon,instagram
Large,2026-05-06,13:27:00,Yes,Target,google
Large,2026-05-06,14:30:00,No,Walmart,email
Large,2026-05-06,15:33:00,Yes,PetSmart,facebook
Large,2026-05-06,16:36:00,No,Chewy,instagram
Large,2026-05-06,17:39:00,Yes,Amazon,google
Large,2026-05-06,18:42:00,No,Target,email
Large,2026-05-06,19:45:00,Yes,Walmart,facebook
Large,2026-05-06,08:48:00,No,PetSmart,instagram
Large,2026-05-06,09:51:00,Yes,Chewy,google
Large,2026-05-06,10:54:00,No,Amazon,email
Large,2026-05-06,11:57:00,Yes,Target,facebook
Large,2026-05-06,12:00:00,No,Walmart,instagram
Large,2026-05-06,13:03:00,Yes,PetSmart,google
Large,2026-05-06,14:06:00,No,Chewy,email
Large,2026-05-06,15:09:00,Yes,Amazon,facebook
Large,2026-05-06,16:12:00,No,Target,instagram
Large,2026-05-06,17:15:00,Yes,Walmart,google
Large,2026-05-06,18:18:00,No,PetSmart,email
Large,2026-05-06,19:21:00,Yes,Chewy,facebook
Large,2026-05-06,08:24:00,No,Amazon,instagram
Large,2026-05-06,09:27:00,Yes,Target,google
Large,2026-05-06,10:30:00,No,Walmart,email
Large,2026-05-06,11:33:00,Yes,PetSmart,facebook
Large,2026-05-06,12:36:00,No,Chewy,instagram
Large,2026-05-06,13:39:00,Yes,Amazon,google
Large,2026-05-06,14:42:00,No,Target,email
Large,2026-05-06,15:45:00,Yes,Walmart,facebook
Large,2026-05-06,16:48:00,No,PetSmart,instagram
Large,2026-05-06,17:51:00,Yes,Chewy,google
TEENIE,2026-05-07,08:00:00,Yes,PetSmart,google
TEENIE,2026-05-07,09:03:00,No,Chewy,email
TEENIE,2026-05-07,10:06:00,Yes,Amazon,facebook
TEENIE,2026-05-07,11:09:00,No,Target,instagram
TEENIE,2026-05-07,12:12:00,Yes,Walmart,google
TEENIE,2026-05-07,13:15:00,No,PetSmart,email
TEENIE,2026-05-07,14:18:00,Yes,Chewy,facebook
TEENIE,2026-05-07,15:21:00,No,Amazon,instagram
TEENIE,2026-05-07,16:24:00,Yes,Target,google
TEENIE,2026-05-07,17:27:00,No,Walmart,email
TEENIE,2026-05-07,18:30:00,Yes,PetSmart,facebook
TEENIE,2026-05-07,19:33:00,No,Chewy,instagram
TEENIE,2026-05-07,08:36:00,Yes,Amazon,google
TEENIE,2026-05-07,09:39:00,No,Target,email
TEENIE,2026-05-07,10:42:00,Yes,Walmart,facebook
TEENIE,2026-05-07,11:45:00,No,PetSmart,instagram
TEENIE,2026-05-07,12:48:00,Yes,Chewy,google
TEENIE,2026-05-07,13:51:00,No,Amazon,email
TEENIE,2026-05-07,14:54:00,Yes,Target,facebook
TEENIE,2026-05-07,15:57:00,No,Walmart,instagram
TEENIE,2026-05-07,16:00:00,Yes,PetSmart,google
TEENIE,2026-05-07,17:03:00,No,Chewy,email
TEENIE,2026-05-07,18:06:00,Yes,Amazon,facebook
TEENIE,2026-05-07,19:09:00,No,Target,instagram
TEENIE,2026-05-07,08:12:00,Yes,Walmart,google
TEENIE,2026-05-07,09:15:00,No,PetSmart,email
TEENIE,2026-05-07,10:18:00,Yes,Chewy,facebook
TEENIE,2026-05-07,11:21:00,No,Amazon,instagram
TEENIE,2026-05-07,12:24:00,Yes,Target,google
TEENIE,2026-05-07,13:27:00,No,Walmart,email
TEENIE,2026-05-07,14:30:00,Yes,PetSmart,facebook
TEENIE,2026-05-07,15:33:00,No,Chewy,instagram
TEENIE,2026-05-07,16:36:00,Yes,Amazon,google
TEENIE,2026-05-07,17:39:00,No,Target,email
TEENIE,2026-05-07,18:42:00,Yes,Walmart,facebook
TEENIE,2026-05-07,19:45:00,No,PetSmart,instagram
TEENIE,2026-05-07,08:48:00,Yes,Chewy,google
TEENIE,2026-05-07,09:51:00,No,Amazon,email
TEENIE,2026-05-07,10:54:00,Yes,Target,facebook
TEENIE,2026-05-07,11:57:00,No,Walmart,instagram
TEENIE,2026-05-07,12:00:00,Yes,PetSmart,google
TEENIE,2026-05-07,13:03:00,No,Chewy,email
TEENIE,2026-05-07,14:06:00,Yes,Amazon,facebook
TEENIE,2026-05-07,15:09:00,No,Target,instagram
TEENIE,2026-05-07,16:12:00,Yes,Walmart,google
TEENIE,2026-05-07,17:15:00,No,PetSmart,email
TEENIE,2026-05-07,18:18:00,Yes,Chewy,facebook
TEENIE,2026-05-07,19:21:00,No,Amazon,instagram
TEENIE,2026-05-07,08:24:00,Yes,Target,google
TEENIE,2026-05-07,09:27:00,No,Walmart,email
TEENIE,2026-05-07,10:30:00,Yes,PetSmart,facebook
TEENIE,2026-05-07,11:33:00,No,Chewy,instagram
TEENIE,2026-05-07,12:36:00,Yes,Amazon,google
TEENIE,2026-05-07,13:39:00,No,Target,email
TEENIE,2026-05-07,14:42:00,Yes,Walmart,facebook
TEENIE,2026-05-07,15:45:00,No,PetSmart,instagram
TEENIE,2026-05-07,16:48:00,Yes,Chewy,google
TEENIE,2026-05-07,17:51:00,No,Amazon,email
TEENIE,2026-05-07,18:54:00,Yes,Target,facebook
TEENIE,2026-05-07,19:57:00,No,Walmart,instagram
TEENIE,2026-05-07,08:00:00,Yes,PetSmart,google
TEENIE,2026-05-07,09:03:00,No,Chewy,email
TEENIE,2026-05-07,10:06:00,Yes,Amazon,facebook
TEENIE,2026-05-07,11:09:00,No,Target,instagram
TEENIE,2026-05-07,12:12:00,Yes,Walmart,google
TEENIE,2026-05-07,13:15:00,No,PetSmart,email
TEENIE,2026-05-07,14:18:00,Yes,Chewy,facebook
TEENIE,2026-05-07,15:21:00,No,Amazon,instagram
TEENIE,2026-05-07,16:24:00,Yes,Target,google
TEENIE,2026-05-07,17:27:00,No,Walmart,email
TEENIE,2026-05-07,18:30:00,Yes,PetSmart,facebook
TEENIE,2026-05-07,19:33:00,No,Chewy,instagram
TEENIE,2026-05-07,08:36:00,Yes,Amazon,google
TEENIE,2026-05-07,09:39:00,No,Target,email
TEENIE,2026-05-07,10:42:00,Yes,Walmart,facebook
TEENIE,2026-05-07,11:45:00,No,PetSmart,instagram
TEENIE,2026-05-07,12:48:00,Yes,Chewy,google
TEENIE,2026-05-07,13:51:00,No,Amazon,email
TEENIE,2026-05-07,14:54:00,Yes,Target,facebook
TEENIE,2026-05-07,15:57:00,No,Walmart,instagram
TEENIE,2026-05-07,16:00:00,Yes,PetSmart,google
TEENIE,2026-05-07,17:03:00,No,Chewy,email
TEENIE,2026-05-07,18:06:00,Yes,Amazon,facebook
TEENIE,2026-05-07,19:09:00,No,Target,instagram
TEENIE,2026-05-07,08:12:00,Yes,Walmart,google
TEENIE,2026-05-07,09:15:00,No,PetSmart,email
TEENIE,2026-05-07,10:18:00,Yes,Chewy,facebook
TEENIE,2026-05-07,11:21:00,No,Amazon,instagram
TEENIE,2026-05-07,12:24:00,Yes,Target,google
TEENIE,2026-05-07,13:27:00,No,Walmart,email
TEENIE,2026-05-07,14:30:00,Yes,PetSmart,facebook
TEENIE,2026-05-07,15:33:00,No,Chewy,instagram
TEENIE,2026-05-07,16:36:00,Yes,Amazon,google
TEENIE,2026-05-07,17:39:00,No,Target,email
TEENIE,2026-05-07,18:42:00,Yes,Walmart,facebook
TEENIE,2026-05-07,19:45:00,No,PetSmart,instagram
TEENIE,2026-05-07,08:48:00,Yes,Chewy,google
TEENIE,2026-05-07,09:51:00,No,Amazon,email
TEENIE,2026-05-07,10:54:00,Yes,Target,facebook
TEENIE,2026-05-07,11:57:00,No,Walmart,instagram
TEENIE,2026-05-07,12:00:00,Yes,PetSmart,google
TEENIE,2026-05-07,13:03:00,No,Chewy,email
TEENIE,2026-05-07,14:06:00,Yes,Amazon,facebook
TEENIE,2026-05-07,15:09:00,No,Target,instagram
TEENIE,2026-05-07,16:12:00,Yes,Walmart,google
TEENIE,2026-05-07,17:15:00,No,PetSmart,email
TEENIE,2026-05-07,18:18:00,Yes,Chewy,facebook
TEENIE,2026-05-07,19:21:00,No,Amazon,instagram
TEENIE,2026-05-07,08:24:00,Yes,Target,google
TEENIE,2026-05-07,09:27:00,No,Walmart,email
TEENIE,2026-05-07,10:30:00,Yes,PetSmart,facebook
TEENIE,2026-05-07,11:33:00,No,Chewy,instagram
TEENIE,2026-05-07,12:36:00,Yes,Amazon,google
TEENIE,2026-05-07,13:39:00,No,Target,email
TEENIE,2026-05-07,14:42:00,Yes,Walmart,facebook
TEENIE,2026-05-07,15:45:00,No,PetSmart,instagram
TEENIE,2026-05-07,16:48:00,Yes,Chewy,google
TEENIE,2026-05-07,17:51:00,No,Amazon,email
TEENIE,2026-05-07,18:54:00,Yes,Target,facebook
TEENIE,2026-05-07,19:57:00,No,Walmart,instagram
TEENIE,2026-05-07,08:00:00,Yes,PetSmart,google
TEENIE,2026-05-07,09:03:00,No,Chewy,email
TEENIE,2026-05-07,10:06:00,Yes,Amazon,facebook
TEENIE,2026-05-07,11:09:00,No,Target,instagram
TEENIE,2026-05-07,12:12:00,Yes,Walmart,google
Petite,2026-05-07,08:00:00,Yes,PetSmart,google
Petite,2026-05-07,09:03:00,No,Chewy,email
Petite,2026-05-07,10:06:00,Yes,Amazon,facebook
Petite,2026-05-07,11:09:00,No,Target,instagram
Petite,2026-05-07,12:12:00,Yes,Walmart,google
Petite,2026-05-07,13:15:00,No,PetSmart,email
Petite,2026-05-07,14:18:00,Yes,Chewy,facebook
Petite,2026-05-07,15:21:00,No,Amazon,instagram
Petite,2026-05-07,16:24:00,Yes,Target,google
Petite,2026-05-07,17:27:00,No,Walmart,email
Petite,2026-05-07,18:30:00,Yes,PetSmart,facebook
Petite,2026-05-07,19:33:00,No,Chewy,instagram
Petite,2026-05-07,08:36:00,Yes,Amazon,google
Petite,2026-05-07,09:39:00,No,Target,email
Petite,2026-05-07,10:42:00,Yes,Walmart,facebook
Petite,2026-05-07,11:45:00,No,PetSmart,instagram
Petite,2026-05-07,12:48:00,Yes,Chewy,google
Petite,2026-05-07,13:51:00,No,Amazon,email
Petite,2026-05-07,14:54:00,Yes,Target,facebook
Petite,2026-05-07,15:57:00,No,Walmart,instagram
Petite,2026-05-07,16:00:00,Yes,PetSmart,google
Petite,2026-05-07,17:03:00,No,Chewy,email
Petite,2026-05-07,18:06:00,Yes,Amazon,facebook
Petite,2026-05-07,19:09:00,No,Target,instagram
Petite,2026-05-07,08:12:00,Yes,Walmart,google
Petite,2026-05-07,09:15:00,No,PetSmart,email
Petite,2026-05-07,10:18:00,Yes,Chewy,facebook
Petite,2026-05-07,11:21:00,No,Amazon,instagram
Petite,2026-05-07,12:24:00,Yes,Target,google
Petite,2026-05-07,13:27:00,No,Walmart,email
Petite,2026-05-07,14:30:00,Yes,PetSmart,facebook
Petite,2026-05-07,15:33:00,No,Chewy,instagram
Petite,2026-05-07,16:36:00,Yes,Amazon,google
Petite,2026-05-07,17:39:00,No,Target,email
Petite,2026-05-07,18:42:00,Yes,Walmart,facebook
Petite,2026-05-07,19:45:00,No,PetSmart,instagram
Petite,2026-05-07,08:48:00,Yes,Chewy,google
Petite,2026-05-07,09:51:00,No,Amazon,email
Petite,2026-05-07,10:54:00,Yes,Target,facebook
Petite,2026-05-07,11:57:00,No,Walmart,instagram
Petite,2026-05-07,12:00:00,Yes,PetSmart,google
Petite,2026-05-07,13:03:00,No,Chewy,email
Petite,2026-05-07,14:06:00,Yes,Amazon,facebook
Petite,2026-05-07,15:09:00,No,Target,instagram
Petite,2026-05-07,16:12:00,Yes,Walmart,google
Petite,2026-05-07,17:15:00,No,PetSmart,email
Petite,2026-05-07,18:18:00,Yes,Chewy,facebook
Petite,2026-05-07,19:21:00,No,Amazon,instagram
Petite,2026-05-07,08:24:00,Yes,Target,google
Petite,2026-05-07,09:27:00,No,Walmart,email
Petite,2026-05-07,10:30:00,Yes,PetSmart,facebook
Petite,2026-05-07,11:33:00,No,Chewy,instagram
Petite,2026-05-07,12:36:00,Yes,Amazon,google
Petite,2026-05-07,13:39:00,No,Target,email
Petite,2026-05-07,14:42:00,Yes,Walmart,facebook
Petite,2026-05-07,15:45:00,No,PetSmart,instagram
Petite,2026-05-07,16:48:00,Yes,Chewy,google
Petite,2026-05-07,17:51:00,No,Amazon,email
Petite,2026-05-07,18:54:00,Yes,Target,facebook
Petite,2026-05-07,19:57:00,No,Walmart,instagram
Petite,2026-05-07,08:00:00,Yes,PetSmart,google
Petite,2026-05-07,09:03:00,No,Chewy,email
Petite,2026-05-07,10:06:00,Yes,Amazon,facebook
Petite,2026-05-07,11:09:00,No,Target,instagram
Petite,2026-05-07,12:12:00,Yes,Walmart,google
Petite,2026-05-07,13:15:00,No,PetSmart,email
Petite,2026-05-07,14:18:00,Yes,Chewy,facebook
Petite,2026-05-07,15:21:00,No,Amazon,instagram
Petite,2026-05-07,16:24:00,Yes,Target,google
Petite,2026-05-07,17:27:00,No,Walmart,email
Petite,2026-05-07,18:30:00,Yes,PetSmart,facebook
Petite,2026-05-07,19:33:00,No,Chewy,instagram
Petite,2026-05-07,08:36:00,Yes,Amazon,google
Petite,2026-05-07,09:39:00,No,Target,email
Petite,2026-05-07,10:42:00,Yes,Walmart,facebook
Petite,2026-05-07,11:45:00,No,PetSmart,instagram
Petite,2026-05-07,12:48:00,Yes,Chewy,google
Petite,2026-05-07,13:51:00,No,Amazon,email
Petite,2026-05-07,14:54:00,Yes,Target,facebook
Petite,2026-05-07,15:57:00,No,Walmart,instagram
Petite,2026-05-07,16:00:00,Yes,PetSmart,google
Petite,2026-05-07,17:03:00,No,Chewy,email
Petite,2026-05-07,18:06:00,Yes,Amazon,facebook
Petite,2026-05-07,19:09:00,No,Target,instagram
Petite,2026-05-07,08:12:00,Yes,Walmart,google
Petite,2026-05-07,09:15:00,No,PetSmart,email
Petite,2026-05-07,10:18:00,Yes,Chewy,facebook
Petite,2026-05-07,11:21:00,No,Amazon,instagram
Petite,2026-05-07,12:24:00,Yes,Target,google
Petite,2026-05-07,13:27:00,No,Walmart,email
Petite,2026-05-07,14:30:00,Yes,PetSmart,facebook
Petite,2026-05-07,15:33:00,No,Chewy,instagram
Petite,2026-05-07,16:36:00,Yes,Amazon,google
Petite,2026-05-07,17:39:00,No,Target,email
Petite,2026-05-07,18:42:00,Yes,Walmart,facebook
Regular,2026-05-07,08:00:00,Yes,PetSmart,google
Regular,2026-05-07,09:03:00,No,Chewy,email
Regular,2026-05-07,10:06:00,Yes,Amazon,facebook
Regular,2026-05-07,11:09:00,No,Target,instagram
Regular,2026-05-07,12:12:00,Yes,Walmart,google
Regular,2026-05-07,13:15:00,No,PetSmart,email
Regular,2026-05-07,14:18:00,Yes,Chewy,facebook
Regular,2026-05-07,15:21:00,No,Amazon,instagram
Regular,2026-05-07,16:24:00,Yes,Target,google
Regular,2026-05-07,17:27:00,No,Walmart,email
Regular,2026-05-07,18:30:00,Yes,PetSmart,facebook
Regular,2026-05-07,19:33:00,No,Chewy,instagram
Regular,2026-05-07,08:36:00,Yes,Amazon,google
Regular,2026-05-07,09:39:00,No,Target,email
Regular,2026-05-07,10:42:00,Yes,Walmart,facebook
Regular,2026-05-07,11:45:00,No,PetSmart,instagram
Regular,2026-05-07,12:48:00,Yes,Chewy,google
Regular,2026-05-07,13:51:00,No,Amazon,email
Regular,2026-05-07,14:54:00,Yes,Target,facebook
Regular,2026-05-07,15:57:00,No,Walmart,instagram
Regular,2026-05-07,16:00:00,Yes,PetSmart,google
Regular,2026-05-07,17:03:00,No,Chewy,email
Regular,2026-05-07,18:06:00,Yes,Amazon,facebook
Regular,2026-05-07,19:09:00,No,Target,instagram
Regular,2026-05-07,08:12:00,Yes,Walmart,google
Regular,2026-05-07,09:15:00,No,PetSmart,email
Regular,2026-05-07,10:18:00,Yes,Chewy,facebook
Regular,2026-05-07,11:21:00,No,Amazon,instagram
Regular,2026-05-07,12:24:00,Yes,Target,google
Regular,2026-05-07,13:27:00,No,Walmart,email
Regular,2026-05-07,14:30:00,Yes,PetSmart,facebook
Regular,2026-05-07,15:33:00,No,Chewy,instagram
Regular,2026-05-07,16:36:00,Yes,Amazon,google
Regular,2026-05-07,17:39:00,No,Target,email
Regular,2026-05-07,18:42:00,Yes,Walmart,facebook
Regular,2026-05-07,19:45:00,No,PetSmart,instagram
Regular,2026-05-07,08:48:00,Yes,Chewy,google
Regular,2026-05-07,09:51:00,No,Amazon,email
Regular,2026-05-07,10:54:00,Yes,Target,facebook
Regular,2026-05-07,11:57:00,No,Walmart,instagram
Regular,2026-05-07,12:00:00,Yes,PetSmart,google
Regular,2026-05-07,13:03:00,No,Chewy,email
Regular,2026-05-07,14:06:00,Yes,Amazon,facebook
Regular,2026-05-07,15:09:00,No,Target,instagram
Regular,2026-05-07,16:12:00,Yes,Walmart,google
Regular,2026-05-07,17:15:00,No,PetSmart,email
Regular,2026-05-07,18:18:00,Yes,Chewy,facebook
Regular,2026-05-07,19:21:00,No,Amazon,instagram
Regular,2026-05-07,08:24:00,Yes,Target,google
Regular,2026-05-07,09:27:00,No,Walmart,email
Regular,2026-05-07,10:30:00,Yes,PetSmart,facebook
Regular,2026-05-07,11:33:00,No,Chewy,instagram
Regular,2026-05-07,12:36:00,Yes,Amazon,google
Regular,2026-05-07,13:39:00,No,Target,email
Regular,2026-05-07,14:42:00,Yes,Walmart,facebook
Regular,2026-05-07,15:45:00,No,PetSmart,instagram
Regular,2026-05-07,16:48:00,Yes,Chewy,google
Regular,2026-05-07,17:51:00,No,Amazon,email
Regular,2026-05-07,18:54:00,Yes,Target,facebook
Regular,2026-05-07,19:57:00,No,Walmart,instagram
Regular,2026-05-07,08:00:00,Yes,PetSmart,google
Regular,2026-05-07,09:03:00,No,Chewy,email
Regular,2026-05-07,10:06:00,Yes,Amazon,facebook
Regular,2026-05-07,11:09:00,No,Target,instagram
Regular,2026-05-07,12:12:00,Yes,Walmart,google
Regular,2026-05-07,13:15:00,No,PetSmart,email
Regular,2026-05-07,14:18:00,Yes,Chewy,facebook
Regular,2026-05-07,15:21:00,No,Amazon,instagram
Regular,2026-05-07,16:24:00,Yes,Target,google
Regular,2026-05-07,17:27:00,No,Walmart,email
Regular,2026-05-07,18:30:00,Yes,PetSmart,facebook
Regular,2026-05-07,19:33:00,No,Chewy,instagram
Regular,2026-05-07,08:36:00,Yes,Amazon,google
Regular,2026-05-07,09:39:00,No,Target,email
Regular,2026-05-07,10:42:00,Yes,Walmart,facebook
Regular,2026-05-07,11:45:00,No,PetSmart,instagram
Regular,2026-05-07,12:48:00,Yes,Chewy,google
Regular,2026-05-07,13:51:00,No,Amazon,email
Regular,2026-05-07,14:54:00,Yes,Target,facebook
Regular,2026-05-07,15:57:00,No,Walmart,instagram
Regular,2026-05-07,16:00:00,Yes,PetSmart,google
Regular,2026-05-07,17:03:00,No,Chewy,email
Regular,2026-05-07,18:06:00,Yes,Amazon,facebook
Regular,2026-05-07,19:09:00,No,Target,instagram
Regular,2026-05-07,08:12:00,Yes,Walmart,google
Regular,2026-05-07,09:15:00,No,PetSmart,email
Regular,2026-05-07,10:18:00,Yes,Chewy,facebook
Regular,2026-05-07,11:21:00,No,Amazon,instagram
Regular,2026-05-07,12:24:00,Yes,Target,google
Regular,2026-05-07,13:27:00,No,Walmart,email
Regular,2026-05-07,14:30:00,Yes,PetSmart,facebook
Regular,2026-05-07,15:33:00,No,Chewy,instagram
Regular,2026-05-07,16:36:00,Yes,Amazon,google
Regular,2026-05-07,17:39:00,No,Target,email
Regular,2026-05-07,18:42:00,Yes,Walmart,facebook
Regular,2026-05-07,19:45:00,No,PetSmart,instagram
Regular,2026-05-07,08:48:00,Yes,Chewy,google
Regular,2026-05-07,09:51:00,No,Amazon,email
Regular,2026-05-07,10:54:00,Yes,Target,facebook
Regular,2026-05-07,11:57:00,No,Walmart,instagram
Regular,2026-05-07,12:00:00,Yes,PetSmart,google
Regular,2026-05-07,13:03:00,No,Chewy,email
Regular,2026-05-07,14:06:00,Yes,Amazon,facebook
Regular,2026-05-07,15:09:00,No,Target,instagram
Regular,2026-05-07,16:12:00,Yes,Walmart,google
Regular,2026-05-07,17:15:00,No,PetSmart,email
Regular,2026-05-07,18:18:00,Yes,Chewy,facebook
Regular,2026-05-07,19:21:00,No,Amazon,instagram
Regular,2026-05-07,08:24:00,Yes,Target,google
Regular,2026-05-07,09:27:00,No,Walmart,email
Regular,2026-05-07,10:30:00,Yes,PetSmart,facebook
Regular,2026-05-07,11:33:00,No,Chewy,instagram
Regular,2026-05-07,12:36:00,Yes,Amazon,google
Regular,2026-05-07,13:39:00,No,Target,email
Regular,2026-05-07,14:42:00,Yes,Walmart,facebook
Regular,2026-05-07,15:45:00,No,PetSmart,instagram
Regular,2026-05-07,16:48:00,Yes,Chewy,google
Regular,2026-05-07,17:51:00,No,Amazon,email
Regular,2026-05-07,18:54:00,Yes,Target,facebook
Regular,2026-05-07,19:57:00,No,Walmart,instagram
Regular,2026-05-07,08:00:00,Yes,PetSmart,google
Regular,2026-05-07,09:03:00,No,Chewy,email
Regular,2026-05-07,10:06:00,Yes,Amazon,facebook
Regular,2026-05-07,11:09:00,No,Target,instagram
Regular,2026-05-07,12:12:00,Yes,Walmart,google
Regular,2026-05-07,13:15:00,No,PetSmart,email
Regular,2026-05-07,14:18:00,Yes,Chewy,facebook
Regular,2026-05-07,15:21:00,No,Amazon,instagram
Regular,2026-05-07,16:24:00,Yes,Target,google
Regular,2026-05-07,17:27:00,No,Walmart,email
Regular,2026-05-07,18:30:00,Yes,PetSmart,facebook
Regular,2026-05-07,19:33:00,No,Chewy,instagram
Regular,2026-05-07,08:36:00,Yes,Amazon,google
Regular,2026-05-07,09:39:00,No,Target,email
Regular,2026-05-07,10:42:00,Yes,Walmart,facebook
Regular,2026-05-07,11:45:00,No,PetSmart,instagram
Regular,2026-05-07,12:48:00,Yes,Chewy,google
Regular,2026-05-07,13:51:00,No,Amazon,email
Regular,2026-05-07,14:54:00,Yes,Target,facebook
Regular,2026-05-07,15:57:00,No,Walmart,instagram
Regular,2026-05-07,16:00:00,Yes,PetSmart,google
Regular,2026-05-07,17:03:00,No,Chewy,email
Regular,2026-05-07,18:06:00,Yes,Amazon,facebook
Regular,2026-05-07,19:09:00,No,Target,instagram
Regular,2026-05-07,08:12:00,Yes,Walmart,google
Large,2026-05-07,08:00:00,Yes,PetSmart,google
Large,2026-05-07,09:03:00,No,Chewy,email
Large,2026-05-07,10:06:00,Yes,Amazon,facebook
Large,2026-05-07,11:09:00,No,Target,instagram
Large,2026-05-07,12:12:00,Yes,Walmart,google
Large,2026-05-07,13:15:00,No,PetSmart,email
Large,2026-05-07,14:18:00,Yes,Chewy,facebook
Large,2026-05-07,15:21:00,No,Amazon,instagram
Large,2026-05-07,16:24:00,Yes,Target,google
Large,2026-05-07,17:27:00,No,Walmart,email
Large,2026-05-07,18:30:00,Yes,PetSmart,facebook
Large,2026-05-07,19:33:00,No,Chewy,instagram
Large,2026-05-07,08:36:00,Yes,Amazon,google
Large,2026-05-07,09:39:00,No,Target,email
Large,2026-05-07,10:42:00,Yes,Walmart,facebook
Large,2026-05-07,11:45:00,No,PetSmart,instagram
Large,2026-05-07,12:48:00,Yes,Chewy,google
Large,2026-05-07,13:51:00,No,Amazon,email
Large,2026-05-07,14:54:00,Yes,Target,facebook
Large,2026-05-07,15:57:00,No,Walmart,instagram
Large,2026-05-07,16:00:00,Yes,PetSmart,google
Large,2026-05-07,17:03:00,No,Chewy,email
Large,2026-05-07,18:06:00,Yes,Amazon,facebook
Large,2026-05-07,19:09:00,No,Target,instagram
Large,2026-05-07,08:12:00,Yes,Walmart,google
Large,2026-05-07,09:15:00,No,PetSmart,email
Large,2026-05-07,10:18:00,Yes,Chewy,facebook
Large,2026-05-07,11:21:00,No,Amazon,instagram
Large,2026-05-07,12:24:00,Yes,Target,google
Large,2026-05-07,13:27:00,No,Walmart,email
Large,2026-05-07,14:30:00,Yes,PetSmart,facebook
Large,2026-05-07,15:33:00,No,Chewy,instagram
Large,2026-05-07,16:36:00,Yes,Amazon,google
Large,2026-05-07,17:39:00,No,Target,email
Large,2026-05-07,18:42:00,Yes,Walmart,facebook
Large,2026-05-07,19:45:00,No,PetSmart,instagram
Large,2026-05-07,08:48:00,Yes,Chewy,google
Large,2026-05-07,09:51:00,No,Amazon,email
Large,2026-05-07,10:54:00,Yes,Target,facebook
Large,2026-05-07,11:57:00,No,Walmart,instagram
Large,2026-05-07,12:00:00,Yes,PetSmart,google
Large,2026-05-07,13:03:00,No,Chewy,email
Large,2026-05-07,14:06:00,Yes,Amazon,facebook
Large,2026-05-07,15:09:00,No,Target,instagram
Large,2026-05-07,16:12:00,Yes,Walmart,google
Large,2026-05-07,17:15:00,No,PetSmart,email
Large,2026-05-07,18:18:00,Yes,Chewy,facebook
Large,2026-05-07,19:21:00,No,Amazon,instagram
Large,2026-05-07,08:24:00,Yes,Target,google
Large,2026-05-07,09:27:00,No,Walmart,email
Large,2026-05-07,10:30:00,Yes,PetSmart,facebook
Large,2026-05-07,11:33:00,No,Chewy,instagram
Large,2026-05-07,12:36:00,Yes,Amazon,google
Large,2026-05-07,13:39:00,No,Target,email
Large,2026-05-07,14:42:00,Yes,Walmart,facebook
Large,2026-05-07,15:45:00,No,PetSmart,instagram
Large,2026-05-07,16:48:00,Yes,Chewy,google
Large,2026-05-07,17:51:00,No,Amazon,email
Large,2026-05-07,18:54:00,Yes,Target,facebook
Large,2026-05-07,19:57:00,No,Walmart,instagram
Large,2026-05-07,08:00:00,Yes,PetSmart,google
Large,2026-05-07,09:03:00,No,Chewy,email
Large,2026-05-07,10:06:00,Yes,Amazon,facebook
Large,2026-05-07,11:09:00,No,Target,instagram
Large,2026-05-07,12:12:00,Yes,Walmart,google
Large,2026-05-07,13:15:00,No,PetSmart,email
Large,2026-05-07,14:18:00,Yes,Chewy,facebook
Large,2026-05-07,15:21:00,No,Amazon,instagram
Large,2026-05-07,16:24:00,Yes,Target,google
Large,2026-05-07,17:27:00,No,Walmart,email
Large,2026-05-07,18:30:00,Yes,PetSmart,facebook
Large,2026-05-07,19:33:00,No,Chewy,instagram
Large,2026-05-07,08:36:00,Yes,Amazon,google
Large,2026-05-07,09:39:00,No,Target,email
Large,2026-05-07,10:42:00,Yes,Walmart,facebook
Large,2026-05-07,11:45:00,No,PetSmart,instagram
Large,2026-05-07,12:48:00,Yes,Chewy,google
Large,2026-05-07,13:51:00,No,Amazon,email
Large,2026-05-07,14:54:00,Yes,Target,facebook
Large,2026-05-07,15:57:00,No,Walmart,instagram
Large,2026-05-07,16:00:00,Yes,PetSmart,google
Large,2026-05-07,17:03:00,No,Chewy,email
Large,2026-05-07,18:06:00,Yes,Amazon,facebook
Large,2026-05-07,19:09:00,No,Target,instagram
Large,2026-05-07,08:12:00,Yes,Walmart,google
Large,2026-05-07,09:15:00,No,PetSmart,email
Large,2026-05-07,10:18:00,Yes,Chewy,facebook
Large,2026-05-07,11:21:00,No,Amazon,instagram
Large,2026-05-07,12:24:00,Yes,Target,google
Large,2026-05-07,13:27:00,No,Walmart,email
Large,2026-05-07,14:30:00,Yes,PetSmart,facebook
Large,2026-05-07,15:33:00,No,Chewy,instagram
Large,2026-05-07,16:36:00,Yes,Amazon,google
Large,2026-05-07,17:39:00,No,Target,email
Large,2026-05-07,18:42:00,Yes,Walmart,facebook
Large,2026-05-07,19:45:00,No,PetSmart,instagram
Large,2026-05-07,08:48:00,Yes,Chewy,google
Large,2026-05-07,09:51:00,No,Amazon,email
Large,2026-05-07,10:54:00,Yes,Target,facebook
Large,2026-05-07,11:57:00,No,Walmart,instagram
Large,2026-05-07,12:00:00,Yes,PetSmart,google
Large,2026-05-07,13:03:00,No,Chewy,email
Large,2026-05-07,14:06:00,Yes,Amazon,facebook
Large,2026-05-07,15:09:00,No,Target,instagram
Large,2026-05-07,16:12:00,Yes,Walmart,google
Large,2026-05-07,17:15:00,No,PetSmart,email
Large,2026-05-07,18:18:00,Yes,Chewy,facebook
Large,2026-05-07,19:21:00,No,Amazon,instagram
Large,2026-05-07,08:24:00,Yes,Target,google
Large,2026-05-07,09:27:00,No,Walmart,email
Large,2026-05-07,10:30:00,Yes,PetSmart,facebook
Large,2026-05-07,11:33:00,No,Chewy,instagram
Large,2026-05-07,12:36:00,Yes,Amazon,google
Large,2026-05-07,13:39:00,No,Target,email
Large,2026-05-07,14:42:00,Yes,Walmart,facebook
Large,2026-05-07,15:45:00,No,PetSmart,instagram
Large,2026-05-07,16:48:00,Yes,Chewy,google
Large,2026-05-07,17:51:00,No,Amazon,email
Large,2026-05-07,18:54:00,Yes,Target,facebook
Large,2026-05-07,19:57:00,No,Walmart,instagram
Large,2026-05-07,08:00:00,Yes,PetSmart,google
Large,2026-05-07,09:03:00,No,Chewy,email
Large,2026-05-07,10:06:00,Yes,Amazon,facebook
Large,2026-05-07,11:09:00,No,Target,instagram
Large,2026-05-07,12:12:00,Yes,Walmart,google
Large,2026-05-07,13:15:00,No,PetSmart,email
Large,2026-05-07,14:18:00,Yes,Chewy,facebook
Large,2026-05-07,15:21:00,No,Amazon,instagram
Large,2026-05-07,16:24:00,Yes,Target,google
Large,2026-05-07,17:27:00,No,Walmart,email
Large,2026-05-07,18:30:00,Yes,PetSmart,facebook
Large,2026-05-07,19:33:00,No,Chewy,instagram
Large,2026-05-07,08:36:00,Yes,Amazon,google
Large,2026-05-07,09:39:00,No,Target,email
Large,2026-05-07,10:42:00,Yes,Walmart,facebook
Large,2026-05-07,11:45:00,No,PetSmart,instagram
Large,2026-05-07,12:48:00,Yes,Chewy,google
Large,2026-05-07,13:51:00,No,Amazon,email
Large,2026-05-07,14:54:00,Yes,Target,facebook
Large,2026-05-07,15:57:00,No,Walmart,instagram
Large,2026-05-07,16:00:00,Yes,PetSmart,google
Large,2026-05-07,17:03:00,No,Chewy,email
Large,2026-05-07,18:06:00,Yes,Amazon,facebook
Large,2026-05-07,19:09:00,No,Target,instagram
Large,2026-05-07,08:12:00,Yes,Walmart,google
Large,2026-05-07,09:15:00,No,PetSmart,email
Large,2026-05-07,10:18:00,Yes,Chewy,facebook
Large,2026-05-07,11:21:00,No,Amazon,instagram
Large,2026-05-07,12:24:00,Yes,Target,google
Large,2026-05-07,13:27:00,No,Walmart,email
Large,2026-05-07,14:30:00,Yes,PetSmart,facebook
Large,2026-05-07,15:33:00,No,Chewy,instagram
Large,2026-05-07,16:36:00,Yes,Amazon,google
Large,2026-05-07,17:39:00,No,Target,email
Large,2026-05-07,18:42:00,Yes,Walmart,facebook
Large,2026-05-07,19:45:00,No,PetSmart,instagram
Large,2026-05-07,08:48:00,Yes,Chewy,google
Large,2026-05-07,09:51:00,No,Amazon,email
Large,2026-05-07,10:54:00,Yes,Target,facebook
Large,2026-05-07,11:57:00,No,Walmart,instagram
Large,2026-05-07,12:00:00,Yes,PetSmart,google
Large,2026-05-07,13:03:00,No,Chewy,email
Large,2026-05-07,14:06:00,Yes,Amazon,facebook
Large,2026-05-07,15:09:00,No,Target,instagram
Large,2026-05-07,16:12:00,Yes,Walmart,google
Large,2026-05-07,17:15:00,No,PetSmart,email
Large,2026-05-07,18:18:00,Yes,Chewy,facebook
Large,2026-05-07,19:21:00,No,Amazon,instagram
Large,2026-05-07,08:24:00,Yes,Target,google
Large,2026-05-07,09:27:00,No,Walmart,email
Large,2026-05-07,10:30:00,Yes,PetSmart,facebook
Large,2026-05-07,11:33:00,No,Chewy,instagram
Large,2026-05-07,12:36:00,Yes,Amazon,google
Large,2026-05-07,13:39:00,No,Target,email
Large,2026-05-07,14:42:00,Yes,Walmart,facebook
Large,2026-05-07,15:45:00,No,PetSmart,instagram
Large,2026-05-07,16:48:00,Yes,Chewy,google
Large,2026-05-07,17:51:00,No,Amazon,email
Large,2026-05-07,18:54:00,Yes,Target,facebook
Large,2026-05-07,19:57:00,No,Walmart,instagram
Large,2026-05-07,08:00:00,Yes,PetSmart,google
Large,2026-05-07,09:03:00,No,Chewy,email
Large,2026-05-07,10:06:00,Yes,Amazon,facebook
Large,2026-05-07,11:09:00,No,Target,instagram
Large,2026-05-07,12:12:00,Yes,Walmart,google
TEENIE,2026-05-08,08:00:00,No,Chewy,email
TEENIE,2026-05-08,09:03:00,Yes,Amazon,facebook
TEENIE,2026-05-08,10:06:00,No,Target,instagram
TEENIE,2026-05-08,11:09:00,Yes,Walmart,google
TEENIE,2026-05-08,12:12:00,No,PetSmart,email
TEENIE,2026-05-08,13:15:00,Yes,Chewy,facebook
TEENIE,2026-05-08,14:18:00,No,Amazon,instagram
TEENIE,2026-05-08,15:21:00,Yes,Target,google
TEENIE,2026-05-08,16:24:00,No,Walmart,email
TEENIE,2026-05-08,17:27:00,Yes,PetSmart,facebook
TEENIE,2026-05-08,18:30:00,No,Chewy,instagram
TEENIE,2026-05-08,19:33:00,Yes,Amazon,google
TEENIE,2026-05-08,08:36:00,No,Target,email
TEENIE,2026-05-08,09:39:00,Yes,Walmart,facebook
TEENIE,2026-05-08,10:42:00,No,PetSmart,instagram
TEENIE,2026-05-08,11:45:00,Yes,Chewy,google
TEENIE,2026-05-08,12:48:00,No,Amazon,email
TEENIE,2026-05-08,13:51:00,Yes,Target,facebook
TEENIE,2026-05-08,14:54:00,No,Walmart,instagram
TEENIE,2026-05-08,15:57:00,Yes,PetSmart,google
TEENIE,2026-05-08,16:00:00,No,Chewy,email
TEENIE,2026-05-08,17:03:00,Yes,Amazon,facebook
TEENIE,2026-05-08,18:06:00,No,Target,instagram
TEENIE,2026-05-08,19:09:00,Yes,Walmart,google
TEENIE,2026-05-08,08:12:00,No,PetSmart,email
TEENIE,2026-05-08,09:15:00,Yes,Chewy,facebook
TEENIE,2026-05-08,10:18:00,No,Amazon,instagram
TEENIE,2026-05-08,11:21:00,Yes,Target,google
TEENIE,2026-05-08,12:24:00,No,Walmart,email
TEENIE,2026-05-08,13:27:00,Yes,PetSmart,facebook
TEENIE,2026-05-08,14:30:00,No,Chewy,instagram
TEENIE,2026-05-08,15:33:00,Yes,Amazon,google
TEENIE,2026-05-08,16:36:00,No,Target,email
TEENIE,2026-05-08,17:39:00,Yes,Walmart,facebook
TEENIE,2026-05-08,18:42:00,No,PetSmart,instagram
TEENIE,2026-05-08,19:45:00,Yes,Chewy,google
TEENIE,2026-05-08,08:48:00,No,Amazon,email
TEENIE,2026-05-08,09:51:00,Yes,Target,facebook
TEENIE,2026-05-08,10:54:00,No,Walmart,instagram
TEENIE,2026-05-08,11:57:00,Yes,PetSmart,google
TEENIE,2026-05-08,12:00:00,No,Chewy,email
TEENIE,2026-05-08,13:03:00,Yes,Amazon,facebook
TEENIE,2026-05-08,14:06:00,No,Target,instagram
TEENIE,2026-05-08,15:09:00,Yes,Walmart,google
TEENIE,2026-05-08,16:12:00,No,PetSmart,email
TEENIE,2026-05-08,17:15:00,Yes,Chewy,facebook
TEENIE,2026-05-08,18:18:00,No,Amazon,instagram
TEENIE,2026-05-08,19:21:00,Yes,Target,google
TEENIE,2026-05-08,08:24:00,No,Walmart,email
TEENIE,2026-05-08,09:27:00,Yes,PetSmart,facebook
TEENIE,2026-05-08,10:30:00,No,Chewy,instagram
TEENIE,2026-05-08,11:33:00,Yes,Amazon,google
TEENIE,2026-05-08,12:36:00,No,Target,email
TEENIE,2026-05-08,13:39:00,Yes,Walmart,facebook
TEENIE,2026-05-08,14:42:00,No,PetSmart,instagram
TEENIE,2026-05-08,15:45:00,Yes,Chewy,google
TEENIE,2026-05-08,16:48:00,No,Amazon,email
TEENIE,2026-05-08,17:51:00,Yes,Target,facebook
TEENIE,2026-05-08,18:54:00,No,Walmart,instagram
TEENIE,2026-05-08,19:57:00,Yes,PetSmart,google
TEENIE,2026-05-08,08:00:00,No,Chewy,email
TEENIE,2026-05-08,09:03:00,Yes,Amazon,facebook
TEENIE,2026-05-08,10:06:00,No,Target,instagram
TEENIE,2026-05-08,11:09:00,Yes,Walmart,google
TEENIE,2026-05-08,12:12:00,No,PetSmart,email
TEENIE,2026-05-08,13:15:00,Yes,Chewy,facebook
TEENIE,2026-05-08,14:18:00,No,Amazon,instagram
TEENIE,2026-05-08,15:21:00,Yes,Target,google
TEENIE,2026-05-08,16:24:00,No,Walmart,email
TEENIE,2026-05-08,17:27:00,Yes,PetSmart,facebook
TEENIE,2026-05-08,18:30:00,No,Chewy,instagram
TEENIE,2026-05-08,19:33:00,Yes,Amazon,google
TEENIE,2026-05-08,08:36:00,No,Target,email
TEENIE,2026-05-08,09:39:00,Yes,Walmart,facebook
TEENIE,2026-05-08,10:42:00,No,PetSmart,instagram
TEENIE,2026-05-08,11:45:00,Yes,Chewy,google
TEENIE,2026-05-08,12:48:00,No,Amazon,email
TEENIE,2026-05-08,13:51:00,Yes,Target,facebook
TEENIE,2026-05-08,14:54:00,No,Walmart,instagram
TEENIE,2026-05-08,15:57:00,Yes,PetSmart,google
TEENIE,2026-05-08,16:00:00,No,Chewy,email
TEENIE,2026-05-08,17:03:00,Yes,Amazon,facebook
TEENIE,2026-05-08,18:06:00,No,Target,instagram
TEENIE,2026-05-08,19:09:00,Yes,Walmart,google
TEENIE,2026-05-08,08:12:00,No,PetSmart,email
TEENIE,2026-05-08,09:15:00,Yes,Chewy,facebook
TEENIE,2026-05-08,10:18:00,No,Amazon,instagram
TEENIE,2026-05-08,11:21:00,Yes,Target,google
TEENIE,2026-05-08,12:24:00,No,Walmart,email
TEENIE,2026-05-08,13:27:00,Yes,PetSmart,facebook
TEENIE,2026-05-08,14:30:00,No,Chewy,instagram
TEENIE,2026-05-08,15:33:00,Yes,Amazon,google
TEENIE,2026-05-08,16:36:00,No,Target,email
TEENIE,2026-05-08,17:39:00,Yes,Walmart,facebook
TEENIE,2026-05-08,18:42:00,No,PetSmart,instagram
TEENIE,2026-05-08,19:45:00,Yes,Chewy,google
TEENIE,2026-05-08,08:48:00,No,Amazon,email
TEENIE,2026-05-08,09:51:00,Yes,Target,facebook
TEENIE,2026-05-08,10:54:00,No,Walmart,instagram
TEENIE,2026-05-08,11:57:00,Yes,PetSmart,google
TEENIE,2026-05-08,12:00:00,No,Chewy,email
TEENIE,2026-05-08,13:03:00,Yes,Amazon,facebook
TEENIE,2026-05-08,14:06:00,No,Target,instagram
TEENIE,2026-05-08,15:09:00,Yes,Walmart,google
TEENIE,2026-05-08,16:12:00,No,PetSmart,email
TEENIE,2026-05-08,17:15:00,Yes,Chewy,facebook
TEENIE,2026-05-08,18:18:00,No,Amazon,instagram
TEENIE,2026-05-08,19:21:00,Yes,Target,google
TEENIE,2026-05-08,08:24:00,No,Walmart,email
TEENIE,2026-05-08,09:27:00,Yes,PetSmart,facebook
TEENIE,2026-05-08,10:30:00,No,Chewy,instagram
TEENIE,2026-05-08,11:33:00,Yes,Amazon,google
TEENIE,2026-05-08,12:36:00,No,Target,email
TEENIE,2026-05-08,13:39:00,Yes,Walmart,facebook
TEENIE,2026-05-08,14:42:00,No,PetSmart,instagram
TEENIE,2026-05-08,15:45:00,Yes,Chewy,google
TEENIE,2026-05-08,16:48:00,No,Amazon,email
TEENIE,2026-05-08,17:51:00,Yes,Target,facebook
TEENIE,2026-05-08,18:54:00,No,Walmart,instagram
TEENIE,2026-05-08,19:57:00,Yes,PetSmart,google
TEENIE,2026-05-08,08:00:00,No,Chewy,email
TEENIE,2026-05-08,09:03:00,Yes,Amazon,facebook
TEENIE,2026-05-08,10:06:00,No,Target,instagram
TEENIE,2026-05-08,11:09:00,Yes,Walmart,google
TEENIE,2026-05-08,12:12:00,No,PetSmart,email
TEENIE,2026-05-08,13:15:00,Yes,Chewy,facebook
TEENIE,2026-05-08,14:18:00,No,Amazon,instagram
TEENIE,2026-05-08,15:21:00,Yes,Target,google
TEENIE,2026-05-08,16:24:00,No,Walmart,email
TEENIE,2026-05-08,17:27:00,Yes,PetSmart,facebook
TEENIE,2026-05-08,18:30:00,No,Chewy,instagram
TEENIE,2026-05-08,19:33:00,Yes,Amazon,google
Petite,2026-05-08,08:00:00,No,Chewy,email
Petite,2026-05-08,09:03:00,Yes,Amazon,facebook
Petite,2026-05-08,10:06:00,No,Target,instagram
Petite,2026-05-08,11:09:00,Yes,Walmart,google
Petite,2026-05-08,12:12:00,No,PetSmart,email
Petite,2026-05-08,13:15:00,Yes,Chewy,facebook
Petite,2026-05-08,14:18:00,No,Amazon,instagram
Petite,2026-05-08,15:21:00,Yes,Target,google
Petite,2026-05-08,16:24:00,No,Walmart,email
Petite,2026-05-08,17:27:00,Yes,PetSmart,facebook
Petite,2026-05-08,18:30:00,No,Chewy,instagram
Petite,2026-05-08,19:33:00,Yes,Amazon,google
Petite,2026-05-08,08:36:00,No,Target,email
Petite,2026-05-08,09:39:00,Yes,Walmart,facebook
Petite,2026-05-08,10:42:00,No,PetSmart,instagram
Petite,2026-05-08,11:45:00,Yes,Chewy,google
Petite,2026-05-08,12:48:00,No,Amazon,email
Petite,2026-05-08,13:51:00,Yes,Target,facebook
Petite,2026-05-08,14:54:00,No,Walmart,instagram
Petite,2026-05-08,15:57:00,Yes,PetSmart,google
Petite,2026-05-08,16:00:00,No,Chewy,email
Petite,2026-05-08,17:03:00,Yes,Amazon,facebook
Petite,2026-05-08,18:06:00,No,Target,instagram
Petite,2026-05-08,19:09:00,Yes,Walmart,google
Petite,2026-05-08,08:12:00,No,PetSmart,email
Petite,2026-05-08,09:15:00,Yes,Chewy,facebook
Petite,2026-05-08,10:18:00,No,Amazon,instagram
Petite,2026-05-08,11:21:00,Yes,Target,google
Petite,2026-05-08,12:24:00,No,Walmart,email
Petite,2026-05-08,13:27:00,Yes,PetSmart,facebook
Petite,2026-05-08,14:30:00,No,Chewy,instagram
Petite,2026-05-08,15:33:00,Yes,Amazon,google
Petite,2026-05-08,16:36:00,No,Target,email
Petite,2026-05-08,17:39:00,Yes,Walmart,facebook
Petite,2026-05-08,18:42:00,No,PetSmart,instagram
Petite,2026-05-08,19:45:00,Yes,Chewy,google
Petite,2026-05-08,08:48:00,No,Amazon,email
Petite,2026-05-08,09:51:00,Yes,Target,facebook
Petite,2026-05-08,10:54:00,No,Walmart,instagram
Petite,2026-05-08,11:57:00,Yes,PetSmart,google
Petite,2026-05-08,12:00:00,No,Chewy,email
Petite,2026-05-08,13:03:00,Yes,Amazon,facebook
Petite,2026-05-08,14:06:00,No,Target,instagram
Petite,2026-05-08,15:09:00,Yes,Walmart,google
Petite,2026-05-08,16:12:00,No,PetSmart,email
Petite,2026-05-08,17:15:00,Yes,Chewy,facebook
Petite,2026-05-08,18:18:00,No,Amazon,instagram
Petite,2026-05-08,19:21:00,Yes,Target,google
Petite,2026-05-08,08:24:00,No,Walmart,email
Petite,2026-05-08,09:27:00,Yes,PetSmart,facebook
Petite,2026-05-08,10:30:00,No,Chewy,instagram
Petite,2026-05-08,11:33:00,Yes,Amazon,google
Petite,2026-05-08,12:36:00,No,Target,email
Petite,2026-05-08,13:39:00,Yes,Walmart,facebook
Petite,2026-05-08,14:42:00,No,PetSmart,instagram
Petite,2026-05-08,15:45:00,Yes,Chewy,google
Petite,2026-05-08,16:48:00,No,Amazon,email
Petite,2026-05-08,17:51:00,Yes,Target,facebook
Petite,2026-05-08,18:54:00,No,Walmart,instagram
Petite,2026-05-08,19:57:00,Yes,PetSmart,google
Petite,2026-05-08,08:00:00,No,Chewy,email
Petite,2026-05-08,09:03:00,Yes,Amazon,facebook
Petite,2026-05-08,10:06:00,No,Target,instagram
Petite,2026-05-08,11:09:00,Yes,Walmart,google
Petite,2026-05-08,12:12:00,No,PetSmart,email
Petite,2026-05-08,13:15:00,Yes,Chewy,facebook
Petite,2026-05-08,14:18:00,No,Amazon,instagram
Petite,2026-05-08,15:21:00,Yes,Target,google
Petite,2026-05-08,16:24:00,No,Walmart,email
Petite,2026-05-08,17:27:00,Yes,PetSmart,facebook
Petite,2026-05-08,18:30:00,No,Chewy,instagram
Petite,2026-05-08,19:33:00,Yes,Amazon,google
Petite,2026-05-08,08:36:00,No,Target,email
Petite,2026-05-08,09:39:00,Yes,Walmart,facebook
Petite,2026-05-08,10:42:00,No,PetSmart,instagram
Petite,2026-05-08,11:45:00,Yes,Chewy,google
Petite,2026-05-08,12:48:00,No,Amazon,email
Petite,2026-05-08,13:51:00,Yes,Target,facebook
Petite,2026-05-08,14:54:00,No,Walmart,instagram
Petite,2026-05-08,15:57:00,Yes,PetSmart,google
Petite,2026-05-08,16:00:00,No,Chewy,email
Petite,2026-05-08,17:03:00,Yes,Amazon,facebook
Petite,2026-05-08,18:06:00,No,Target,instagram
Petite,2026-05-08,19:09:00,Yes,Walmart,google
Petite,2026-05-08,08:12:00,No,PetSmart,email
Petite,2026-05-08,09:15:00,Yes,Chewy,facebook
Petite,2026-05-08,10:18:00,No,Amazon,instagram
Petite,2026-05-08,11:21:00,Yes,Target,google
Petite,2026-05-08,12:24:00,No,Walmart,email
Petite,2026-05-08,13:27:00,Yes,PetSmart,facebook
Petite,2026-05-08,14:30:00,No,Chewy,instagram
Petite,2026-05-08,15:33:00,Yes,Amazon,google
Petite,2026-05-08,16:36:00,No,Target,email
Petite,2026-05-08,17:39:00,Yes,Walmart,facebook
Petite,2026-05-08,18:42:00,No,PetSmart,instagram
Petite,2026-05-08,19:45:00,Yes,Chewy,google
Petite,2026-05-08,08:48:00,No,Amazon,email
Petite,2026-05-08,09:51:00,Yes,Target,facebook
Petite,2026-05-08,10:54:00,No,Walmart,instagram
Petite,2026-05-08,11:57:00,Yes,PetSmart,google
Petite,2026-05-08,12:00:00,No,Chewy,email
Petite,2026-05-08,13:03:00,Yes,Amazon,facebook
Regular,2026-05-08,08:00:00,No,Chewy,email
Regular,2026-05-08,09:03:00,Yes,Amazon,facebook
Regular,2026-05-08,10:06:00,No,Target,instagram
Regular,2026-05-08,11:09:00,Yes,Walmart,google
Regular,2026-05-08,12:12:00,No,PetSmart,email
Regular,2026-05-08,13:15:00,Yes,Chewy,facebook
Regular,2026-05-08,14:18:00,No,Amazon,instagram
Regular,2026-05-08,15:21:00,Yes,Target,google
Regular,2026-05-08,16:24:00,No,Walmart,email
Regular,2026-05-08,17:27:00,Yes,PetSmart,facebook
Regular,2026-05-08,18:30:00,No,Chewy,instagram
Regular,2026-05-08,19:33:00,Yes,Amazon,google
Regular,2026-05-08,08:36:00,No,Target,email
Regular,2026-05-08,09:39:00,Yes,Walmart,facebook
Regular,2026-05-08,10:42:00,No,PetSmart,instagram
Regular,2026-05-08,11:45:00,Yes,Chewy,google
Regular,2026-05-08,12:48:00,No,Amazon,email
Regular,2026-05-08,13:51:00,Yes,Target,facebook
Regular,2026-05-08,14:54:00,No,Walmart,instagram
Regular,2026-05-08,15:57:00,Yes,PetSmart,google
Regular,2026-05-08,16:00:00,No,Chewy,email
Regular,2026-05-08,17:03:00,Yes,Amazon,facebook
Regular,2026-05-08,18:06:00,No,Target,instagram
Regular,2026-05-08,19:09:00,Yes,Walmart,google
Regular,2026-05-08,08:12:00,No,PetSmart,email
Regular,2026-05-08,09:15:00,Yes,Chewy,facebook
Regular,2026-05-08,10:18:00,No,Amazon,instagram
Regular,2026-05-08,11:21:00,Yes,Target,google
Regular,2026-05-08,12:24:00,No,Walmart,email
Regular,2026-05-08,13:27:00,Yes,PetSmart,facebook
Regular,2026-05-08,14:30:00,No,Chewy,instagram
Regular,2026-05-08,15:33:00,Yes,Amazon,google
Regular,2026-05-08,16:36:00,No,Target,email
Regular,2026-05-08,17:39:00,Yes,Walmart,facebook
Regular,2026-05-08,18:42:00,No,PetSmart,instagram
Regular,2026-05-08,19:45:00,Yes,Chewy,google
Regular,2026-05-08,08:48:00,No,Amazon,email
Regular,2026-05-08,09:51:00,Yes,Target,facebook
Regular,2026-05-08,10:54:00,No,Walmart,instagram
Regular,2026-05-08,11:57:00,Yes,PetSmart,google
Regular,2026-05-08,12:00:00,No,Chewy,email
Regular,2026-05-08,13:03:00,Yes,Amazon,facebook
Regular,2026-05-08,14:06:00,No,Target,instagram
Regular,2026-05-08,15:09:00,Yes,Walmart,google
Regular,2026-05-08,16:12:00,No,PetSmart,email
Regular,2026-05-08,17:15:00,Yes,Chewy,facebook
Regular,2026-05-08,18:18:00,No,Amazon,instagram
Regular,2026-05-08,19:21:00,Yes,Target,google
Regular,2026-05-08,08:24:00,No,Walmart,email
Regular,2026-05-08,09:27:00,Yes,PetSmart,facebook
Regular,2026-05-08,10:30:00,No,Chewy,instagram
Regular,2026-05-08,11:33:00,Yes,Amazon,google
Regular,2026-05-08,12:36:00,No,Target,email
Regular,2026-05-08,13:39:00,Yes,Walmart,facebook
Regular,2026-05-08,14:42:00,No,PetSmart,instagram
Regular,2026-05-08,15:45:00,Yes,Chewy,google
Regular,2026-05-08,16:48:00,No,Amazon,email
Regular,2026-05-08,17:51:00,Yes,Target,facebook
Regular,2026-05-08,18:54:00,No,Walmart,instagram
Regular,2026-05-08,19:57:00,Yes,PetSmart,google
Regular,2026-05-08,08:00:00,No,Chewy,email
Regular,2026-05-08,09:03:00,Yes,Amazon,facebook
Regular,2026-05-08,10:06:00,No,Target,instagram
Regular,2026-05-08,11:09:00,Yes,Walmart,google
Regular,2026-05-08,12:12:00,No,PetSmart,email
Regular,2026-05-08,13:15:00,Yes,Chewy,facebook
Regular,2026-05-08,14:18:00,No,Amazon,instagram
Regular,2026-05-08,15:21:00,Yes,Target,google
Regular,2026-05-08,16:24:00,No,Walmart,email
Regular,2026-05-08,17:27:00,Yes,PetSmart,facebook
Regular,2026-05-08,18:30:00,No,Chewy,instagram
Regular,2026-05-08,19:33:00,Yes,Amazon,google
Regular,2026-05-08,08:36:00,No,Target,email
Regular,2026-05-08,09:39:00,Yes,Walmart,facebook
Regular,2026-05-08,10:42:00,No,PetSmart,instagram
Regular,2026-05-08,11:45:00,Yes,Chewy,google
Regular,2026-05-08,12:48:00,No,Amazon,email
Regular,2026-05-08,13:51:00,Yes,Target,facebook
Regular,2026-05-08,14:54:00,No,Walmart,instagram
Regular,2026-05-08,15:57:00,Yes,PetSmart,google
Regular,2026-05-08,16:00:00,No,Chewy,email
Regular,2026-05-08,17:03:00,Yes,Amazon,facebook
Regular,2026-05-08,18:06:00,No,Target,instagram
Regular,2026-05-08,19:09:00,Yes,Walmart,google
Regular,2026-05-08,08:12:00,No,PetSmart,email
Regular,2026-05-08,09:15:00,Yes,Chewy,facebook
Regular,2026-05-08,10:18:00,No,Amazon,instagram
Regular,2026-05-08,11:21:00,Yes,Target,google
Regular,2026-05-08,12:24:00,No,Walmart,email
Regular,2026-05-08,13:27:00,Yes,PetSmart,facebook
Regular,2026-05-08,14:30:00,No,Chewy,instagram
Regular,2026-05-08,15:33:00,Yes,Amazon,google
Regular,2026-05-08,16:36:00,No,Target,email
Regular,2026-05-08,17:39:00,Yes,Walmart,facebook
Regular,2026-05-08,18:42:00,No,PetSmart,instagram
Regular,2026-05-08,19:45:00,Yes,Chewy,google
Regular,2026-05-08,08:48:00,No,Amazon,email
Regular,2026-05-08,09:51:00,Yes,Target,facebook
Regular,2026-05-08,10:54:00,No,Walmart,instagram
Regular,2026-05-08,11:57:00,Yes,PetSmart,google
Regular,2026-05-08,12:00:00,No,Chewy,email
Regular,2026-05-08,13:03:00,Yes,Amazon,facebook
Regular,2026-05-08,14:06:00,No,Target,instagram
Regular,2026-05-08,15:09:00,Yes,Walmart,google
Regular,2026-05-08,16:12:00,No,PetSmart,email
Regular,2026-05-08,17:15:00,Yes,Chewy,facebook
Regular,2026-05-08,18:18:00,No,Amazon,instagram
Regular,2026-05-08,19:21:00,Yes,Target,google
Regular,2026-05-08,08:24:00,No,Walmart,email
Regular,2026-05-08,09:27:00,Yes,PetSmart,facebook
Regular,2026-05-08,10:30:00,No,Chewy,instagram
Regular,2026-05-08,11:33:00,Yes,Amazon,google
Regular,2026-05-08,12:36:00,No,Target,email
Regular,2026-05-08,13:39:00,Yes,Walmart,facebook
Regular,2026-05-08,14:42:00,No,PetSmart,instagram
Regular,2026-05-08,15:45:00,Yes,Chewy,google
Regular,2026-05-08,16:48:00,No,Amazon,email
Regular,2026-05-08,17:51:00,Yes,Target,facebook
Regular,2026-05-08,18:54:00,No,Walmart,instagram
Regular,2026-05-08,19:57:00,Yes,PetSmart,google
Regular,2026-05-08,08:00:00,No,Chewy,email
Regular,2026-05-08,09:03:00,Yes,Amazon,facebook
Regular,2026-05-08,10:06:00,No,Target,instagram
Regular,2026-05-08,11:09:00,Yes,Walmart,google
Regular,2026-05-08,12:12:00,No,PetSmart,email
Regular,2026-05-08,13:15:00,Yes,Chewy,facebook
Regular,2026-05-08,14:18:00,No,Amazon,instagram
Regular,2026-05-08,15:21:00,Yes,Target,google
Regular,2026-05-08,16:24:00,No,Walmart,email
Regular,2026-05-08,17:27:00,Yes,PetSmart,facebook
Regular,2026-05-08,18:30:00,No,Chewy,instagram
Regular,2026-05-08,19:33:00,Yes,Amazon,google
Regular,2026-05-08,08:36:00,No,Target,email
Regular,2026-05-08,09:39:00,Yes,Walmart,facebook
Regular,2026-05-08,10:42:00,No,PetSmart,instagram
Regular,2026-05-08,11:45:00,Yes,Chewy,google
Regular,2026-05-08,12:48:00,No,Amazon,email
Regular,2026-05-08,13:51:00,Yes,Target,facebook
Regular,2026-05-08,14:54:00,No,Walmart,instagram
Regular,2026-05-08,15:57:00,Yes,PetSmart,google
Regular,2026-05-08,16:00:00,No,Chewy,email
Regular,2026-05-08,17:03:00,Yes,Amazon,facebook
Regular,2026-05-08,18:06:00,No,Target,instagram
Regular,2026-05-08,19:09:00,Yes,Walmart,google
Regular,2026-05-08,08:12:00,No,PetSmart,email
Regular,2026-05-08,09:15:00,Yes,Chewy,facebook
Regular,2026-05-08,10:18:00,No,Amazon,instagram
Regular,2026-05-08,11:21:00,Yes,Target,google
Regular,2026-05-08,12:24:00,No,Walmart,email
Regular,2026-05-08,13:27:00,Yes,PetSmart,facebook
Regular,2026-05-08,14:30:00,No,Chewy,instagram
Regular,2026-05-08,15:33:00,Yes,Amazon,google
Large,2026-05-08,08:00:00,No,Chewy,email
Large,2026-05-08,09:03:00,Yes,Amazon,facebook
Large,2026-05-08,10:06:00,No,Target,instagram
Large,2026-05-08,11:09:00,Yes,Walmart,google
Large,2026-05-08,12:12:00,No,PetSmart,email
Large,2026-05-08,13:15:00,Yes,Chewy,facebook
Large,2026-05-08,14:18:00,No,Amazon,instagram
Large,2026-05-08,15:21:00,Yes,Target,google
Large,2026-05-08,16:24:00,No,Walmart,email
Large,2026-05-08,17:27:00,Yes,PetSmart,facebook
Large,2026-05-08,18:30:00,No,Chewy,instagram
Large,2026-05-08,19:33:00,Yes,Amazon,google
Large,2026-05-08,08:36:00,No,Target,email
Large,2026-05-08,09:39:00,Yes,Walmart,facebook
Large,2026-05-08,10:42:00,No,PetSmart,instagram
Large,2026-05-08,11:45:00,Yes,Chewy,google
Large,2026-05-08,12:48:00,No,Amazon,email
Large,2026-05-08,13:51:00,Yes,Target,facebook
Large,2026-05-08,14:54:00,No,Walmart,instagram
Large,2026-05-08,15:57:00,Yes,PetSmart,google
Large,2026-05-08,16:00:00,No,Chewy,email
Large,2026-05-08,17:03:00,Yes,Amazon,facebook
Large,2026-05-08,18:06:00,No,Target,instagram
Large,2026-05-08,19:09:00,Yes,Walmart,google
Large,2026-05-08,08:12:00,No,PetSmart,email
Large,2026-05-08,09:15:00,Yes,Chewy,facebook
Large,2026-05-08,10:18:00,No,Amazon,instagram
Large,2026-05-08,11:21:00,Yes,Target,google
Large,2026-05-08,12:24:00,No,Walmart,email
Large,2026-05-08,13:27:00,Yes,PetSmart,facebook
Large,2026-05-08,14:30:00,No,Chewy,instagram
Large,2026-05-08,15:33:00,Yes,Amazon,google
Large,2026-05-08,16:36:00,No,Target,email
Large,2026-05-08,17:39:00,Yes,Walmart,facebook
Large,2026-05-08,18:42:00,No,PetSmart,instagram
Large,2026-05-08,19:45:00,Yes,Chewy,google
Large,2026-05-08,08:48:00,No,Amazon,email
Large,2026-05-08,09:51:00,Yes,Target,facebook
Large,2026-05-08,10:54:00,No,Walmart,instagram
Large,2026-05-08,11:57:00,Yes,PetSmart,google
Large,2026-05-08,12:00:00,No,Chewy,email
Large,2026-05-08,13:03:00,Yes,Amazon,facebook
Large,2026-05-08,14:06:00,No,Target,instagram
Large,2026-05-08,15:09:00,Yes,Walmart,google
Large,2026-05-08,16:12:00,No,PetSmart,email
Large,2026-05-08,17:15:00,Yes,Chewy,facebook
Large,2026-05-08,18:18:00,No,Amazon,instagram
Large,2026-05-08,19:21:00,Yes,Target,google
Large,2026-05-08,08:24:00,No,Walmart,email
Large,2026-05-08,09:27:00,Yes,PetSmart,facebook
Large,2026-05-08,10:30:00,No,Chewy,instagram
Large,2026-05-08,11:33:00,Yes,Amazon,google
Large,2026-05-08,12:36:00,No,Target,email
Large,2026-05-08,13:39:00,Yes,Walmart,facebook
Large,2026-05-08,14:42:00,No,PetSmart,instagram
Large,2026-05-08,15:45:00,Yes,Chewy,google
Large,2026-05-08,16:48:00,No,Amazon,email
Large,2026-05-08,17:51:00,Yes,Target,facebook
Large,2026-05-08,18:54:00,No,Walmart,instagram
Large,2026-05-08,19:57:00,Yes,PetSmart,google
Large,2026-05-08,08:00:00,No,Chewy,email
Large,2026-05-08,09:03:00,Yes,Amazon,facebook
Large,2026-05-08,10:06:00,No,Target,instagram
Large,2026-05-08,11:09:00,Yes,Walmart,google
Large,2026-05-08,12:12:00,No,PetSmart,email
Large,2026-05-08,13:15:00,Yes,Chewy,facebook
Large,2026-05-08,14:18:00,No,Amazon,instagram
Large,2026-05-08,15:21:00,Yes,Target,google
Large,2026-05-08,16:24:00,No,Walmart,email
Large,2026-05-08,17:27:00,Yes,PetSmart,facebook
Large,2026-05-08,18:30:00,No,Chewy,instagram
Large,2026-05-08,19:33:00,Yes,Amazon,google
Large,2026-05-08,08:36:00,No,Target,email
Large,2026-05-08,09:39:00,Yes,Walmart,facebook
Large,2026-05-08,10:42:00,No,PetSmart,instagram
Large,2026-05-08,11:45:00,Yes,Chewy,google
Large,2026-05-08,12:48:00,No,Amazon,email
Large,2026-05-08,13:51:00,Yes,Target,facebook
Large,2026-05-08,14:54:00,No,Walmart,instagram
Large,2026-05-08,15:57:00,Yes,PetSmart,google
Large,2026-05-08,16:00:00,No,Chewy,email
Large,2026-05-08,17:03:00,Yes,Amazon,facebook
Large,2026-05-08,18:06:00,No,Target,instagram
Large,2026-05-08,19:09:00,Yes,Walmart,google
Large,2026-05-08,08:12:00,No,PetSmart,email
Large,2026-05-08,09:15:00,Yes,Chewy,facebook
Large,2026-05-08,10:18:00,No,Amazon,instagram
Large,2026-05-08,11:21:00,Yes,Target,google
Large,2026-05-08,12:24:00,No,Walmart,email
Large,2026-05-08,13:27:00,Yes,PetSmart,facebook
Large,2026-05-08,14:30:00,No,Chewy,instagram
Large,2026-05-08,15:33:00,Yes,Amazon,google
Large,2026-05-08,16:36:00,No,Target,email
Large,2026-05-08,17:39:00,Yes,Walmart,facebook
Large,2026-05-08,18:42:00,No,PetSmart,instagram
Large,2026-05-08,19:45:00,Yes,Chewy,google
Large,2026-05-08,08:48:00,No,Amazon,email
Large,2026-05-08,09:51:00,Yes,Target,facebook
Large,2026-05-08,10:54:00,No,Walmart,instagram
Large,2026-05-08,11:57:00,Yes,PetSmart,google
Large,2026-05-08,12:00:00,No,Chewy,email
Large,2026-05-08,13:03:00,Yes,Amazon,facebook
Large,2026-05-08,14:06:00,No,Target,instagram
Large,2026-05-08,15:09:00,Yes,Walmart,google
Large,2026-05-08,16:12:00,No,PetSmart,email
Large,2026-05-08,17:15:00,Yes,Chewy,facebook
Large,2026-05-08,18:18:00,No,Amazon,instagram
Large,2026-05-08,19:21:00,Yes,Target,google
Large,2026-05-08,08:24:00,No,Walmart,email
Large,2026-05-08,09:27:00,Yes,PetSmart,facebook
Large,2026-05-08,10:30:00,No,Chewy,instagram
Large,2026-05-08,11:33:00,Yes,Amazon,google
Large,2026-05-08,12:36:00,No,Target,email
Large,2026-05-08,13:39:00,Yes,Walmart,facebook
Large,2026-05-08,14:42:00,No,PetSmart,instagram
Large,2026-05-08,15:45:00,Yes,Chewy,google
Large,2026-05-08,16:48:00,No,Amazon,email
Large,2026-05-08,17:51:00,Yes,Target,facebook
Large,2026-05-08,18:54:00,No,Walmart,instagram
Large,2026-05-08,19:57:00,Yes,PetSmart,google
Large,2026-05-08,08:00:00,No,Chewy,email
Large,2026-05-08,09:03:00,Yes,Amazon,facebook
Large,2026-05-08,10:06:00,No,Target,instagram
Large,2026-05-08,11:09:00,Yes,Walmart,google
Large,2026-05-08,12:12:00,No,PetSmart,email
Large,2026-05-08,13:15:00,Yes,Chewy,facebook
Large,2026-05-08,14:18:00,No,Amazon,instagram
Large,2026-05-08,15:21:00,Yes,Target,google
Large,2026-05-08,16:24:00,No,Walmart,email
Large,2026-05-08,17:27:00,Yes,PetSmart,facebook
Large,2026-05-08,18:30:00,No,Chewy,instagram
Large,2026-05-08,19:33:00,Yes,Amazon,google
Large,2026-05-08,08:36:00,No,Target,email
Large,2026-05-08,09:39:00,Yes,Walmart,facebook
Large,2026-05-08,10:42:00,No,PetSmart,instagram
Large,2026-05-08,11:45:00,Yes,Chewy,google
Large,2026-05-08,12:48:00,No,Amazon,email
Large,2026-05-08,13:51:00,Yes,Target,facebook
Large,2026-05-08,14:54:00,No,Walmart,instagram
Large,2026-05-08,15:57:00,Yes,PetSmart,google
Large,2026-05-08,16:00:00,No,Chewy,email
Large,2026-05-08,17:03:00,Yes,Amazon,facebook
Large,2026-05-08,18:06:00,No,Target,instagram
Large,2026-05-08,19:09:00,Yes,Walmart,google
Large,2026-05-08,08:12:00,No,PetSmart,email
Large,2026-05-08,09:15:00,Yes,Chewy,facebook
Large,2026-05-08,10:18:00,No,Amazon,instagram
Large,2026-05-08,11:21:00,Yes,Target,google
Large,2026-05-08,12:24:00,No,Walmart,email
Large,2026-05-08,13:27:00,Yes,PetSmart,facebook
Large,2026-05-08,14:30:00,No,Chewy,instagram
Large,2026-05-08,15:33:00,Yes,Amazon,google
Large,2026-05-08,16:36:00,No,Target,email
Large,2026-05-08,17:39:00,Yes,Walmart,facebook
Large,2026-05-08,18:42:00,No,PetSmart,instagram
Large,2026-05-08,19:45:00,Yes,Chewy,google
Large,2026-05-08,08:48:00,No,Amazon,email
Large,2026-05-08,09:51:00,Yes,Target,facebook
Large,2026-05-08,10:54:00,No,Walmart,instagram
Large,2026-05-08,11:57:00,Yes,PetSmart,google
Large,2026-05-08,12:00:00,No,Chewy,email
Large,2026-05-08,13:03:00,Yes,Amazon,facebook
Large,2026-05-08,14:06:00,No,Target,instagram
Large,2026-05-08,15:09:00,Yes,Walmart,google
Large,2026-05-08,16:12:00,No,PetSmart,email
Large,2026-05-08,17:15:00,Yes,Chewy,facebook
Large,2026-05-08,18:18:00,No,Amazon,instagram
Large,2026-05-08,19:21:00,Yes,Target,google
Large,2026-05-08,08:24:00,No,Walmart,email
Large,2026-05-08,09:27:00,Yes,PetSmart,facebook
Large,2026-05-08,10:30:00,No,Chewy,instagram
Large,2026-05-08,11:33:00,Yes,Amazon,google
Large,2026-05-08,12:36:00,No,Target,email
Large,2026-05-08,13:39:00,Yes,Walmart,facebook
Large,2026-05-08,14:42:00,No,PetSmart,instagram
Large,2026-05-08,15:45:00,Yes,Chewy,google
Large,2026-05-08,16:48:00,No,Amazon,email
Large,2026-05-08,17:51:00,Yes,Target,facebook
Large,2026-05-08,18:54:00,No,Walmart,instagram
Large,2026-05-08,19:57:00,Yes,PetSmart,google
Large,2026-05-08,08:00:00,No,Chewy,email
Large,2026-05-08,09:03:00,Yes,Amazon,facebook
Large,2026-05-08,10:06:00,No,Target,instagram
Large,2026-05-08,11:09:00,Yes,Walmart,google
Large,2026-05-08,12:12:00,No,PetSmart,email
Large,2026-05-08,13:15:00,Yes,Chewy,facebook
Large,2026-05-08,14:18:00,No,Amazon,instagram
Large,2026-05-08,15:21:00,Yes,Target,google
Large,2026-05-08,16:24:00,No,Walmart,email
Large,2026-05-08,17:27:00,Yes,PetSmart,facebook
Large,2026-05-08,18:30:00,No,Chewy,instagram
Large,2026-05-08,19:33:00,Yes,Amazon,google
TEENIE,2026-05-09,08:00:00,Yes,Amazon,facebook
TEENIE,2026-05-09,09:03:00,No,Target,instagram
TEENIE,2026-05-09,10:06:00,Yes,Walmart,google
TEENIE,2026-05-09,11:09:00,No,PetSmart,email
TEENIE,2026-05-09,12:12:00,Yes,Chewy,facebook
TEENIE,2026-05-09,13:15:00,No,Amazon,instagram
TEENIE,2026-05-09,14:18:00,Yes,Target,google
TEENIE,2026-05-09,15:21:00,No,Walmart,email
TEENIE,2026-05-09,16:24:00,Yes,PetSmart,facebook
TEENIE,2026-05-09,17:27:00,No,Chewy,instagram
TEENIE,2026-05-09,18:30:00,Yes,Amazon,google
TEENIE,2026-05-09,19:33:00,No,Target,email
TEENIE,2026-05-09,08:36:00,Yes,Walmart,facebook
TEENIE,2026-05-09,09:39:00,No,PetSmart,instagram
TEENIE,2026-05-09,10:42:00,Yes,Chewy,google
TEENIE,2026-05-09,11:45:00,No,Amazon,email
TEENIE,2026-05-09,12:48:00,Yes,Target,facebook
TEENIE,2026-05-09,13:51:00,No,Walmart,instagram
TEENIE,2026-05-09,14:54:00,Yes,PetSmart,google
TEENIE,2026-05-09,15:57:00,No,Chewy,email
TEENIE,2026-05-09,16:00:00,Yes,Amazon,facebook
TEENIE,2026-05-09,17:03:00,No,Target,instagram
TEENIE,2026-05-09,18:06:00,Yes,Walmart,google
TEENIE,2026-05-09,19:09:00,No,PetSmart,email
TEENIE,2026-05-09,08:12:00,Yes,Chewy,facebook
TEENIE,2026-05-09,09:15:00,No,Amazon,instagram
TEENIE,2026-05-09,10:18:00,Yes,Target,google
TEENIE,2026-05-09,11:21:00,No,Walmart,email
TEENIE,2026-05-09,12:24:00,Yes,PetSmart,facebook
TEENIE,2026-05-09,13:27:00,No,Chewy,instagram
TEENIE,2026-05-09,14:30:00,Yes,Amazon,google
TEENIE,2026-05-09,15:33:00,No,Target,email
TEENIE,2026-05-09,16:36:00,Yes,Walmart,facebook
TEENIE,2026-05-09,17:39:00,No,PetSmart,instagram
TEENIE,2026-05-09,18:42:00,Yes,Chewy,google
TEENIE,2026-05-09,19:45:00,No,Amazon,email
TEENIE,2026-05-09,08:48:00,Yes,Target,facebook
TEENIE,2026-05-09,09:51:00,No,Walmart,instagram
TEENIE,2026-05-09,10:54:00,Yes,PetSmart,google
TEENIE,2026-05-09,11:57:00,No,Chewy,email
TEENIE,2026-05-09,12:00:00,Yes,Amazon,facebook
TEENIE,2026-05-09,13:03:00,No,Target,instagram
TEENIE,2026-05-09,14:06:00,Yes,Walmart,google
TEENIE,2026-05-09,15:09:00,No,PetSmart,email
TEENIE,2026-05-09,16:12:00,Yes,Chewy,facebook
TEENIE,2026-05-09,17:15:00,No,Amazon,instagram
TEENIE,2026-05-09,18:18:00,Yes,Target,google
TEENIE,2026-05-09,19:21:00,No,Walmart,email
TEENIE,2026-05-09,08:24:00,Yes,PetSmart,facebook
TEENIE,2026-05-09,09:27:00,No,Chewy,instagram
TEENIE,2026-05-09,10:30:00,Yes,Amazon,google
TEENIE,2026-05-09,11:33:00,No,Target,email
TEENIE,2026-05-09,12:36:00,Yes,Walmart,facebook
TEENIE,2026-05-09,13:39:00,No,PetSmart,instagram
TEENIE,2026-05-09,14:42:00,Yes,Chewy,google
TEENIE,2026-05-09,15:45:00,No,Amazon,email
TEENIE,2026-05-09,16:48:00,Yes,Target,facebook
TEENIE,2026-05-09,17:51:00,No,Walmart,instagram
TEENIE,2026-05-09,18:54:00,Yes,PetSmart,google
TEENIE,2026-05-09,19:57:00,No,Chewy,email
TEENIE,2026-05-09,08:00:00,Yes,Amazon,facebook
TEENIE,2026-05-09,09:03:00,No,Target,instagram
TEENIE,2026-05-09,10:06:00,Yes,Walmart,google
TEENIE,2026-05-09,11:09:00,No,PetSmart,email
TEENIE,2026-05-09,12:12:00,Yes,Chewy,facebook
TEENIE,2026-05-09,13:15:00,No,Amazon,instagram
TEENIE,2026-05-09,14:18:00,Yes,Target,google
TEENIE,2026-05-09,15:21:00,No,Walmart,email
TEENIE,2026-05-09,16:24:00,Yes,PetSmart,facebook
TEENIE,2026-05-09,17:27:00,No,Chewy,instagram
TEENIE,2026-05-09,18:30:00,Yes,Amazon,google
TEENIE,2026-05-09,19:33:00,No,Target,email
TEENIE,2026-05-09,08:36:00,Yes,Walmart,facebook
TEENIE,2026-05-09,09:39:00,No,PetSmart,instagram
TEENIE,2026-05-09,10:42:00,Yes,Chewy,google
TEENIE,2026-05-09,11:45:00,No,Amazon,email
TEENIE,2026-05-09,12:48:00,Yes,Target,facebook
TEENIE,2026-05-09,13:51:00,No,Walmart,instagram
TEENIE,2026-05-09,14:54:00,Yes,PetSmart,google
TEENIE,2026-05-09,15:57:00,No,Chewy,email
TEENIE,2026-05-09,16:00:00,Yes,Amazon,facebook
TEENIE,2026-05-09,17:03:00,No,Target,instagram
TEENIE,2026-05-09,18:06:00,Yes,Walmart,google
TEENIE,2026-05-09,19:09:00,No,PetSmart,email
TEENIE,2026-05-09,08:12:00,Yes,Chewy,facebook
TEENIE,2026-05-09,09:15:00,No,Amazon,instagram
TEENIE,2026-05-09,10:18:00,Yes,Target,google
TEENIE,2026-05-09,11:21:00,No,Walmart,email
TEENIE,2026-05-09,12:24:00,Yes,PetSmart,facebook
TEENIE,2026-05-09,13:27:00,No,Chewy,instagram
TEENIE,2026-05-09,14:30:00,Yes,Amazon,google
TEENIE,2026-05-09,15:33:00,No,Target,email
TEENIE,2026-05-09,16:36:00,Yes,Walmart,facebook
TEENIE,2026-05-09,17:39:00,No,PetSmart,instagram
TEENIE,2026-05-09,18:42:00,Yes,Chewy,google
TEENIE,2026-05-09,19:45:00,No,Amazon,email
TEENIE,2026-05-09,08:48:00,Yes,Target,facebook
TEENIE,2026-05-09,09:51:00,No,Walmart,instagram
TEENIE,2026-05-09,10:54:00,Yes,PetSmart,google
TEENIE,2026-05-09,11:57:00,No,Chewy,email
TEENIE,2026-05-09,12:00:00,Yes,Amazon,facebook
TEENIE,2026-05-09,13:03:00,No,Target,instagram
TEENIE,2026-05-09,14:06:00,Yes,Walmart,google
TEENIE,2026-05-09,15:09:00,No,PetSmart,email
TEENIE,2026-05-09,16:12:00,Yes,Chewy,facebook
TEENIE,2026-05-09,17:15:00,No,Amazon,instagram
TEENIE,2026-05-09,18:18:00,Yes,Target,google
TEENIE,2026-05-09,19:21:00,No,Walmart,email
TEENIE,2026-05-09,08:24:00,Yes,PetSmart,facebook
TEENIE,2026-05-09,09:27:00,No,Chewy,instagram
TEENIE,2026-05-09,10:30:00,Yes,Amazon,google
TEENIE,2026-05-09,11:33:00,No,Target,email
TEENIE,2026-05-09,12:36:00,Yes,Walmart,facebook
TEENIE,2026-05-09,13:39:00,No,PetSmart,instagram
Petite,2026-05-09,08:00:00,Yes,Amazon,facebook
Petite,2026-05-09,09:03:00,No,Target,instagram
Petite,2026-05-09,10:06:00,Yes,Walmart,google
Petite,2026-05-09,11:09:00,No,PetSmart,email
Petite,2026-05-09,12:12:00,Yes,Chewy,facebook
Petite,2026-05-09,13:15:00,No,Amazon,instagram
Petite,2026-05-09,14:18:00,Yes,Target,google
Petite,2026-05-09,15:21:00,No,Walmart,email
Petite,2026-05-09,16:24:00,Yes,PetSmart,facebook
Petite,2026-05-09,17:27:00,No,Chewy,instagram
Petite,2026-05-09,18:30:00,Yes,Amazon,google
Petite,2026-05-09,19:33:00,No,Target,email
Petite,2026-05-09,08:36:00,Yes,Walmart,facebook
Petite,2026-05-09,09:39:00,No,PetSmart,instagram
Petite,2026-05-09,10:42:00,Yes,Chewy,google
Petite,2026-05-09,11:45:00,No,Amazon,email
Petite,2026-05-09,12:48:00,Yes,Target,facebook
Petite,2026-05-09,13:51:00,No,Walmart,instagram
Petite,2026-05-09,14:54:00,Yes,PetSmart,google
Petite,2026-05-09,15:57:00,No,Chewy,email
Petite,2026-05-09,16:00:00,Yes,Amazon,facebook
Petite,2026-05-09,17:03:00,No,Target,instagram
Petite,2026-05-09,18:06:00,Yes,Walmart,google
Petite,2026-05-09,19:09:00,No,PetSmart,email
Petite,2026-05-09,08:12:00,Yes,Chewy,facebook
Petite,2026-05-09,09:15:00,No,Amazon,instagram
Petite,2026-05-09,10:18:00,Yes,Target,google
Petite,2026-05-09,11:21:00,No,Walmart,email
Petite,2026-05-09,12:24:00,Yes,PetSmart,facebook
Petite,2026-05-09,13:27:00,No,Chewy,instagram
Petite,2026-05-09,14:30:00,Yes,Amazon,google
Petite,2026-05-09,15:33:00,No,Target,email
Petite,2026-05-09,16:36:00,Yes,Walmart,facebook
Petite,2026-05-09,17:39:00,No,PetSmart,instagram
Petite,2026-05-09,18:42:00,Yes,Chewy,google
Petite,2026-05-09,19:45:00,No,Amazon,email
Petite,2026-05-09,08:48:00,Yes,Target,facebook
Petite,2026-05-09,09:51:00,No,Walmart,instagram
Petite,2026-05-09,10:54:00,Yes,PetSmart,google
Petite,2026-05-09,11:57:00,No,Chewy,email
Petite,2026-05-09,12:00:00,Yes,Amazon,facebook
Petite,2026-05-09,13:03:00,No,Target,instagram
Petite,2026-05-09,14:06:00,Yes,Walmart,google
Petite,2026-05-09,15:09:00,No,PetSmart,email
Petite,2026-05-09,16:12:00,Yes,Chewy,facebook
Petite,2026-05-09,17:15:00,No,Amazon,instagram
Petite,2026-05-09,18:18:00,Yes,Target,google
Petite,2026-05-09,19:21:00,No,Walmart,email
Petite,2026-05-09,08:24:00,Yes,PetSmart,facebook
Petite,2026-05-09,09:27:00,No,Chewy,instagram
Petite,2026-05-09,10:30:00,Yes,Amazon,google
Petite,2026-05-09,11:33:00,No,Target,email
Petite,2026-05-09,12:36:00,Yes,Walmart,facebook
Petite,2026-05-09,13:39:00,No,PetSmart,instagram
Petite,2026-05-09,14:42:00,Yes,Chewy,google
Petite,2026-05-09,15:45:00,No,Amazon,email
Petite,2026-05-09,16:48:00,Yes,Target,facebook
Petite,2026-05-09,17:51:00,No,Walmart,instagram
Petite,2026-05-09,18:54:00,Yes,PetSmart,google
Petite,2026-05-09,19:57:00,No,Chewy,email
Petite,2026-05-09,08:00:00,Yes,Amazon,facebook
Petite,2026-05-09,09:03:00,No,Target,instagram
Petite,2026-05-09,10:06:00,Yes,Walmart,google
Petite,2026-05-09,11:09:00,No,PetSmart,email
Petite,2026-05-09,12:12:00,Yes,Chewy,facebook
Petite,2026-05-09,13:15:00,No,Amazon,instagram
Petite,2026-05-09,14:18:00,Yes,Target,google
Petite,2026-05-09,15:21:00,No,Walmart,email
Petite,2026-05-09,16:24:00,Yes,PetSmart,facebook
Petite,2026-05-09,17:27:00,No,Chewy,instagram
Petite,2026-05-09,18:30:00,Yes,Amazon,google
Petite,2026-05-09,19:33:00,No,Target,email
Petite,2026-05-09,08:36:00,Yes,Walmart,facebook
Petite,2026-05-09,09:39:00,No,PetSmart,instagram
Petite,2026-05-09,10:42:00,Yes,Chewy,google
Petite,2026-05-09,11:45:00,No,Amazon,email
Petite,2026-05-09,12:48:00,Yes,Target,facebook
Petite,2026-05-09,13:51:00,No,Walmart,instagram
Petite,2026-05-09,14:54:00,Yes,PetSmart,google
Petite,2026-05-09,15:57:00,No,Chewy,email
Petite,2026-05-09,16:00:00,Yes,Amazon,facebook
Petite,2026-05-09,17:03:00,No,Target,instagram
Petite,2026-05-09,18:06:00,Yes,Walmart,google
Petite,2026-05-09,19:09:00,No,PetSmart,email
Regular,2026-05-09,08:00:00,Yes,Amazon,facebook
Regular,2026-05-09,09:03:00,No,Target,instagram
Regular,2026-05-09,10:06:00,Yes,Walmart,google
Regular,2026-05-09,11:09:00,No,PetSmart,email
Regular,2026-05-09,12:12:00,Yes,Chewy,facebook
Regular,2026-05-09,13:15:00,No,Amazon,instagram
Regular,2026-05-09,14:18:00,Yes,Target,google
Regular,2026-05-09,15:21:00,No,Walmart,email
Regular,2026-05-09,16:24:00,Yes,PetSmart,facebook
Regular,2026-05-09,17:27:00,No,Chewy,instagram
Regular,2026-05-09,18:30:00,Yes,Amazon,google
Regular,2026-05-09,19:33:00,No,Target,email
Regular,2026-05-09,08:36:00,Yes,Walmart,facebook
Regular,2026-05-09,09:39:00,No,PetSmart,instagram
Regular,2026-05-09,10:42:00,Yes,Chewy,google
Regular,2026-05-09,11:45:00,No,Amazon,email
Regular,2026-05-09,12:48:00,Yes,Target,facebook
Regular,2026-05-09,13:51:00,No,Walmart,instagram
Regular,2026-05-09,14:54:00,Yes,PetSmart,google
Regular,2026-05-09,15:57:00,No,Chewy,email
Regular,2026-05-09,16:00:00,Yes,Amazon,facebook
Regular,2026-05-09,17:03:00,No,Target,instagram
Regular,2026-05-09,18:06:00,Yes,Walmart,google
Regular,2026-05-09,19:09:00,No,PetSmart,email
Regular,2026-05-09,08:12:00,Yes,Chewy,facebook
Regular,2026-05-09,09:15:00,No,Amazon,instagram
Regular,2026-05-09,10:18:00,Yes,Target,google
Regular,2026-05-09,11:21:00,No,Walmart,email
Regular,2026-05-09,12:24:00,Yes,PetSmart,facebook
Regular,2026-05-09,13:27:00,No,Chewy,instagram
Regular,2026-05-09,14:30:00,Yes,Amazon,google
Regular,2026-05-09,15:33:00,No,Target,email
Regular,2026-05-09,16:36:00,Yes,Walmart,facebook
Regular,2026-05-09,17:39:00,No,PetSmart,instagram
Regular,2026-05-09,18:42:00,Yes,Chewy,google
Regular,2026-05-09,19:45:00,No,Amazon,email
Regular,2026-05-09,08:48:00,Yes,Target,facebook
Regular,2026-05-09,09:51:00,No,Walmart,instagram
Regular,2026-05-09,10:54:00,Yes,PetSmart,google
Regular,2026-05-09,11:57:00,No,Chewy,email
Regular,2026-05-09,12:00:00,Yes,Amazon,facebook
Regular,2026-05-09,13:03:00,No,Target,instagram
Regular,2026-05-09,14:06:00,Yes,Walmart,google
Regular,2026-05-09,15:09:00,No,PetSmart,email
Regular,2026-05-09,16:12:00,Yes,Chewy,facebook
Regular,2026-05-09,17:15:00,No,Amazon,instagram
Regular,2026-05-09,18:18:00,Yes,Target,google
Regular,2026-05-09,19:21:00,No,Walmart,email
Regular,2026-05-09,08:24:00,Yes,PetSmart,facebook
Regular,2026-05-09,09:27:00,No,Chewy,instagram
Regular,2026-05-09,10:30:00,Yes,Amazon,google
Regular,2026-05-09,11:33:00,No,Target,email
Regular,2026-05-09,12:36:00,Yes,Walmart,facebook
Regular,2026-05-09,13:39:00,No,PetSmart,instagram
Regular,2026-05-09,14:42:00,Yes,Chewy,google
Regular,2026-05-09,15:45:00,No,Amazon,email
Regular,2026-05-09,16:48:00,Yes,Target,facebook
Regular,2026-05-09,17:51:00,No,Walmart,instagram
Regular,2026-05-09,18:54:00,Yes,PetSmart,google
Regular,2026-05-09,19:57:00,No,Chewy,email
Regular,2026-05-09,08:00:00,Yes,Amazon,facebook
Regular,2026-05-09,09:03:00,No,Target,instagram
Regular,2026-05-09,10:06:00,Yes,Walmart,google
Regular,2026-05-09,11:09:00,No,PetSmart,email
Regular,2026-05-09,12:12:00,Yes,Chewy,facebook
Regular,2026-05-09,13:15:00,No,Amazon,instagram
Regular,2026-05-09,14:18:00,Yes,Target,google
Regular,2026-05-09,15:21:00,No,Walmart,email
Regular,2026-05-09,16:24:00,Yes,PetSmart,facebook
Regular,2026-05-09,17:27:00,No,Chewy,instagram
Regular,2026-05-09,18:30:00,Yes,Amazon,google
Regular,2026-05-09,19:33:00,No,Target,email
Regular,2026-05-09,08:36:00,Yes,Walmart,facebook
Regular,2026-05-09,09:39:00,No,PetSmart,instagram
Regular,2026-05-09,10:42:00,Yes,Chewy,google
Regular,2026-05-09,11:45:00,No,Amazon,email
Regular,2026-05-09,12:48:00,Yes,Target,facebook
Regular,2026-05-09,13:51:00,No,Walmart,instagram
Regular,2026-05-09,14:54:00,Yes,PetSmart,google
Regular,2026-05-09,15:57:00,No,Chewy,email
Regular,2026-05-09,16:00:00,Yes,Amazon,facebook
Regular,2026-05-09,17:03:00,No,Target,instagram
Regular,2026-05-09,18:06:00,Yes,Walmart,google
Regular,2026-05-09,19:09:00,No,PetSmart,email
Regular,2026-05-09,08:12:00,Yes,Chewy,facebook
Regular,2026-05-09,09:15:00,No,Amazon,instagram
Regular,2026-05-09,10:18:00,Yes,Target,google
Regular,2026-05-09,11:21:00,No,Walmart,email
Regular,2026-05-09,12:24:00,Yes,PetSmart,facebook
Regular,2026-05-09,13:27:00,No,Chewy,instagram
Regular,2026-05-09,14:30:00,Yes,Amazon,google
Regular,2026-05-09,15:33:00,No,Target,email
Regular,2026-05-09,16:36:00,Yes,Walmart,facebook
Regular,2026-05-09,17:39:00,No,PetSmart,instagram
Regular,2026-05-09,18:42:00,Yes,Chewy,google
Regular,2026-05-09,19:45:00,No,Amazon,email
Regular,2026-05-09,08:48:00,Yes,Target,facebook
Regular,2026-05-09,09:51:00,No,Walmart,instagram
Regular,2026-05-09,10:54:00,Yes,PetSmart,google
Regular,2026-05-09,11:57:00,No,Chewy,email
Regular,2026-05-09,12:00:00,Yes,Amazon,facebook
Regular,2026-05-09,13:03:00,No,Target,instagram
Regular,2026-05-09,14:06:00,Yes,Walmart,google
Regular,2026-05-09,15:09:00,No,PetSmart,email
Regular,2026-05-09,16:12:00,Yes,Chewy,facebook
Regular,2026-05-09,17:15:00,No,Amazon,instagram
Regular,2026-05-09,18:18:00,Yes,Target,google
Regular,2026-05-09,19:21:00,No,Walmart,email
Regular,2026-05-09,08:24:00,Yes,PetSmart,facebook
Regular,2026-05-09,09:27:00,No,Chewy,instagram
Regular,2026-05-09,10:30:00,Yes,Amazon,google
Regular,2026-05-09,11:33:00,No,Target,email
Regular,2026-05-09,12:36:00,Yes,Walmart,facebook
Regular,2026-05-09,13:39:00,No,PetSmart,instagram
Regular,2026-05-09,14:42:00,Yes,Chewy,google
Regular,2026-05-09,15:45:00,No,Amazon,email
Regular,2026-05-09,16:48:00,Yes,Target,facebook
Regular,2026-05-09,17:51:00,No,Walmart,instagram
Regular,2026-05-09,18:54:00,Yes,PetSmart,google
Regular,2026-05-09,19:57:00,No,Chewy,email
Regular,2026-05-09,08:00:00,Yes,Amazon,facebook
Regular,2026-05-09,09:03:00,No,Target,instagram
Regular,2026-05-09,10:06:00,Yes,Walmart,google
Regular,2026-05-09,11:09:00,No,PetSmart,email
Regular,2026-05-09,12:12:00,Yes,Chewy,facebook
Regular,2026-05-09,13:15:00,No,Amazon,instagram
Regular,2026-05-09,14:18:00,Yes,Target,google
Regular,2026-05-09,15:21:00,No,Walmart,email
Regular,2026-05-09,16:24:00,Yes,PetSmart,facebook
Regular,2026-05-09,17:27:00,No,Chewy,instagram
Regular,2026-05-09,18:30:00,Yes,Amazon,google
Regular,2026-05-09,19:33:00,No,Target,email
Regular,2026-05-09,08:36:00,Yes,Walmart,facebook
Regular,2026-05-09,09:39:00,No,PetSmart,instagram
Large,2026-05-09,08:00:00,Yes,Amazon,facebook
Large,2026-05-09,09:03:00,No,Target,instagram
Large,2026-05-09,10:06:00,Yes,Walmart,google
Large,2026-05-09,11:09:00,No,PetSmart,email
Large,2026-05-09,12:12:00,Yes,Chewy,facebook
Large,2026-05-09,13:15:00,No,Amazon,instagram
Large,2026-05-09,14:18:00,Yes,Target,google
Large,2026-05-09,15:21:00,No,Walmart,email
Large,2026-05-09,16:24:00,Yes,PetSmart,facebook
Large,2026-05-09,17:27:00,No,Chewy,instagram
Large,2026-05-09,18:30:00,Yes,Amazon,google
Large,2026-05-09,19:33:00,No,Target,email
Large,2026-05-09,08:36:00,Yes,Walmart,facebook
Large,2026-05-09,09:39:00,No,PetSmart,instagram
Large,2026-05-09,10:42:00,Yes,Chewy,google
Large,2026-05-09,11:45:00,No,Amazon,email
Large,2026-05-09,12:48:00,Yes,Target,facebook
Large,2026-05-09,13:51:00,No,Walmart,instagram
Large,2026-05-09,14:54:00,Yes,PetSmart,google
Large,2026-05-09,15:57:00,No,Chewy,email
Large,2026-05-09,16:00:00,Yes,Amazon,facebook
Large,2026-05-09,17:03:00,No,Target,instagram
Large,2026-05-09,18:06:00,Yes,Walmart,google
Large,2026-05-09,19:09:00,No,PetSmart,email
Large,2026-05-09,08:12:00,Yes,Chewy,facebook
Large,2026-05-09,09:15:00,No,Amazon,instagram
Large,2026-05-09,10:18:00,Yes,Target,google
Large,2026-05-09,11:21:00,No,Walmart,email
Large,2026-05-09,12:24:00,Yes,PetSmart,facebook
Large,2026-05-09,13:27:00,No,Chewy,instagram
Large,2026-05-09,14:30:00,Yes,Amazon,google
Large,2026-05-09,15:33:00,No,Target,email
Large,2026-05-09,16:36:00,Yes,Walmart,facebook
Large,2026-05-09,17:39:00,No,PetSmart,instagram
Large,2026-05-09,18:42:00,Yes,Chewy,google
Large,2026-05-09,19:45:00,No,Amazon,email
Large,2026-05-09,08:48:00,Yes,Target,facebook
Large,2026-05-09,09:51:00,No,Walmart,instagram
Large,2026-05-09,10:54:00,Yes,PetSmart,google
Large,2026-05-09,11:57:00,No,Chewy,email
Large,2026-05-09,12:00:00,Yes,Amazon,facebook
Large,2026-05-09,13:03:00,No,Target,instagram
Large,2026-05-09,14:06:00,Yes,Walmart,google
Large,2026-05-09,15:09:00,No,PetSmart,email
Large,2026-05-09,16:12:00,Yes,Chewy,facebook
Large,2026-05-09,17:15:00,No,Amazon,instagram
Large,2026-05-09,18:18:00,Yes,Target,google
Large,2026-05-09,19:21:00,No,Walmart,email
Large,2026-05-09,08:24:00,Yes,PetSmart,facebook
Large,2026-05-09,09:27:00,No,Chewy,instagram
Large,2026-05-09,10:30:00,Yes,Amazon,google
Large,2026-05-09,11:33:00,No,Target,email
Large,2026-05-09,12:36:00,Yes,Walmart,facebook
Large,2026-05-09,13:39:00,No,PetSmart,instagram
Large,2026-05-09,14:42:00,Yes,Chewy,google
Large,2026-05-09,15:45:00,No,Amazon,email
Large,2026-05-09,16:48:00,Yes,Target,facebook
Large,2026-05-09,17:51:00,No,Walmart,instagram
Large,2026-05-09,18:54:00,Yes,PetSmart,google
Large,2026-05-09,19:57:00,No,Chewy,email
Large,2026-05-09,08:00:00,Yes,Amazon,facebook
Large,2026-05-09,09:03:00,No,Target,instagram
Large,2026-05-09,10:06:00,Yes,Walmart,google
Large,2026-05-09,11:09:00,No,PetSmart,email
Large,2026-05-09,12:12:00,Yes,Chewy,facebook
Large,2026-05-09,13:15:00,No,Amazon,instagram
Large,2026-05-09,14:18:00,Yes,Target,google
Large,2026-05-09,15:21:00,No,Walmart,email
Large,2026-05-09,16:24:00,Yes,PetSmart,facebook
Large,2026-05-09,17:27:00,No,Chewy,instagram
Large,2026-05-09,18:30:00,Yes,Amazon,google
Large,2026-05-09,19:33:00,No,Target,email
Large,2026-05-09,08:36:00,Yes,Walmart,facebook
Large,2026-05-09,09:39:00,No,PetSmart,instagram
Large,2026-05-09,10:42:00,Yes,Chewy,google
Large,2026-05-09,11:45:00,No,Amazon,email
Large,2026-05-09,12:48:00,Yes,Target,facebook
Large,2026-05-09,13:51:00,No,Walmart,instagram
Large,2026-05-09,14:54:00,Yes,PetSmart,google
Large,2026-05-09,15:57:00,No,Chewy,email
Large,2026-05-09,16:00:00,Yes,Amazon,facebook
Large,2026-05-09,17:03:00,No,Target,instagram
Large,2026-05-09,18:06:00,Yes,Walmart,google
Large,2026-05-09,19:09:00,No,PetSmart,email
Large,2026-05-09,08:12:00,Yes,Chewy,facebook
Large,2026-05-09,09:15:00,No,Amazon,instagram
Large,2026-05-09,10:18:00,Yes,Target,google
Large,2026-05-09,11:21:00,No,Walmart,email
Large,2026-05-09,12:24:00,Yes,PetSmart,facebook
Large,2026-05-09,13:27:00,No,Chewy,instagram
Large,2026-05-09,14:30:00,Yes,Amazon,google
Large,2026-05-09,15:33:00,No,Target,email
Large,2026-05-09,16:36:00,Yes,Walmart,facebook
Large,2026-05-09,17:39:00,No,PetSmart,instagram
Large,2026-05-09,18:42:00,Yes,Chewy,google
Large,2026-05-09,19:45:00,No,Amazon,email
Large,2026-05-09,08:48:00,Yes,Target,facebook
Large,2026-05-09,09:51:00,No,Walmart,instagram
Large,2026-05-09,10:54:00,Yes,PetSmart,google
Large,2026-05-09,11:57:00,No,Chewy,email
Large,2026-05-09,12:00:00,Yes,Amazon,facebook
Large,2026-05-09,13:03:00,No,Target,instagram
Large,2026-05-09,14:06:00,Yes,Walmart,google
Large,2026-05-09,15:09:00,No,PetSmart,email
Large,2026-05-09,16:12:00,Yes,Chewy,facebook
Large,2026-05-09,17:15:00,No,Amazon,instagram
Large,2026-05-09,18:18:00,Yes,Target,google
Large,2026-05-09,19:21:00,No,Walmart,email
Large,2026-05-09,08:24:00,Yes,PetSmart,facebook
Large,2026-05-09,09:27:00,No,Chewy,instagram
Large,2026-05-09,10:30:00,Yes,Amazon,google
Large,2026-05-09,11:33:00,No,Target,email
Large,2026-05-09,12:36:00,Yes,Walmart,facebook
Large,2026-05-09,13:39:00,No,PetSmart,instagram
Large,2026-05-09,14:42:00,Yes,Chewy,google
Large,2026-05-09,15:45:00,No,Amazon,email
Large,2026-05-09,16:48:00,Yes,Target,facebook
Large,2026-05-09,17:51:00,No,Walmart,instagram
Large,2026-05-09,18:54:00,Yes,PetSmart,google
Large,2026-05-09,19:57:00,No,Chewy,email
Large,2026-05-09,08:00:00,Yes,Amazon,facebook
Large,2026-05-09,09:03:00,No,Target,instagram
Large,2026-05-09,10:06:00,Yes,Walmart,google
Large,2026-05-09,11:09:00,No,PetSmart,email
Large,2026-05-09,12:12:00,Yes,Chewy,facebook
Large,2026-05-09,13:15:00,No,Amazon,instagram
Large,2026-05-09,14:18:00,Yes,Target,google
Large,2026-05-09,15:21:00,No,Walmart,email
Large,2026-05-09,16:24:00,Yes,PetSmart,facebook
Large,2026-05-09,17:27:00,No,Chewy,instagram
Large,2026-05-09,18:30:00,Yes,Amazon,google
Large,2026-05-09,19:33:00,No,Target,email
Large,2026-05-09,08:36:00,Yes,Walmart,facebook
Large,2026-05-09,09:39:00,No,PetSmart,instagram
Large,2026-05-09,10:42:00,Yes,Chewy,google
Large,2026-05-09,11:45:00,No,Amazon,email
Large,2026-05-09,12:48:00,Yes,Target,facebook
Large,2026-05-09,13:51:00,No,Walmart,instagram
Large,2026-05-09,14:54:00,Yes,PetSmart,google
Large,2026-05-09,15:57:00,No,Chewy,email
Large,2026-05-09,16:00:00,Yes,Amazon,facebook
Large,2026-05-09,17:03:00,No,Target,instagram
Large,2026-05-09,18:06:00,Yes,Walmart,google
Large,2026-05-09,19:09:00,No,PetSmart,email
Large,2026-05-09,08:12:00,Yes,Chewy,facebook
Large,2026-05-09,09:15:00,No,Amazon,instagram
Large,2026-05-09,10:18:00,Yes,Target,google
Large,2026-05-09,11:21:00,No,Walmart,email
Large,2026-05-09,12:24:00,Yes,PetSmart,facebook
Large,2026-05-09,13:27:00,No,Chewy,instagram
Large,2026-05-09,14:30:00,Yes,Amazon,google
Large,2026-05-09,15:33:00,No,Target,email
Large,2026-05-09,16:36:00,Yes,Walmart,facebook
Large,2026-05-09,17:39:00,No,PetSmart,instagram
Large,2026-05-09,18:42:00,Yes,Chewy,google
Large,2026-05-09,19:45:00,No,Amazon,email
Large,2026-05-09,08:48:00,Yes,Target,facebook
Large,2026-05-09,09:51:00,No,Walmart,instagram
Large,2026-05-09,10:54:00,Yes,PetSmart,google
Large,2026-05-09,11:57:00,No,Chewy,email
Large,2026-05-09,12:00:00,Yes,Amazon,facebook
Large,2026-05-09,13:03:00,No,Target,instagram
Large,2026-05-09,14:06:00,Yes,Walmart,google
Large,2026-05-09,15:09:00,No,PetSmart,email
Large,2026-05-09,16:12:00,Yes,Chewy,facebook
Large,2026-05-09,17:15:00,No,Amazon,instagram
Large,2026-05-09,18:18:00,Yes,Target,google
Large,2026-05-09,19:21:00,No,Walmart,email
Large,2026-05-09,08:24:00,Yes,PetSmart,facebook
Large,2026-05-09,09:27:00,No,Chewy,instagram
Large,2026-05-09,10:30:00,Yes,Amazon,google
Large,2026-05-09,11:33:00,No,Target,email
Large,2026-05-09,12:36:00,Yes,Walmart,facebook
Large,2026-05-09,13:39:00,No,PetSmart,instagram
TEENIE,2026-05-10,08:00:00,No,Target,instagram
TEENIE,2026-05-10,09:03:00,Yes,Walmart,google
TEENIE,2026-05-10,10:06:00,No,PetSmart,email
TEENIE,2026-05-10,11:09:00,Yes,Chewy,facebook
TEENIE,2026-05-10,12:12:00,No,Amazon,instagram
TEENIE,2026-05-10,13:15:00,Yes,Target,google
TEENIE,2026-05-10,14:18:00,No,Walmart,email
TEENIE,2026-05-10,15:21:00,Yes,PetSmart,facebook
TEENIE,2026-05-10,16:24:00,No,Chewy,instagram
TEENIE,2026-05-10,17:27:00,Yes,Amazon,google
TEENIE,2026-05-10,18:30:00,No,Target,email
TEENIE,2026-05-10,19:33:00,Yes,Walmart,facebook
TEENIE,2026-05-10,08:36:00,No,PetSmart,instagram
TEENIE,2026-05-10,09:39:00,Yes,Chewy,google
TEENIE,2026-05-10,10:42:00,No,Amazon,email
TEENIE,2026-05-10,11:45:00,Yes,Target,facebook
TEENIE,2026-05-10,12:48:00,No,Walmart,instagram
TEENIE,2026-05-10,13:51:00,Yes,PetSmart,google
TEENIE,2026-05-10,14:54:00,No,Chewy,email
TEENIE,2026-05-10,15:57:00,Yes,Amazon,facebook
TEENIE,2026-05-10,16:00:00,No,Target,instagram
TEENIE,2026-05-10,17:03:00,Yes,Walmart,google
TEENIE,2026-05-10,18:06:00,No,PetSmart,email
TEENIE,2026-05-10,19:09:00,Yes,Chewy,facebook
TEENIE,2026-05-10,08:12:00,No,Amazon,instagram
TEENIE,2026-05-10,09:15:00,Yes,Target,google
TEENIE,2026-05-10,10:18:00,No,Walmart,email
TEENIE,2026-05-10,11:21:00,Yes,PetSmart,facebook
TEENIE,2026-05-10,12:24:00,No,Chewy,instagram
TEENIE,2026-05-10,13:27:00,Yes,Amazon,google
TEENIE,2026-05-10,14:30:00,No,Target,email
TEENIE,2026-05-10,15:33:00,Yes,Walmart,facebook
TEENIE,2026-05-10,16:36:00,No,PetSmart,instagram
TEENIE,2026-05-10,17:39:00,Yes,Chewy,google
TEENIE,2026-05-10,18:42:00,No,Amazon,email
TEENIE,2026-05-10,19:45:00,Yes,Target,facebook
TEENIE,2026-05-10,08:48:00,No,Walmart,instagram
TEENIE,2026-05-10,09:51:00,Yes,PetSmart,google
TEENIE,2026-05-10,10:54:00,No,Chewy,email
TEENIE,2026-05-10,11:57:00,Yes,Amazon,facebook
TEENIE,2026-05-10,12:00:00,No,Target,instagram
TEENIE,2026-05-10,13:03:00,Yes,Walmart,google
TEENIE,2026-05-10,14:06:00,No,PetSmart,email
TEENIE,2026-05-10,15:09:00,Yes,Chewy,facebook
TEENIE,2026-05-10,16:12:00,No,Amazon,instagram
TEENIE,2026-05-10,17:15:00,Yes,Target,google
TEENIE,2026-05-10,18:18:00,No,Walmart,email
TEENIE,2026-05-10,19:21:00,Yes,PetSmart,facebook
TEENIE,2026-05-10,08:24:00,No,Chewy,instagram
TEENIE,2026-05-10,09:27:00,Yes,Amazon,google
TEENIE,2026-05-10,10:30:00,No,Target,email
TEENIE,2026-05-10,11:33:00,Yes,Walmart,facebook
TEENIE,2026-05-10,12:36:00,No,PetSmart,instagram
TEENIE,2026-05-10,13:39:00,Yes,Chewy,google
TEENIE,2026-05-10,14:42:00,No,Amazon,email
TEENIE,2026-05-10,15:45:00,Yes,Target,facebook
TEENIE,2026-05-10,16:48:00,No,Walmart,instagram
TEENIE,2026-05-10,17:51:00,Yes,PetSmart,google
TEENIE,2026-05-10,18:54:00,No,Chewy,email
TEENIE,2026-05-10,19:57:00,Yes,Amazon,facebook
TEENIE,2026-05-10,08:00:00,No,Target,instagram
TEENIE,2026-05-10,09:03:00,Yes,Walmart,google
TEENIE,2026-05-10,10:06:00,No,PetSmart,email
TEENIE,2026-05-10,11:09:00,Yes,Chewy,facebook
TEENIE,2026-05-10,12:12:00,No,Amazon,instagram
TEENIE,2026-05-10,13:15:00,Yes,Target,google
TEENIE,2026-05-10,14:18:00,No,Walmart,email
TEENIE,2026-05-10,15:21:00,Yes,PetSmart,facebook
TEENIE,2026-05-10,16:24:00,No,Chewy,instagram
TEENIE,2026-05-10,17:27:00,Yes,Amazon,google
TEENIE,2026-05-10,18:30:00,No,Target,email
TEENIE,2026-05-10,19:33:00,Yes,Walmart,facebook
TEENIE,2026-05-10,08:36:00,No,PetSmart,instagram
TEENIE,2026-05-10,09:39:00,Yes,Chewy,google
TEENIE,2026-05-10,10:42:00,No,Amazon,email
TEENIE,2026-05-10,11:45:00,Yes,Target,facebook
TEENIE,2026-05-10,12:48:00,No,Walmart,instagram
TEENIE,2026-05-10,13:51:00,Yes,PetSmart,google
TEENIE,2026-05-10,14:54:00,No,Chewy,email
TEENIE,2026-05-10,15:57:00,Yes,Amazon,facebook
TEENIE,2026-05-10,16:00:00,No,Target,instagram
TEENIE,2026-05-10,17:03:00,Yes,Walmart,google
TEENIE,2026-05-10,18:06:00,No,PetSmart,email
TEENIE,2026-05-10,19:09:00,Yes,Chewy,facebook
TEENIE,2026-05-10,08:12:00,No,Amazon,instagram
TEENIE,2026-05-10,09:15:00,Yes,Target,google
TEENIE,2026-05-10,10:18:00,No,Walmart,email
TEENIE,2026-05-10,11:21:00,Yes,PetSmart,facebook
TEENIE,2026-05-10,12:24:00,No,Chewy,instagram
TEENIE,2026-05-10,13:27:00,Yes,Amazon,google
TEENIE,2026-05-10,14:30:00,No,Target,email
TEENIE,2026-05-10,15:33:00,Yes,Walmart,facebook
TEENIE,2026-05-10,16:36:00,No,PetSmart,instagram
TEENIE,2026-05-10,17:39:00,Yes,Chewy,google
TEENIE,2026-05-10,18:42:00,No,Amazon,email
TEENIE,2026-05-10,19:45:00,Yes,Target,facebook
TEENIE,2026-05-10,08:48:00,No,Walmart,instagram
TEENIE,2026-05-10,09:51:00,Yes,PetSmart,google
TEENIE,2026-05-10,10:54:00,No,Chewy,email
TEENIE,2026-05-10,11:57:00,Yes,Amazon,facebook
TEENIE,2026-05-10,12:00:00,No,Target,instagram
TEENIE,2026-05-10,13:03:00,Yes,Walmart,google
TEENIE,2026-05-10,14:06:00,No,PetSmart,email
TEENIE,2026-05-10,15:09:00,Yes,Chewy,facebook
TEENIE,2026-05-10,16:12:00,No,Amazon,instagram
TEENIE,2026-05-10,17:15:00,Yes,Target,google
TEENIE,2026-05-10,18:18:00,No,Walmart,email
TEENIE,2026-05-10,19:21:00,Yes,PetSmart,facebook
TEENIE,2026-05-10,08:24:00,No,Chewy,instagram
TEENIE,2026-05-10,09:27:00,Yes,Amazon,google
TEENIE,2026-05-10,10:30:00,No,Target,email
TEENIE,2026-05-10,11:33:00,Yes,Walmart,facebook
TEENIE,2026-05-10,12:36:00,No,PetSmart,instagram
TEENIE,2026-05-10,13:39:00,Yes,Chewy,google
TEENIE,2026-05-10,14:42:00,No,Amazon,email
TEENIE,2026-05-10,15:45:00,Yes,Target,facebook
TEENIE,2026-05-10,16:48:00,No,Walmart,instagram
TEENIE,2026-05-10,17:51:00,Yes,PetSmart,google
TEENIE,2026-05-10,18:54:00,No,Chewy,email
TEENIE,2026-05-10,19:57:00,Yes,Amazon,facebook
TEENIE,2026-05-10,08:00:00,No,Target,instagram
Petite,2026-05-10,08:00:00,No,Target,instagram
Petite,2026-05-10,09:03:00,Yes,Walmart,google
Petite,2026-05-10,10:06:00,No,PetSmart,email
Petite,2026-05-10,11:09:00,Yes,Chewy,facebook
Petite,2026-05-10,12:12:00,No,Amazon,instagram
Petite,2026-05-10,13:15:00,Yes,Target,google
Petite,2026-05-10,14:18:00,No,Walmart,email
Petite,2026-05-10,15:21:00,Yes,PetSmart,facebook
Petite,2026-05-10,16:24:00,No,Chewy,instagram
Petite,2026-05-10,17:27:00,Yes,Amazon,google
Petite,2026-05-10,18:30:00,No,Target,email
Petite,2026-05-10,19:33:00,Yes,Walmart,facebook
Petite,2026-05-10,08:36:00,No,PetSmart,instagram
Petite,2026-05-10,09:39:00,Yes,Chewy,google
Petite,2026-05-10,10:42:00,No,Amazon,email
Petite,2026-05-10,11:45:00,Yes,Target,facebook
Petite,2026-05-10,12:48:00,No,Walmart,instagram
Petite,2026-05-10,13:51:00,Yes,PetSmart,google
Petite,2026-05-10,14:54:00,No,Chewy,email
Petite,2026-05-10,15:57:00,Yes,Amazon,facebook
Petite,2026-05-10,16:00:00,No,Target,instagram
Petite,2026-05-10,17:03:00,Yes,Walmart,google
Petite,2026-05-10,18:06:00,No,PetSmart,email
Petite,2026-05-10,19:09:00,Yes,Chewy,facebook
Petite,2026-05-10,08:12:00,No,Amazon,instagram
Petite,2026-05-10,09:15:00,Yes,Target,google
Petite,2026-05-10,10:18:00,No,Walmart,email
Petite,2026-05-10,11:21:00,Yes,PetSmart,facebook
Petite,2026-05-10,12:24:00,No,Chewy,instagram
Petite,2026-05-10,13:27:00,Yes,Amazon,google
Petite,2026-05-10,14:30:00,No,Target,email
Petite,2026-05-10,15:33:00,Yes,Walmart,facebook
Petite,2026-05-10,16:36:00,No,PetSmart,instagram
Petite,2026-05-10,17:39:00,Yes,Chewy,google
Petite,2026-05-10,18:42:00,No,Amazon,email
Petite,2026-05-10,19:45:00,Yes,Target,facebook
Petite,2026-05-10,08:48:00,No,Walmart,instagram
Petite,2026-05-10,09:51:00,Yes,PetSmart,google
Petite,2026-05-10,10:54:00,No,Chewy,email
Petite,2026-05-10,11:57:00,Yes,Amazon,facebook
Petite,2026-05-10,12:00:00,No,Target,instagram
Petite,2026-05-10,13:03:00,Yes,Walmart,google
Petite,2026-05-10,14:06:00,No,PetSmart,email
Petite,2026-05-10,15:09:00,Yes,Chewy,facebook
Petite,2026-05-10,16:12:00,No,Amazon,instagram
Petite,2026-05-10,17:15:00,Yes,Target,google
Petite,2026-05-10,18:18:00,No,Walmart,email
Petite,2026-05-10,19:21:00,Yes,PetSmart,facebook
Petite,2026-05-10,08:24:00,No,Chewy,instagram
Petite,2026-05-10,09:27:00,Yes,Amazon,google
Petite,2026-05-10,10:30:00,No,Target,email
Petite,2026-05-10,11:33:00,Yes,Walmart,facebook
Petite,2026-05-10,12:36:00,No,PetSmart,instagram
Petite,2026-05-10,13:39:00,Yes,Chewy,google
Petite,2026-05-10,14:42:00,No,Amazon,email
Petite,2026-05-10,15:45:00,Yes,Target,facebook
Petite,2026-05-10,16:48:00,No,Walmart,instagram
Petite,2026-05-10,17:51:00,Yes,PetSmart,google
Petite,2026-05-10,18:54:00,No,Chewy,email
Petite,2026-05-10,19:57:00,Yes,Amazon,facebook
Petite,2026-05-10,08:00:00,No,Target,instagram
Petite,2026-05-10,09:03:00,Yes,Walmart,google
Petite,2026-05-10,10:06:00,No,PetSmart,email
Petite,2026-05-10,11:09:00,Yes,Chewy,facebook
Petite,2026-05-10,12:12:00,No,Amazon,instagram
Petite,2026-05-10,13:15:00,Yes,Target,google
Petite,2026-05-10,14:18:00,No,Walmart,email
Petite,2026-05-10,15:21:00,Yes,PetSmart,facebook
Petite,2026-05-10,16:24:00,No,Chewy,instagram
Petite,2026-05-10,17:27:00,Yes,Amazon,google
Petite,2026-05-10,18:30:00,No,Target,email
Petite,2026-05-10,19:33:00,Yes,Walmart,facebook
Petite,2026-05-10,08:36:00,No,PetSmart,instagram
Petite,2026-05-10,09:39:00,Yes,Chewy,google
Petite,2026-05-10,10:42:00,No,Amazon,email
Petite,2026-05-10,11:45:00,Yes,Target,facebook
Petite,2026-05-10,12:48:00,No,Walmart,instagram
Petite,2026-05-10,13:51:00,Yes,PetSmart,google
Petite,2026-05-10,14:54:00,No,Chewy,email
Petite,2026-05-10,15:57:00,Yes,Amazon,facebook
Petite,2026-05-10,16:00:00,No,Target,instagram
Petite,2026-05-10,17:03:00,Yes,Walmart,google
Petite,2026-05-10,18:06:00,No,PetSmart,email
Petite,2026-05-10,19:09:00,Yes,Chewy,facebook
Petite,2026-05-10,08:12:00,No,Amazon,instagram
Petite,2026-05-10,09:15:00,Yes,Target,google
Petite,2026-05-10,10:18:00,No,Walmart,email
Petite,2026-05-10,11:21:00,Yes,PetSmart,facebook
Petite,2026-05-10,12:24:00,No,Chewy,instagram
Petite,2026-05-10,13:27:00,Yes,Amazon,google
Petite,2026-05-10,14:30:00,No,Target,email
Regular,2026-05-10,08:00:00,No,Target,instagram
Regular,2026-05-10,09:03:00,Yes,Walmart,google
Regular,2026-05-10,10:06:00,No,PetSmart,email
Regular,2026-05-10,11:09:00,Yes,Chewy,facebook
Regular,2026-05-10,12:12:00,No,Amazon,instagram
Regular,2026-05-10,13:15:00,Yes,Target,google
Regular,2026-05-10,14:18:00,No,Walmart,email
Regular,2026-05-10,15:21:00,Yes,PetSmart,facebook
Regular,2026-05-10,16:24:00,No,Chewy,instagram
Regular,2026-05-10,17:27:00,Yes,Amazon,google
Regular,2026-05-10,18:30:00,No,Target,email
Regular,2026-05-10,19:33:00,Yes,Walmart,facebook
Regular,2026-05-10,08:36:00,No,PetSmart,instagram
Regular,2026-05-10,09:39:00,Yes,Chewy,google
Regular,2026-05-10,10:42:00,No,Amazon,email
Regular,2026-05-10,11:45:00,Yes,Target,facebook
Regular,2026-05-10,12:48:00,No,Walmart,instagram
Regular,2026-05-10,13:51:00,Yes,PetSmart,google
Regular,2026-05-10,14:54:00,No,Chewy,email
Regular,2026-05-10,15:57:00,Yes,Amazon,facebook
Regular,2026-05-10,16:00:00,No,Target,instagram
Regular,2026-05-10,17:03:00,Yes,Walmart,google
Regular,2026-05-10,18:06:00,No,PetSmart,email
Regular,2026-05-10,19:09:00,Yes,Chewy,facebook
Regular,2026-05-10,08:12:00,No,Amazon,instagram
Regular,2026-05-10,09:15:00,Yes,Target,google
Regular,2026-05-10,10:18:00,No,Walmart,email
Regular,2026-05-10,11:21:00,Yes,PetSmart,facebook
Regular,2026-05-10,12:24:00,No,Chewy,instagram
Regular,2026-05-10,13:27:00,Yes,Amazon,google
Regular,2026-05-10,14:30:00,No,Target,email
Regular,2026-05-10,15:33:00,Yes,Walmart,facebook
Regular,2026-05-10,16:36:00,No,PetSmart,instagram
Regular,2026-05-10,17:39:00,Yes,Chewy,google
Regular,2026-05-10,18:42:00,No,Amazon,email
Regular,2026-05-10,19:45:00,Yes,Target,facebook
Regular,2026-05-10,08:48:00,No,Walmart,instagram
Regular,2026-05-10,09:51:00,Yes,PetSmart,google
Regular,2026-05-10,10:54:00,No,Chewy,email
Regular,2026-05-10,11:57:00,Yes,Amazon,facebook
Regular,2026-05-10,12:00:00,No,Target,instagram
Regular,2026-05-10,13:03:00,Yes,Walmart,google
Regular,2026-05-10,14:06:00,No,PetSmart,email
Regular,2026-05-10,15:09:00,Yes,Chewy,facebook
Regular,2026-05-10,16:12:00,No,Amazon,instagram
Regular,2026-05-10,17:15:00,Yes,Target,google
Regular,2026-05-10,18:18:00,No,Walmart,email
Regular,2026-05-10,19:21:00,Yes,PetSmart,facebook
Regular,2026-05-10,08:24:00,No,Chewy,instagram
Regular,2026-05-10,09:27:00,Yes,Amazon,google
Regular,2026-05-10,10:30:00,No,Target,email
Regular,2026-05-10,11:33:00,Yes,Walmart,facebook
Regular,2026-05-10,12:36:00,No,PetSmart,instagram
Regular,2026-05-10,13:39:00,Yes,Chewy,google
Regular,2026-05-10,14:42:00,No,Amazon,email
Regular,2026-05-10,15:45:00,Yes,Target,facebook
Regular,2026-05-10,16:48:00,No,Walmart,instagram
Regular,2026-05-10,17:51:00,Yes,PetSmart,google
Regular,2026-05-10,18:54:00,No,Chewy,email
Regular,2026-05-10,19:57:00,Yes,Amazon,facebook
Regular,2026-05-10,08:00:00,No,Target,instagram
Regular,2026-05-10,09:03:00,Yes,Walmart,google
Regular,2026-05-10,10:06:00,No,PetSmart,email
Regular,2026-05-10,11:09:00,Yes,Chewy,facebook
Regular,2026-05-10,12:12:00,No,Amazon,instagram
Regular,2026-05-10,13:15:00,Yes,Target,google
Regular,2026-05-10,14:18:00,No,Walmart,email
Regular,2026-05-10,15:21:00,Yes,PetSmart,facebook
Regular,2026-05-10,16:24:00,No,Chewy,instagram
Regular,2026-05-10,17:27:00,Yes,Amazon,google
Regular,2026-05-10,18:30:00,No,Target,email
Regular,2026-05-10,19:33:00,Yes,Walmart,facebook
Regular,2026-05-10,08:36:00,No,PetSmart,instagram
Regular,2026-05-10,09:39:00,Yes,Chewy,google
Regular,2026-05-10,10:42:00,No,Amazon,email
Regular,2026-05-10,11:45:00,Yes,Target,facebook
Regular,2026-05-10,12:48:00,No,Walmart,instagram
Regular,2026-05-10,13:51:00,Yes,PetSmart,google
Regular,2026-05-10,14:54:00,No,Chewy,email
Regular,2026-05-10,15:57:00,Yes,Amazon,facebook
Regular,2026-05-10,16:00:00,No,Target,instagram
Regular,2026-05-10,17:03:00,Yes,Walmart,google
Regular,2026-05-10,18:06:00,No,PetSmart,email
Regular,2026-05-10,19:09:00,Yes,Chewy,facebook
Regular,2026-05-10,08:12:00,No,Amazon,instagram
Regular,2026-05-10,09:15:00,Yes,Target,google
Regular,2026-05-10,10:18:00,No,Walmart,email
Regular,2026-05-10,11:21:00,Yes,PetSmart,facebook
Regular,2026-05-10,12:24:00,No,Chewy,instagram
Regular,2026-05-10,13:27:00,Yes,Amazon,google
Regular,2026-05-10,14:30:00,No,Target,email
Regular,2026-05-10,15:33:00,Yes,Walmart,facebook
Regular,2026-05-10,16:36:00,No,PetSmart,instagram
Regular,2026-05-10,17:39:00,Yes,Chewy,google
Regular,2026-05-10,18:42:00,No,Amazon,email
Regular,2026-05-10,19:45:00,Yes,Target,facebook
Regular,2026-05-10,08:48:00,No,Walmart,instagram
Regular,2026-05-10,09:51:00,Yes,PetSmart,google
Regular,2026-05-10,10:54:00,No,Chewy,email
Regular,2026-05-10,11:57:00,Yes,Amazon,facebook
Regular,2026-05-10,12:00:00,No,Target,instagram
Regular,2026-05-10,13:03:00,Yes,Walmart,google
Regular,2026-05-10,14:06:00,No,PetSmart,email
Regular,2026-05-10,15:09:00,Yes,Chewy,facebook
Regular,2026-05-10,16:12:00,No,Amazon,instagram
Regular,2026-05-10,17:15:00,Yes,Target,google
Regular,2026-05-10,18:18:00,No,Walmart,email
Regular,2026-05-10,19:21:00,Yes,PetSmart,facebook
Regular,2026-05-10,08:24:00,No,Chewy,instagram
Regular,2026-05-10,09:27:00,Yes,Amazon,google
Regular,2026-05-10,10:30:00,No,Target,email
Regular,2026-05-10,11:33:00,Yes,Walmart,facebook
Regular,2026-05-10,12:36:00,No,PetSmart,instagram
Regular,2026-05-10,13:39:00,Yes,Chewy,google
Regular,2026-05-10,14:42:00,No,Amazon,email
Regular,2026-05-10,15:45:00,Yes,Target,facebook
Regular,2026-05-10,16:48:00,No,Walmart,instagram
Regular,2026-05-10,17:51:00,Yes,PetSmart,google
Regular,2026-05-10,18:54:00,No,Chewy,email
Regular,2026-05-10,19:57:00,Yes,Amazon,facebook
Regular,2026-05-10,08:00:00,No,Target,instagram
Regular,2026-05-10,09:03:00,Yes,Walmart,google
Regular,2026-05-10,10:06:00,No,PetSmart,email
Regular,2026-05-10,11:09:00,Yes,Chewy,facebook
Regular,2026-05-10,12:12:00,No,Amazon,instagram
Regular,2026-05-10,13:15:00,Yes,Target,google
Regular,2026-05-10,14:18:00,No,Walmart,email
Regular,2026-05-10,15:21:00,Yes,PetSmart,facebook
Regular,2026-05-10,16:24:00,No,Chewy,instagram
Regular,2026-05-10,17:27:00,Yes,Amazon,google
Regular,2026-05-10,18:30:00,No,Target,email
Regular,2026-05-10,19:33:00,Yes,Walmart,facebook
Regular,2026-05-10,08:36:00,No,PetSmart,instagram
Regular,2026-05-10,09:39:00,Yes,Chewy,google
Regular,2026-05-10,10:42:00,No,Amazon,email
Regular,2026-05-10,11:45:00,Yes,Target,facebook
Regular,2026-05-10,12:48:00,No,Walmart,instagram
Regular,2026-05-10,13:51:00,Yes,PetSmart,google
Regular,2026-05-10,14:54:00,No,Chewy,email
Regular,2026-05-10,15:57:00,Yes,Amazon,facebook
Regular,2026-05-10,16:00:00,No,Target,instagram
Large,2026-05-10,08:00:00,No,Target,instagram
Large,2026-05-10,09:03:00,Yes,Walmart,google
Large,2026-05-10,10:06:00,No,PetSmart,email
Large,2026-05-10,11:09:00,Yes,Chewy,facebook
Large,2026-05-10,12:12:00,No,Amazon,instagram
Large,2026-05-10,13:15:00,Yes,Target,google
Large,2026-05-10,14:18:00,No,Walmart,email
Large,2026-05-10,15:21:00,Yes,PetSmart,facebook
Large,2026-05-10,16:24:00,No,Chewy,instagram
Large,2026-05-10,17:27:00,Yes,Amazon,google
Large,2026-05-10,18:30:00,No,Target,email
Large,2026-05-10,19:33:00,Yes,Walmart,facebook
Large,2026-05-10,08:36:00,No,PetSmart,instagram
Large,2026-05-10,09:39:00,Yes,Chewy,google
Large,2026-05-10,10:42:00,No,Amazon,email
Large,2026-05-10,11:45:00,Yes,Target,facebook
Large,2026-05-10,12:48:00,No,Walmart,instagram
Large,2026-05-10,13:51:00,Yes,PetSmart,google
Large,2026-05-10,14:54:00,No,Chewy,email
Large,2026-05-10,15:57:00,Yes,Amazon,facebook
Large,2026-05-10,16:00:00,No,Target,instagram
Large,2026-05-10,17:03:00,Yes,Walmart,google
Large,2026-05-10,18:06:00,No,PetSmart,email
Large,2026-05-10,19:09:00,Yes,Chewy,facebook
Large,2026-05-10,08:12:00,No,Amazon,instagram
Large,2026-05-10,09:15:00,Yes,Target,google
Large,2026-05-10,10:18:00,No,Walmart,email
Large,2026-05-10,11:21:00,Yes,PetSmart,facebook
Large,2026-05-10,12:24:00,No,Chewy,instagram
Large,2026-05-10,13:27:00,Yes,Amazon,google
Large,2026-05-10,14:30:00,No,Target,email
Large,2026-05-10,15:33:00,Yes,Walmart,facebook
Large,2026-05-10,16:36:00,No,PetSmart,instagram
Large,2026-05-10,17:39:00,Yes,Chewy,google
Large,2026-05-10,18:42:00,No,Amazon,email
Large,2026-05-10,19:45:00,Yes,Target,facebook
Large,2026-05-10,08:48:00,No,Walmart,instagram
Large,2026-05-10,09:51:00,Yes,PetSmart,google
Large,2026-05-10,10:54:00,No,Chewy,email
Large,2026-05-10,11:57:00,Yes,Amazon,facebook
Large,2026-05-10,12:00:00,No,Target,instagram
Large,2026-05-10,13:03:00,Yes,Walmart,google
Large,2026-05-10,14:06:00,No,PetSmart,email
Large,2026-05-10,15:09:00,Yes,Chewy,facebook
Large,2026-05-10,16:12:00,No,Amazon,instagram
Large,2026-05-10,17:15:00,Yes,Target,google
Large,2026-05-10,18:18:00,No,Walmart,email
Large,2026-05-10,19:21:00,Yes,PetSmart,facebook
Large,2026-05-10,08:24:00,No,Chewy,instagram
Large,2026-05-10,09:27:00,Yes,Amazon,google
Large,2026-05-10,10:30:00,No,Target,email
Large,2026-05-10,11:33:00,Yes,Walmart,facebook
Large,2026-05-10,12:36:00,No,PetSmart,instagram
Large,2026-05-10,13:39:00,Yes,Chewy,google
Large,2026-05-10,14:42:00,No,Amazon,email
Large,2026-05-10,15:45:00,Yes,Target,facebook
Large,2026-05-10,16:48:00,No,Walmart,instagram
Large,2026-05-10,17:51:00,Yes,PetSmart,google
Large,2026-05-10,18:54:00,No,Chewy,email
Large,2026-05-10,19:57:00,Yes,Amazon,facebook
Large,2026-05-10,08:00:00,No,Target,instagram
Large,2026-05-10,09:03:00,Yes,Walmart,google
Large,2026-05-10,10:06:00,No,PetSmart,email
Large,2026-05-10,11:09:00,Yes,Chewy,facebook
Large,2026-05-10,12:12:00,No,Amazon,instagram
Large,2026-05-10,13:15:00,Yes,Target,google
Large,2026-05-10,14:18:00,No,Walmart,email
Large,2026-05-10,15:21:00,Yes,PetSmart,facebook
Large,2026-05-10,16:24:00,No,Chewy,instagram
Large,2026-05-10,17:27:00,Yes,Amazon,google
Large,2026-05-10,18:30:00,No,Target,email
Large,2026-05-10,19:33:00,Yes,Walmart,facebook
Large,2026-05-10,08:36:00,No,PetSmart,instagram
Large,2026-05-10,09:39:00,Yes,Chewy,google
Large,2026-05-10,10:42:00,No,Amazon,email
Large,2026-05-10,11:45:00,Yes,Target,facebook
Large,2026-05-10,12:48:00,No,Walmart,instagram
Large,2026-05-10,13:51:00,Yes,PetSmart,google
Large,2026-05-10,14:54:00,No,Chewy,email
Large,2026-05-10,15:57:00,Yes,Amazon,facebook
Large,2026-05-10,16:00:00,No,Target,instagram
Large,2026-05-10,17:03:00,Yes,Walmart,google
Large,2026-05-10,18:06:00,No,PetSmart,email
Large,2026-05-10,19:09:00,Yes,Chewy,facebook
Large,2026-05-10,08:12:00,No,Amazon,instagram
Large,2026-05-10,09:15:00,Yes,Target,google
Large,2026-05-10,10:18:00,No,Walmart,email
Large,2026-05-10,11:21:00,Yes,PetSmart,facebook
Large,2026-05-10,12:24:00,No,Chewy,instagram
Large,2026-05-10,13:27:00,Yes,Amazon,google
Large,2026-05-10,14:30:00,No,Target,email
Large,2026-05-10,15:33:00,Yes,Walmart,facebook
Large,2026-05-10,16:36:00,No,PetSmart,instagram
Large,2026-05-10,17:39:00,Yes,Chewy,google
Large,2026-05-10,18:42:00,No,Amazon,email
Large,2026-05-10,19:45:00,Yes,Target,facebook
Large,2026-05-10,08:48:00,No,Walmart,instagram
Large,2026-05-10,09:51:00,Yes,PetSmart,google
Large,2026-05-10,10:54:00,No,Chewy,email
Large,2026-05-10,11:57:00,Yes,Amazon,facebook
Large,2026-05-10,12:00:00,No,Target,instagram
Large,2026-05-10,13:03:00,Yes,Walmart,google
Large,2026-05-10,14:06:00,No,PetSmart,email
Large,2026-05-10,15:09:00,Yes,Chewy,facebook
Large,2026-05-10,16:12:00,No,Amazon,instagram
Large,2026-05-10,17:15:00,Yes,Target,google
Large,2026-05-10,18:18:00,No,Walmart,email
Large,2026-05-10,19:21:00,Yes,PetSmart,facebook
Large,2026-05-10,08:24:00,No,Chewy,instagram
Large,2026-05-10,09:27:00,Yes,Amazon,google
Large,2026-05-10,10:30:00,No,Target,email
Large,2026-05-10,11:33:00,Yes,Walmart,facebook
Large,2026-05-10,12:36:00,No,PetSmart,instagram
Large,2026-05-10,13:39:00,Yes,Chewy,google
Large,2026-05-10,14:42:00,No,Amazon,email
Large,2026-05-10,15:45:00,Yes,Target,facebook
Large,2026-05-10,16:48:00,No,Walmart,instagram
Large,2026-05-10,17:51:00,Yes,PetSmart,google
Large,2026-05-10,18:54:00,No,Chewy,email
Large,2026-05-10,19:57:00,Yes,Amazon,facebook
Large,2026-05-10,08:00:00,No,Target,instagram
Large,2026-05-10,09:03:00,Yes,Walmart,google
Large,2026-05-10,10:06:00,No,PetSmart,email
Large,2026-05-10,11:09:00,Yes,Chewy,facebook
Large,2026-05-10,12:12:00,No,Amazon,instagram
Large,2026-05-10,13:15:00,Yes,Target,google
Large,2026-05-10,14:18:00,No,Walmart,email
Large,2026-05-10,15:21:00,Yes,PetSmart,facebook
Large,2026-05-10,16:24:00,No,Chewy,instagram
Large,2026-05-10,17:27:00,Yes,Amazon,google
Large,2026-05-10,18:30:00,No,Target,email
Large,2026-05-10,19:33:00,Yes,Walmart,facebook
Large,2026-05-10,08:36:00,No,PetSmart,instagram
Large,2026-05-10,09:39:00,Yes,Chewy,google
Large,2026-05-10,10:42:00,No,Amazon,email
Large,2026-05-10,11:45:00,Yes,Target,facebook
Large,2026-05-10,12:48:00,No,Walmart,instagram
Large,2026-05-10,13:51:00,Yes,PetSmart,google
Large,2026-05-10,14:54:00,No,Chewy,email
Large,2026-05-10,15:57:00,Yes,Amazon,facebook
Large,2026-05-10,16:00:00,No,Target,instagram
Large,2026-05-10,17:03:00,Yes,Walmart,google
Large,2026-05-10,18:06:00,No,PetSmart,email
Large,2026-05-10,19:09:00,Yes,Chewy,facebook
Large,2026-05-10,08:12:00,No,Amazon,instagram
Large,2026-05-10,09:15:00,Yes,Target,google
Large,2026-05-10,10:18:00,No,Walmart,email
Large,2026-05-10,11:21:00,Yes,PetSmart,facebook
Large,2026-05-10,12:24:00,No,Chewy,instagram
Large,2026-05-10,13:27:00,Yes,Amazon,google
Large,2026-05-10,14:30:00,No,Target,email
Large,2026-05-10,15:33:00,Yes,Walmart,facebook
Large,2026-05-10,16:36:00,No,PetSmart,instagram
Large,2026-05-10,17:39:00,Yes,Chewy,google
Large,2026-05-10,18:42:00,No,Amazon,email
Large,2026-05-10,19:45:00,Yes,Target,facebook
Large,2026-05-10,08:48:00,No,Walmart,instagram
Large,2026-05-10,09:51:00,Yes,PetSmart,google
Large,2026-05-10,10:54:00,No,Chewy,email
Large,2026-05-10,11:57:00,Yes,Amazon,facebook
Large,2026-05-10,12:00:00,No,Target,instagram
Large,2026-05-10,13:03:00,Yes,Walmart,google
Large,2026-05-10,14:06:00,No,PetSmart,email
Large,2026-05-10,15:09:00,Yes,Chewy,facebook
Large,2026-05-10,16:12:00,No,Amazon,instagram
Large,2026-05-10,17:15:00,Yes,Target,google
Large,2026-05-10,18:18:00,No,Walmart,email
Large,2026-05-10,19:21:00,Yes,PetSmart,facebook
Large,2026-05-10,08:24:00,No,Chewy,instagram
Large,2026-05-10,09:27:00,Yes,Amazon,google
Large,2026-05-10,10:30:00,No,Target,email
Large,2026-05-10,11:33:00,Yes,Walmart,facebook
Large,2026-05-10,12:36:00,No,PetSmart,instagram
Large,2026-05-10,13:39:00,Yes,Chewy,google
Large,2026-05-10,14:42:00,No,Amazon,email
Large,2026-05-10,15:45:00,Yes,Target,facebook
Large,2026-05-10,16:48:00,No,Walmart,instagram
Large,2026-05-10,17:51:00,Yes,PetSmart,google
Large,2026-05-10,18:54:00,No,Chewy,email
Large,2026-05-10,19:57:00,Yes,Amazon,facebook
Large,2026-05-10,08:00:00,No,Target,instagram
TEENIE,2026-05-11,08:00:00,Yes,Walmart,google
TEENIE,2026-05-11,09:03:00,No,PetSmart,email
TEENIE,2026-05-11,10:06:00,Yes,Chewy,facebook
TEENIE,2026-05-11,11:09:00,No,Amazon,instagram
TEENIE,2026-05-11,12:12:00,Yes,Target,google
TEENIE,2026-05-11,13:15:00,No,Walmart,email
TEENIE,2026-05-11,14:18:00,Yes,PetSmart,facebook
TEENIE,2026-05-11,15:21:00,No,Chewy,instagram
TEENIE,2026-05-11,16:24:00,Yes,Amazon,google
TEENIE,2026-05-11,17:27:00,No,Target,email
TEENIE,2026-05-11,18:30:00,Yes,Walmart,facebook
TEENIE,2026-05-11,19:33:00,No,PetSmart,instagram
TEENIE,2026-05-11,08:36:00,Yes,Chewy,google
TEENIE,2026-05-11,09:39:00,No,Amazon,email
TEENIE,2026-05-11,10:42:00,Yes,Target,facebook
TEENIE,2026-05-11,11:45:00,No,Walmart,instagram
TEENIE,2026-05-11,12:48:00,Yes,PetSmart,google
TEENIE,2026-05-11,13:51:00,No,Chewy,email
TEENIE,2026-05-11,14:54:00,Yes,Amazon,facebook
TEENIE,2026-05-11,15:57:00,No,Target,instagram
TEENIE,2026-05-11,16:00:00,Yes,Walmart,google
TEENIE,2026-05-11,17:03:00,No,PetSmart,email
TEENIE,2026-05-11,18:06:00,Yes,Chewy,facebook
TEENIE,2026-05-11,19:09:00,No,Amazon,instagram
TEENIE,2026-05-11,08:12:00,Yes,Target,google
TEENIE,2026-05-11,09:15:00,No,Walmart,email
TEENIE,2026-05-11,10:18:00,Yes,PetSmart,facebook
TEENIE,2026-05-11,11:21:00,No,Chewy,instagram
TEENIE,2026-05-11,12:24:00,Yes,Amazon,google
TEENIE,2026-05-11,13:27:00,No,Target,email
TEENIE,2026-05-11,14:30:00,Yes,Walmart,facebook
TEENIE,2026-05-11,15:33:00,No,PetSmart,instagram
TEENIE,2026-05-11,16:36:00,Yes,Chewy,google
TEENIE,2026-05-11,17:39:00,No,Amazon,email
TEENIE,2026-05-11,18:42:00,Yes,Target,facebook
TEENIE,2026-05-11,19:45:00,No,Walmart,instagram
TEENIE,2026-05-11,08:48:00,Yes,PetSmart,google
TEENIE,2026-05-11,09:51:00,No,Chewy,email
TEENIE,2026-05-11,10:54:00,Yes,Amazon,facebook
TEENIE,2026-05-11,11:57:00,No,Target,instagram
TEENIE,2026-05-11,12:00:00,Yes,Walmart,google
TEENIE,2026-05-11,13:03:00,No,PetSmart,email
TEENIE,2026-05-11,14:06:00,Yes,Chewy,facebook
TEENIE,2026-05-11,15:09:00,No,Amazon,instagram
TEENIE,2026-05-11,16:12:00,Yes,Target,google
TEENIE,2026-05-11,17:15:00,No,Walmart,email
TEENIE,2026-05-11,18:18:00,Yes,PetSmart,facebook
TEENIE,2026-05-11,19:21:00,No,Chewy,instagram
TEENIE,2026-05-11,08:24:00,Yes,Amazon,google
TEENIE,2026-05-11,09:27:00,No,Target,email
TEENIE,2026-05-11,10:30:00,Yes,Walmart,facebook
TEENIE,2026-05-11,11:33:00,No,PetSmart,instagram
TEENIE,2026-05-11,12:36:00,Yes,Chewy,google
TEENIE,2026-05-11,13:39:00,No,Amazon,email
TEENIE,2026-05-11,14:42:00,Yes,Target,facebook
TEENIE,2026-05-11,15:45:00,No,Walmart,instagram
TEENIE,2026-05-11,16:48:00,Yes,PetSmart,google
TEENIE,2026-05-11,17:51:00,No,Chewy,email
TEENIE,2026-05-11,18:54:00,Yes,Amazon,facebook
TEENIE,2026-05-11,19:57:00,No,Target,instagram
TEENIE,2026-05-11,08:00:00,Yes,Walmart,google
TEENIE,2026-05-11,09:03:00,No,PetSmart,email
TEENIE,2026-05-11,10:06:00,Yes,Chewy,facebook
TEENIE,2026-05-11,11:09:00,No,Amazon,instagram
TEENIE,2026-05-11,12:12:00,Yes,Target,google
TEENIE,2026-05-11,13:15:00,No,Walmart,email
TEENIE,2026-05-11,14:18:00,Yes,PetSmart,facebook
TEENIE,2026-05-11,15:21:00,No,Chewy,instagram
TEENIE,2026-05-11,16:24:00,Yes,Amazon,google
TEENIE,2026-05-11,17:27:00,No,Target,email
TEENIE,2026-05-11,18:30:00,Yes,Walmart,facebook
TEENIE,2026-05-11,19:33:00,No,PetSmart,instagram
TEENIE,2026-05-11,08:36:00,Yes,Chewy,google
TEENIE,2026-05-11,09:39:00,No,Amazon,email
TEENIE,2026-05-11,10:42:00,Yes,Target,facebook
TEENIE,2026-05-11,11:45:00,No,Walmart,instagram
TEENIE,2026-05-11,12:48:00,Yes,PetSmart,google
TEENIE,2026-05-11,13:51:00,No,Chewy,email
TEENIE,2026-05-11,14:54:00,Yes,Amazon,facebook
TEENIE,2026-05-11,15:57:00,No,Target,instagram
TEENIE,2026-05-11,16:00:00,Yes,Walmart,google
TEENIE,2026-05-11,17:03:00,No,PetSmart,email
TEENIE,2026-05-11,18:06:00,Yes,Chewy,facebook
TEENIE,2026-05-11,19:09:00,No,Amazon,instagram
TEENIE,2026-05-11,08:12:00,Yes,Target,google
TEENIE,2026-05-11,09:15:00,No,Walmart,email
TEENIE,2026-05-11,10:18:00,Yes,PetSmart,facebook
TEENIE,2026-05-11,11:21:00,No,Chewy,instagram
TEENIE,2026-05-11,12:24:00,Yes,Amazon,google
TEENIE,2026-05-11,13:27:00,No,Target,email
TEENIE,2026-05-11,14:30:00,Yes,Walmart,facebook
TEENIE,2026-05-11,15:33:00,No,PetSmart,instagram
TEENIE,2026-05-11,16:36:00,Yes,Chewy,google
TEENIE,2026-05-11,17:39:00,No,Amazon,email
TEENIE,2026-05-11,18:42:00,Yes,Target,facebook
TEENIE,2026-05-11,19:45:00,No,Walmart,instagram
TEENIE,2026-05-11,08:48:00,Yes,PetSmart,google
TEENIE,2026-05-11,09:51:00,No,Chewy,email
TEENIE,2026-05-11,10:54:00,Yes,Amazon,facebook
TEENIE,2026-05-11,11:57:00,No,Target,instagram
TEENIE,2026-05-11,12:00:00,Yes,Walmart,google
TEENIE,2026-05-11,13:03:00,No,PetSmart,email
TEENIE,2026-05-11,14:06:00,Yes,Chewy,facebook
TEENIE,2026-05-11,15:09:00,No,Amazon,instagram
TEENIE,2026-05-11,16:12:00,Yes,Target,google
TEENIE,2026-05-11,17:15:00,No,Walmart,email
TEENIE,2026-05-11,18:18:00,Yes,PetSmart,facebook
TEENIE,2026-05-11,19:21:00,No,Chewy,instagram
TEENIE,2026-05-11,08:24:00,Yes,Amazon,google
TEENIE,2026-05-11,09:27:00,No,Target,email
TEENIE,2026-05-11,10:30:00,Yes,Walmart,facebook
TEENIE,2026-05-11,11:33:00,No,PetSmart,instagram
TEENIE,2026-05-11,12:36:00,Yes,Chewy,google
TEENIE,2026-05-11,13:39:00,No,Amazon,email
TEENIE,2026-05-11,14:42:00,Yes,Target,facebook
TEENIE,2026-05-11,15:45:00,No,Walmart,instagram
TEENIE,2026-05-11,16:48:00,Yes,PetSmart,google
TEENIE,2026-05-11,17:51:00,No,Chewy,email
TEENIE,2026-05-11,18:54:00,Yes,Amazon,facebook
TEENIE,2026-05-11,19:57:00,No,Target,instagram
TEENIE,2026-05-11,08:00:00,Yes,Walmart,google
TEENIE,2026-05-11,09:03:00,No,PetSmart,email
TEENIE,2026-05-11,10:06:00,Yes,Chewy,facebook
TEENIE,2026-05-11,11:09:00,No,Amazon,instagram
TEENIE,2026-05-11,12:12:00,Yes,Target,google
TEENIE,2026-05-11,13:15:00,No,Walmart,email
TEENIE,2026-05-11,14:18:00,Yes,PetSmart,facebook
TEENIE,2026-05-11,15:21:00,No,Chewy,instagram
Petite,2026-05-11,08:00:00,Yes,Walmart,google
Petite,2026-05-11,09:03:00,No,PetSmart,email
Petite,2026-05-11,10:06:00,Yes,Chewy,facebook
Petite,2026-05-11,11:09:00,No,Amazon,instagram
Petite,2026-05-11,12:12:00,Yes,Target,google
Petite,2026-05-11,13:15:00,No,Walmart,email
Petite,2026-05-11,14:18:00,Yes,PetSmart,facebook
Petite,2026-05-11,15:21:00,No,Chewy,instagram
Petite,2026-05-11,16:24:00,Yes,Amazon,google
Petite,2026-05-11,17:27:00,No,Target,email
Petite,2026-05-11,18:30:00,Yes,Walmart,facebook
Petite,2026-05-11,19:33:00,No,PetSmart,instagram
Petite,2026-05-11,08:36:00,Yes,Chewy,google
Petite,2026-05-11,09:39:00,No,Amazon,email
Petite,2026-05-11,10:42:00,Yes,Target,facebook
Petite,2026-05-11,11:45:00,No,Walmart,instagram
Petite,2026-05-11,12:48:00,Yes,PetSmart,google
Petite,2026-05-11,13:51:00,No,Chewy,email
Petite,2026-05-11,14:54:00,Yes,Amazon,facebook
Petite,2026-05-11,15:57:00,No,Target,instagram
Petite,2026-05-11,16:00:00,Yes,Walmart,google
Petite,2026-05-11,17:03:00,No,PetSmart,email
Petite,2026-05-11,18:06:00,Yes,Chewy,facebook
Petite,2026-05-11,19:09:00,No,Amazon,instagram
Petite,2026-05-11,08:12:00,Yes,Target,google
Petite,2026-05-11,09:15:00,No,Walmart,email
Petite,2026-05-11,10:18:00,Yes,PetSmart,facebook
Petite,2026-05-11,11:21:00,No,Chewy,instagram
Petite,2026-05-11,12:24:00,Yes,Amazon,google
Petite,2026-05-11,13:27:00,No,Target,email
Petite,2026-05-11,14:30:00,Yes,Walmart,facebook
Petite,2026-05-11,15:33:00,No,PetSmart,instagram
Petite,2026-05-11,16:36:00,Yes,Chewy,google
Petite,2026-05-11,17:39:00,No,Amazon,email
Petite,2026-05-11,18:42:00,Yes,Target,facebook
Petite,2026-05-11,19:45:00,No,Walmart,instagram
Petite,2026-05-11,08:48:00,Yes,PetSmart,google
Petite,2026-05-11,09:51:00,No,Chewy,email
Petite,2026-05-11,10:54:00,Yes,Amazon,facebook
Petite,2026-05-11,11:57:00,No,Target,instagram
Petite,2026-05-11,12:00:00,Yes,Walmart,google
Petite,2026-05-11,13:03:00,No,PetSmart,email
Petite,2026-05-11,14:06:00,Yes,Chewy,facebook
Petite,2026-05-11,15:09:00,No,Amazon,instagram
Petite,2026-05-11,16:12:00,Yes,Target,google
Petite,2026-05-11,17:15:00,No,Walmart,email
Petite,2026-05-11,18:18:00,Yes,PetSmart,facebook
Petite,2026-05-11,19:21:00,No,Chewy,instagram
Petite,2026-05-11,08:24:00,Yes,Amazon,google
Petite,2026-05-11,09:27:00,No,Target,email
Petite,2026-05-11,10:30:00,Yes,Walmart,facebook
Petite,2026-05-11,11:33:00,No,PetSmart,instagram
Petite,2026-05-11,12:36:00,Yes,Chewy,google
Petite,2026-05-11,13:39:00,No,Amazon,email
Petite,2026-05-11,14:42:00,Yes,Target,facebook
Petite,2026-05-11,15:45:00,No,Walmart,instagram
Petite,2026-05-11,16:48:00,Yes,PetSmart,google
Petite,2026-05-11,17:51:00,No,Chewy,email
Petite,2026-05-11,18:54:00,Yes,Amazon,facebook
Petite,2026-05-11,19:57:00,No,Target,instagram
Petite,2026-05-11,08:00:00,Yes,Walmart,google
Petite,2026-05-11,09:03:00,No,PetSmart,email
Petite,2026-05-11,10:06:00,Yes,Chewy,facebook
Petite,2026-05-11,11:09:00,No,Amazon,instagram
Petite,2026-05-11,12:12:00,Yes,Target,google
Petite,2026-05-11,13:15:00,No,Walmart,email
Petite,2026-05-11,14:18:00,Yes,PetSmart,facebook
Petite,2026-05-11,15:21:00,No,Chewy,instagram
Petite,2026-05-11,16:24:00,Yes,Amazon,google
Petite,2026-05-11,17:27:00,No,Target,email
Petite,2026-05-11,18:30:00,Yes,Walmart,facebook
Petite,2026-05-11,19:33:00,No,PetSmart,instagram
Petite,2026-05-11,08:36:00,Yes,Chewy,google
Petite,2026-05-11,09:39:00,No,Amazon,email
Petite,2026-05-11,10:42:00,Yes,Target,facebook
Petite,2026-05-11,11:45:00,No,Walmart,instagram
Petite,2026-05-11,12:48:00,Yes,PetSmart,google
Petite,2026-05-11,13:51:00,No,Chewy,email
Petite,2026-05-11,14:54:00,Yes,Amazon,facebook
Petite,2026-05-11,15:57:00,No,Target,instagram
Petite,2026-05-11,16:00:00,Yes,Walmart,google
Petite,2026-05-11,17:03:00,No,PetSmart,email
Petite,2026-05-11,18:06:00,Yes,Chewy,facebook
Petite,2026-05-11,19:09:00,No,Amazon,instagram
Petite,2026-05-11,08:12:00,Yes,Target,google
Petite,2026-05-11,09:15:00,No,Walmart,email
Petite,2026-05-11,10:18:00,Yes,PetSmart,facebook
Petite,2026-05-11,11:21:00,No,Chewy,instagram
Petite,2026-05-11,12:24:00,Yes,Amazon,google
Petite,2026-05-11,13:27:00,No,Target,email
Petite,2026-05-11,14:30:00,Yes,Walmart,facebook
Petite,2026-05-11,15:33:00,No,PetSmart,instagram
Petite,2026-05-11,16:36:00,Yes,Chewy,google
Petite,2026-05-11,17:39:00,No,Amazon,email
Petite,2026-05-11,18:42:00,Yes,Target,facebook
Petite,2026-05-11,19:45:00,No,Walmart,instagram
Petite,2026-05-11,08:48:00,Yes,PetSmart,google
Petite,2026-05-11,09:51:00,No,Chewy,email
Regular,2026-05-11,08:00:00,Yes,Walmart,google
Regular,2026-05-11,09:03:00,No,PetSmart,email
Regular,2026-05-11,10:06:00,Yes,Chewy,facebook
Regular,2026-05-11,11:09:00,No,Amazon,instagram
Regular,2026-05-11,12:12:00,Yes,Target,google
Regular,2026-05-11,13:15:00,No,Walmart,email
Regular,2026-05-11,14:18:00,Yes,PetSmart,facebook
Regular,2026-05-11,15:21:00,No,Chewy,instagram
Regular,2026-05-11,16:24:00,Yes,Amazon,google
Regular,2026-05-11,17:27:00,No,Target,email
Regular,2026-05-11,18:30:00,Yes,Walmart,facebook
Regular,2026-05-11,19:33:00,No,PetSmart,instagram
Regular,2026-05-11,08:36:00,Yes,Chewy,google
Regular,2026-05-11,09:39:00,No,Amazon,email
Regular,2026-05-11,10:42:00,Yes,Target,facebook
Regular,2026-05-11,11:45:00,No,Walmart,instagram
Regular,2026-05-11,12:48:00,Yes,PetSmart,google
Regular,2026-05-11,13:51:00,No,Chewy,email
Regular,2026-05-11,14:54:00,Yes,Amazon,facebook
Regular,2026-05-11,15:57:00,No,Target,instagram
Regular,2026-05-11,16:00:00,Yes,Walmart,google
Regular,2026-05-11,17:03:00,No,PetSmart,email
Regular,2026-05-11,18:06:00,Yes,Chewy,facebook
Regular,2026-05-11,19:09:00,No,Amazon,instagram
Regular,2026-05-11,08:12:00,Yes,Target,google
Regular,2026-05-11,09:15:00,No,Walmart,email
Regular,2026-05-11,10:18:00,Yes,PetSmart,facebook
Regular,2026-05-11,11:21:00,No,Chewy,instagram
Regular,2026-05-11,12:24:00,Yes,Amazon,google
Regular,2026-05-11,13:27:00,No,Target,email
Regular,2026-05-11,14:30:00,Yes,Walmart,facebook
Regular,2026-05-11,15:33:00,No,PetSmart,instagram
Regular,2026-05-11,16:36:00,Yes,Chewy,google
Regular,2026-05-11,17:39:00,No,Amazon,email
Regular,2026-05-11,18:42:00,Yes,Target,facebook
Regular,2026-05-11,19:45:00,No,Walmart,instagram
Regular,2026-05-11,08:48:00,Yes,PetSmart,google
Regular,2026-05-11,09:51:00,No,Chewy,email
Regular,2026-05-11,10:54:00,Yes,Amazon,facebook
Regular,2026-05-11,11:57:00,No,Target,instagram
Regular,2026-05-11,12:00:00,Yes,Walmart,google
Regular,2026-05-11,13:03:00,No,PetSmart,email
Regular,2026-05-11,14:06:00,Yes,Chewy,facebook
Regular,2026-05-11,15:09:00,No,Amazon,instagram
Regular,2026-05-11,16:12:00,Yes,Target,google
Regular,2026-05-11,17:15:00,No,Walmart,email
Regular,2026-05-11,18:18:00,Yes,PetSmart,facebook
Regular,2026-05-11,19:21:00,No,Chewy,instagram
Regular,2026-05-11,08:24:00,Yes,Amazon,google
Regular,2026-05-11,09:27:00,No,Target,email
Regular,2026-05-11,10:30:00,Yes,Walmart,facebook
Regular,2026-05-11,11:33:00,No,PetSmart,instagram
Regular,2026-05-11,12:36:00,Yes,Chewy,google
Regular,2026-05-11,13:39:00,No,Amazon,email
Regular,2026-05-11,14:42:00,Yes,Target,facebook
Regular,2026-05-11,15:45:00,No,Walmart,instagram
Regular,2026-05-11,16:48:00,Yes,PetSmart,google
Regular,2026-05-11,17:51:00,No,Chewy,email
Regular,2026-05-11,18:54:00,Yes,Amazon,facebook
Regular,2026-05-11,19:57:00,No,Target,instagram
Regular,2026-05-11,08:00:00,Yes,Walmart,google
Regular,2026-05-11,09:03:00,No,PetSmart,email
Regular,2026-05-11,10:06:00,Yes,Chewy,facebook
Regular,2026-05-11,11:09:00,No,Amazon,instagram
Regular,2026-05-11,12:12:00,Yes,Target,google
Regular,2026-05-11,13:15:00,No,Walmart,email
Regular,2026-05-11,14:18:00,Yes,PetSmart,facebook
Regular,2026-05-11,15:21:00,No,Chewy,instagram
Regular,2026-05-11,16:24:00,Yes,Amazon,google
Regular,2026-05-11,17:27:00,No,Target,email
Regular,2026-05-11,18:30:00,Yes,Walmart,facebook
Regular,2026-05-11,19:33:00,No,PetSmart,instagram
Regular,2026-05-11,08:36:00,Yes,Chewy,google
Regular,2026-05-11,09:39:00,No,Amazon,email
Regular,2026-05-11,10:42:00,Yes,Target,facebook
Regular,2026-05-11,11:45:00,No,Walmart,instagram
Regular,2026-05-11,12:48:00,Yes,PetSmart,google
Regular,2026-05-11,13:51:00,No,Chewy,email
Regular,2026-05-11,14:54:00,Yes,Amazon,facebook
Regular,2026-05-11,15:57:00,No,Target,instagram
Regular,2026-05-11,16:00:00,Yes,Walmart,google
Regular,2026-05-11,17:03:00,No,PetSmart,email
Regular,2026-05-11,18:06:00,Yes,Chewy,facebook
Regular,2026-05-11,19:09:00,No,Amazon,instagram
Regular,2026-05-11,08:12:00,Yes,Target,google
Regular,2026-05-11,09:15:00,No,Walmart,email
Regular,2026-05-11,10:18:00,Yes,PetSmart,facebook
Regular,2026-05-11,11:21:00,No,Chewy,instagram
Regular,2026-05-11,12:24:00,Yes,Amazon,google
Regular,2026-05-11,13:27:00,No,Target,email
Regular,2026-05-11,14:30:00,Yes,Walmart,facebook
Regular,2026-05-11,15:33:00,No,PetSmart,instagram
Regular,2026-05-11,16:36:00,Yes,Chewy,google
Regular,2026-05-11,17:39:00,No,Amazon,email
Regular,2026-05-11,18:42:00,Yes,Target,facebook
Regular,2026-05-11,19:45:00,No,Walmart,instagram
Regular,2026-05-11,08:48:00,Yes,PetSmart,google
Regular,2026-05-11,09:51:00,No,Chewy,email
Regular,2026-05-11,10:54:00,Yes,Amazon,facebook
Regular,2026-05-11,11:57:00,No,Target,instagram
Regular,2026-05-11,12:00:00,Yes,Walmart,google
Regular,2026-05-11,13:03:00,No,PetSmart,email
Regular,2026-05-11,14:06:00,Yes,Chewy,facebook
Regular,2026-05-11,15:09:00,No,Amazon,instagram
Regular,2026-05-11,16:12:00,Yes,Target,google
Regular,2026-05-11,17:15:00,No,Walmart,email
Regular,2026-05-11,18:18:00,Yes,PetSmart,facebook
Regular,2026-05-11,19:21:00,No,Chewy,instagram
Regular,2026-05-11,08:24:00,Yes,Amazon,google
Regular,2026-05-11,09:27:00,No,Target,email
Regular,2026-05-11,10:30:00,Yes,Walmart,facebook
Regular,2026-05-11,11:33:00,No,PetSmart,instagram
Regular,2026-05-11,12:36:00,Yes,Chewy,google
Regular,2026-05-11,13:39:00,No,Amazon,email
Regular,2026-05-11,14:42:00,Yes,Target,facebook
Regular,2026-05-11,15:45:00,No,Walmart,instagram
Regular,2026-05-11,16:48:00,Yes,PetSmart,google
Regular,2026-05-11,17:51:00,No,Chewy,email
Regular,2026-05-11,18:54:00,Yes,Amazon,facebook
Regular,2026-05-11,19:57:00,No,Target,instagram
Regular,2026-05-11,08:00:00,Yes,Walmart,google
Regular,2026-05-11,09:03:00,No,PetSmart,email
Regular,2026-05-11,10:06:00,Yes,Chewy,facebook
Regular,2026-05-11,11:09:00,No,Amazon,instagram
Regular,2026-05-11,12:12:00,Yes,Target,google
Regular,2026-05-11,13:15:00,No,Walmart,email
Regular,2026-05-11,14:18:00,Yes,PetSmart,facebook
Regular,2026-05-11,15:21:00,No,Chewy,instagram
Regular,2026-05-11,16:24:00,Yes,Amazon,google
Regular,2026-05-11,17:27:00,No,Target,email
Regular,2026-05-11,18:30:00,Yes,Walmart,facebook
Regular,2026-05-11,19:33:00,No,PetSmart,instagram
Regular,2026-05-11,08:36:00,Yes,Chewy,google
Regular,2026-05-11,09:39:00,No,Amazon,email
Regular,2026-05-11,10:42:00,Yes,Target,facebook
Regular,2026-05-11,11:45:00,No,Walmart,instagram
Regular,2026-05-11,12:48:00,Yes,PetSmart,google
Regular,2026-05-11,13:51:00,No,Chewy,email
Regular,2026-05-11,14:54:00,Yes,Amazon,facebook
Regular,2026-05-11,15:57:00,No,Target,instagram
Regular,2026-05-11,16:00:00,Yes,Walmart,google
Regular,2026-05-11,17:03:00,No,PetSmart,email
Regular,2026-05-11,18:06:00,Yes,Chewy,facebook
Regular,2026-05-11,19:09:00,No,Amazon,instagram
Regular,2026-05-11,08:12:00,Yes,Target,google
Regular,2026-05-11,09:15:00,No,Walmart,email
Regular,2026-05-11,10:18:00,Yes,PetSmart,facebook
Regular,2026-05-11,11:21:00,No,Chewy,instagram
Large,2026-05-11,08:00:00,Yes,Walmart,google
Large,2026-05-11,09:03:00,No,PetSmart,email
Large,2026-05-11,10:06:00,Yes,Chewy,facebook
Large,2026-05-11,11:09:00,No,Amazon,instagram
Large,2026-05-11,12:12:00,Yes,Target,google
Large,2026-05-11,13:15:00,No,Walmart,email
Large,2026-05-11,14:18:00,Yes,PetSmart,facebook
Large,2026-05-11,15:21:00,No,Chewy,instagram
Large,2026-05-11,16:24:00,Yes,Amazon,google
Large,2026-05-11,17:27:00,No,Target,email
Large,2026-05-11,18:30:00,Yes,Walmart,facebook
Large,2026-05-11,19:33:00,No,PetSmart,instagram
Large,2026-05-11,08:36:00,Yes,Chewy,google
Large,2026-05-11,09:39:00,No,Amazon,email
Large,2026-05-11,10:42:00,Yes,Target,facebook
Large,2026-05-11,11:45:00,No,Walmart,instagram
Large,2026-05-11,12:48:00,Yes,PetSmart,google
Large,2026-05-11,13:51:00,No,Chewy,email
Large,2026-05-11,14:54:00,Yes,Amazon,facebook
Large,2026-05-11,15:57:00,No,Target,instagram
Large,2026-05-11,16:00:00,Yes,Walmart,google
Large,2026-05-11,17:03:00,No,PetSmart,email
Large,2026-05-11,18:06:00,Yes,Chewy,facebook
Large,2026-05-11,19:09:00,No,Amazon,instagram
Large,2026-05-11,08:12:00,Yes,Target,google
Large,2026-05-11,09:15:00,No,Walmart,email
Large,2026-05-11,10:18:00,Yes,PetSmart,facebook
Large,2026-05-11,11:21:00,No,Chewy,instagram
Large,2026-05-11,12:24:00,Yes,Amazon,google
Large,2026-05-11,13:27:00,No,Target,email
Large,2026-05-11,14:30:00,Yes,Walmart,facebook
Large,2026-05-11,15:33:00,No,PetSmart,instagram
Large,2026-05-11,16:36:00,Yes,Chewy,google
Large,2026-05-11,17:39:00,No,Amazon,email
Large,2026-05-11,18:42:00,Yes,Target,facebook
Large,2026-05-11,19:45:00,No,Walmart,instagram
Large,2026-05-11,08:48:00,Yes,PetSmart,google
Large,2026-05-11,09:51:00,No,Chewy,email
Large,2026-05-11,10:54:00,Yes,Amazon,facebook
Large,2026-05-11,11:57:00,No,Target,instagram
Large,2026-05-11,12:00:00,Yes,Walmart,google
Large,2026-05-11,13:03:00,No,PetSmart,email
Large,2026-05-11,14:06:00,Yes,Chewy,facebook
Large,2026-05-11,15:09:00,No,Amazon,instagram
Large,2026-05-11,16:12:00,Yes,Target,google
Large,2026-05-11,17:15:00,No,Walmart,email
Large,2026-05-11,18:18:00,Yes,PetSmart,facebook
Large,2026-05-11,19:21:00,No,Chewy,instagram
Large,2026-05-11,08:24:00,Yes,Amazon,google
Large,2026-05-11,09:27:00,No,Target,email
Large,2026-05-11,10:30:00,Yes,Walmart,facebook
Large,2026-05-11,11:33:00,No,PetSmart,instagram
Large,2026-05-11,12:36:00,Yes,Chewy,google
Large,2026-05-11,13:39:00,No,Amazon,email
Large,2026-05-11,14:42:00,Yes,Target,facebook
Large,2026-05-11,15:45:00,No,Walmart,instagram
Large,2026-05-11,16:48:00,Yes,PetSmart,google
Large,2026-05-11,17:51:00,No,Chewy,email
Large,2026-05-11,18:54:00,Yes,Amazon,facebook
Large,2026-05-11,19:57:00,No,Target,instagram
Large,2026-05-11,08:00:00,Yes,Walmart,google
Large,2026-05-11,09:03:00,No,PetSmart,email
Large,2026-05-11,10:06:00,Yes,Chewy,facebook
Large,2026-05-11,11:09:00,No,Amazon,instagram
Large,2026-05-11,12:12:00,Yes,Target,google
Large,2026-05-11,13:15:00,No,Walmart,email
Large,2026-05-11,14:18:00,Yes,PetSmart,facebook
Large,2026-05-11,15:21:00,No,Chewy,instagram
Large,2026-05-11,16:24:00,Yes,Amazon,google
Large,2026-05-11,17:27:00,No,Target,email
Large,2026-05-11,18:30:00,Yes,Walmart,facebook
Large,2026-05-11,19:33:00,No,PetSmart,instagram
Large,2026-05-11,08:36:00,Yes,Chewy,google
Large,2026-05-11,09:39:00,No,Amazon,email
Large,2026-05-11,10:42:00,Yes,Target,facebook
Large,2026-05-11,11:45:00,No,Walmart,instagram
Large,2026-05-11,12:48:00,Yes,PetSmart,google
Large,2026-05-11,13:51:00,No,Chewy,email
Large,2026-05-11,14:54:00,Yes,Amazon,facebook
Large,2026-05-11,15:57:00,No,Target,instagram
Large,2026-05-11,16:00:00,Yes,Walmart,google
Large,2026-05-11,17:03:00,No,PetSmart,email
Large,2026-05-11,18:06:00,Yes,Chewy,facebook
Large,2026-05-11,19:09:00,No,Amazon,instagram
Large,2026-05-11,08:12:00,Yes,Target,google
Large,2026-05-11,09:15:00,No,Walmart,email
Large,2026-05-11,10:18:00,Yes,PetSmart,facebook
Large,2026-05-11,11:21:00,No,Chewy,instagram
Large,2026-05-11,12:24:00,Yes,Amazon,google
Large,2026-05-11,13:27:00,No,Target,email
Large,2026-05-11,14:30:00,Yes,Walmart,facebook
Large,2026-05-11,15:33:00,No,PetSmart,instagram
Large,2026-05-11,16:36:00,Yes,Chewy,google
Large,2026-05-11,17:39:00,No,Amazon,email
Large,2026-05-11,18:42:00,Yes,Target,facebook
Large,2026-05-11,19:45:00,No,Walmart,instagram
Large,2026-05-11,08:48:00,Yes,PetSmart,google
Large,2026-05-11,09:51:00,No,Chewy,email
Large,2026-05-11,10:54:00,Yes,Amazon,facebook
Large,2026-05-11,11:57:00,No,Target,instagram
Large,2026-05-11,12:00:00,Yes,Walmart,google
Large,2026-05-11,13:03:00,No,PetSmart,email
Large,2026-05-11,14:06:00,Yes,Chewy,facebook
Large,2026-05-11,15:09:00,No,Amazon,instagram
Large,2026-05-11,16:12:00,Yes,Target,google
Large,2026-05-11,17:15:00,No,Walmart,email
Large,2026-05-11,18:18:00,Yes,PetSmart,facebook
Large,2026-05-11,19:21:00,No,Chewy,instagram
Large,2026-05-11,08:24:00,Yes,Amazon,google
Large,2026-05-11,09:27:00,No,Target,email
Large,2026-05-11,10:30:00,Yes,Walmart,facebook
Large,2026-05-11,11:33:00,No,PetSmart,instagram
Large,2026-05-11,12:36:00,Yes,Chewy,google
Large,2026-05-11,13:39:00,No,Amazon,email
Large,2026-05-11,14:42:00,Yes,Target,facebook
Large,2026-05-11,15:45:00,No,Walmart,instagram
Large,2026-05-11,16:48:00,Yes,PetSmart,google
Large,2026-05-11,17:51:00,No,Chewy,email
Large,2026-05-11,18:54:00,Yes,Amazon,facebook
Large,2026-05-11,19:57:00,No,Target,instagram
Large,2026-05-11,08:00:00,Yes,Walmart,google
Large,2026-05-11,09:03:00,No,PetSmart,email
Large,2026-05-11,10:06:00,Yes,Chewy,facebook
Large,2026-05-11,11:09:00,No,Amazon,instagram
Large,2026-05-11,12:12:00,Yes,Target,google
Large,2026-05-11,13:15:00,No,Walmart,email
Large,2026-05-11,14:18:00,Yes,PetSmart,facebook
Large,2026-05-11,15:21:00,No,Chewy,instagram
Large,2026-05-11,16:24:00,Yes,Amazon,google
Large,2026-05-11,17:27:00,No,Target,email
Large,2026-05-11,18:30:00,Yes,Walmart,facebook
Large,2026-05-11,19:33:00,No,PetSmart,instagram
Large,2026-05-11,08:36:00,Yes,Chewy,google
Large,2026-05-11,09:39:00,No,Amazon,email
Large,2026-05-11,10:42:00,Yes,Target,facebook
Large,2026-05-11,11:45:00,No,Walmart,instagram
Large,2026-05-11,12:48:00,Yes,PetSmart,google
Large,2026-05-11,13:51:00,No,Chewy,email
Large,2026-05-11,14:54:00,Yes,Amazon,facebook
Large,2026-05-11,15:57:00,No,Target,instagram
Large,2026-05-11,16:00:00,Yes,Walmart,google
Large,2026-05-11,17:03:00,No,PetSmart,email
Large,2026-05-11,18:06:00,Yes,Chewy,facebook
Large,2026-05-11,19:09:00,No,Amazon,instagram
Large,2026-05-11,08:12:00,Yes,Target,google
Large,2026-05-11,09:15:00,No,Walmart,email
Large,2026-05-11,10:18:00,Yes,PetSmart,facebook
Large,2026-05-11,11:21:00,No,Chewy,instagram
Large,2026-05-11,12:24:00,Yes,Amazon,google
Large,2026-05-11,13:27:00,No,Target,email
Large,2026-05-11,14:30:00,Yes,Walmart,facebook
Large,2026-05-11,15:33:00,No,PetSmart,instagram
Large,2026-05-11,16:36:00,Yes,Chewy,google
Large,2026-05-11,17:39:00,No,Amazon,email
Large,2026-05-11,18:42:00,Yes,Target,facebook
Large,2026-05-11,19:45:00,No,Walmart,instagram
Large,2026-05-11,08:48:00,Yes,PetSmart,google
Large,2026-05-11,09:51:00,No,Chewy,email
Large,2026-05-11,10:54:00,Yes,Amazon,facebook
Large,2026-05-11,11:57:00,No,Target,instagram
Large,2026-05-11,12:00:00,Yes,Walmart,google
Large,2026-05-11,13:03:00,No,PetSmart,email
Large,2026-05-11,14:06:00,Yes,Chewy,facebook
Large,2026-05-11,15:09:00,No,Amazon,instagram
Large,2026-05-11,16:12:00,Yes,Target,google
Large,2026-05-11,17:15:00,No,Walmart,email
Large,2026-05-11,18:18:00,Yes,PetSmart,facebook
Large,2026-05-11,19:21:00,No,Chewy,instagram
Large,2026-05-11,08:24:00,Yes,Amazon,google
Large,2026-05-11,09:27:00,No,Target,email
Large,2026-05-11,10:30:00,Yes,Walmart,facebook
Large,2026-05-11,11:33:00,No,PetSmart,instagram
Large,2026-05-11,12:36:00,Yes,Chewy,google
Large,2026-05-11,13:39:00,No,Amazon,email
Large,2026-05-11,14:42:00,Yes,Target,facebook
Large,2026-05-11,15:45:00,No,Walmart,instagram
Large,2026-05-11,16:48:00,Yes,PetSmart,google
Large,2026-05-11,17:51:00,No,Chewy,email
Large,2026-05-11,18:54:00,Yes,Amazon,facebook
Large,2026-05-11,19:57:00,No,Target,instagram
Large,2026-05-11,08:00:00,Yes,Walmart,google
Large,2026-05-11,09:03:00,No,PetSmart,email
Large,2026-05-11,10:06:00,Yes,Chewy,facebook
Large,2026-05-11,11:09:00,No,Amazon,instagram
Large,2026-05-11,12:12:00,Yes,Target,google
Large,2026-05-11,13:15:00,No,Walmart,email
Large,2026-05-11,14:18:00,Yes,PetSmart,facebook
Large,2026-05-11,15:21:00,No,Chewy,instagram
TEENIE,2026-05-12,08:00:00,No,PetSmart,email
TEENIE,2026-05-12,09:03:00,Yes,Chewy,facebook
TEENIE,2026-05-12,10:06:00,No,Amazon,instagram
TEENIE,2026-05-12,11:09:00,Yes,Target,google
TEENIE,2026-05-12,12:12:00,No,Walmart,email
TEENIE,2026-05-12,13:15:00,Yes,PetSmart,facebook
TEENIE,2026-05-12,14:18:00,No,Chewy,instagram
TEENIE,2026-05-12,15:21:00,Yes,Amazon,google
TEENIE,2026-05-12,16:24:00,No,Target,email
TEENIE,2026-05-12,17:27:00,Yes,Walmart,facebook
TEENIE,2026-05-12,18:30:00,No,PetSmart,instagram
TEENIE,2026-05-12,19:33:00,Yes,Chewy,google
TEENIE,2026-05-12,08:36:00,No,Amazon,email
TEENIE,2026-05-12,09:39:00,Yes,Target,facebook
TEENIE,2026-05-12,10:42:00,No,Walmart,instagram
TEENIE,2026-05-12,11:45:00,Yes,PetSmart,google
TEENIE,2026-05-12,12:48:00,No,Chewy,email
TEENIE,2026-05-12,13:51:00,Yes,Amazon,facebook
TEENIE,2026-05-12,14:54:00,No,Target,instagram
TEENIE,2026-05-12,15:57:00,Yes,Walmart,google
TEENIE,2026-05-12,16:00:00,No,PetSmart,email
TEENIE,2026-05-12,17:03:00,Yes,Chewy,facebook
TEENIE,2026-05-12,18:06:00,No,Amazon,instagram
TEENIE,2026-05-12,19:09:00,Yes,Target,google
TEENIE,2026-05-12,08:12:00,No,Walmart,email
TEENIE,2026-05-12,09:15:00,Yes,PetSmart,facebook
TEENIE,2026-05-12,10:18:00,No,Chewy,instagram
TEENIE,2026-05-12,11:21:00,Yes,Amazon,google
TEENIE,2026-05-12,12:24:00,No,Target,email
TEENIE,2026-05-12,13:27:00,Yes,Walmart,facebook
TEENIE,2026-05-12,14:30:00,No,PetSmart,instagram
TEENIE,2026-05-12,15:33:00,Yes,Chewy,google
TEENIE,2026-05-12,16:36:00,No,Amazon,email
TEENIE,2026-05-12,17:39:00,Yes,Target,facebook
TEENIE,2026-05-12,18:42:00,No,Walmart,instagram
TEENIE,2026-05-12,19:45:00,Yes,PetSmart,google
TEENIE,2026-05-12,08:48:00,No,Chewy,email
TEENIE,2026-05-12,09:51:00,Yes,Amazon,facebook
TEENIE,2026-05-12,10:54:00,No,Target,instagram
TEENIE,2026-05-12,11:57:00,Yes,Walmart,google
TEENIE,2026-05-12,12:00:00,No,PetSmart,email
TEENIE,2026-05-12,13:03:00,Yes,Chewy,facebook
TEENIE,2026-05-12,14:06:00,No,Amazon,instagram
TEENIE,2026-05-12,15:09:00,Yes,Target,google
TEENIE,2026-05-12,16:12:00,No,Walmart,email
TEENIE,2026-05-12,17:15:00,Yes,PetSmart,facebook
TEENIE,2026-05-12,18:18:00,No,Chewy,instagram
TEENIE,2026-05-12,19:21:00,Yes,Amazon,google
TEENIE,2026-05-12,08:24:00,No,Target,email
TEENIE,2026-05-12,09:27:00,Yes,Walmart,facebook
TEENIE,2026-05-12,10:30:00,No,PetSmart,instagram
TEENIE,2026-05-12,11:33:00,Yes,Chewy,google
TEENIE,2026-05-12,12:36:00,No,Amazon,email
TEENIE,2026-05-12,13:39:00,Yes,Target,facebook
TEENIE,2026-05-12,14:42:00,No,Walmart,instagram
TEENIE,2026-05-12,15:45:00,Yes,PetSmart,google
TEENIE,2026-05-12,16:48:00,No,Chewy,email
TEENIE,2026-05-12,17:51:00,Yes,Amazon,facebook
TEENIE,2026-05-12,18:54:00,No,Target,instagram
TEENIE,2026-05-12,19:57:00,Yes,Walmart,google
TEENIE,2026-05-12,08:00:00,No,PetSmart,email
TEENIE,2026-05-12,09:03:00,Yes,Chewy,facebook
TEENIE,2026-05-12,10:06:00,No,Amazon,instagram
TEENIE,2026-05-12,11:09:00,Yes,Target,google
TEENIE,2026-05-12,12:12:00,No,Walmart,email
TEENIE,2026-05-12,13:15:00,Yes,PetSmart,facebook
TEENIE,2026-05-12,14:18:00,No,Chewy,instagram
TEENIE,2026-05-12,15:21:00,Yes,Amazon,google
TEENIE,2026-05-12,16:24:00,No,Target,email
TEENIE,2026-05-12,17:27:00,Yes,Walmart,facebook
TEENIE,2026-05-12,18:30:00,No,PetSmart,instagram
TEENIE,2026-05-12,19:33:00,Yes,Chewy,google
TEENIE,2026-05-12,08:36:00,No,Amazon,email
TEENIE,2026-05-12,09:39:00,Yes,Target,facebook
TEENIE,2026-05-12,10:42:00,No,Walmart,instagram
TEENIE,2026-05-12,11:45:00,Yes,PetSmart,google
TEENIE,2026-05-12,12:48:00,No,Chewy,email
TEENIE,2026-05-12,13:51:00,Yes,Amazon,facebook
TEENIE,2026-05-12,14:54:00,No,Target,instagram
TEENIE,2026-05-12,15:57:00,Yes,Walmart,google
TEENIE,2026-05-12,16:00:00,No,PetSmart,email
TEENIE,2026-05-12,17:03:00,Yes,Chewy,facebook
TEENIE,2026-05-12,18:06:00,No,Amazon,instagram
TEENIE,2026-05-12,19:09:00,Yes,Target,google
TEENIE,2026-05-12,08:12:00,No,Walmart,email
TEENIE,2026-05-12,09:15:00,Yes,PetSmart,facebook
TEENIE,2026-05-12,10:18:00,No,Chewy,instagram
TEENIE,2026-05-12,11:21:00,Yes,Amazon,google
TEENIE,2026-05-12,12:24:00,No,Target,email
TEENIE,2026-05-12,13:27:00,Yes,Walmart,facebook
TEENIE,2026-05-12,14:30:00,No,PetSmart,instagram
TEENIE,2026-05-12,15:33:00,Yes,Chewy,google
TEENIE,2026-05-12,16:36:00,No,Amazon,email
TEENIE,2026-05-12,17:39:00,Yes,Target,facebook
TEENIE,2026-05-12,18:42:00,No,Walmart,instagram
TEENIE,2026-05-12,19:45:00,Yes,PetSmart,google
TEENIE,2026-05-12,08:48:00,No,Chewy,email
TEENIE,2026-05-12,09:51:00,Yes,Amazon,facebook
TEENIE,2026-05-12,10:54:00,No,Target,instagram
TEENIE,2026-05-12,11:57:00,Yes,Walmart,google
TEENIE,2026-05-12,12:00:00,No,PetSmart,email
TEENIE,2026-05-12,13:03:00,Yes,Chewy,facebook
TEENIE,2026-05-12,14:06:00,No,Amazon,instagram
TEENIE,2026-05-12,15:09:00,Yes,Target,google
TEENIE,2026-05-12,16:12:00,No,Walmart,email
TEENIE,2026-05-12,17:15:00,Yes,PetSmart,facebook
TEENIE,2026-05-12,18:18:00,No,Chewy,instagram
TEENIE,2026-05-12,19:21:00,Yes,Amazon,google
TEENIE,2026-05-12,08:24:00,No,Target,email
TEENIE,2026-05-12,09:27:00,Yes,Walmart,facebook
Petite,2026-05-12,08:00:00,No,PetSmart,email
Petite,2026-05-12,09:03:00,Yes,Chewy,facebook
Petite,2026-05-12,10:06:00,No,Amazon,instagram
Petite,2026-05-12,11:09:00,Yes,Target,google
Petite,2026-05-12,12:12:00,No,Walmart,email
Petite,2026-05-12,13:15:00,Yes,PetSmart,facebook
Petite,2026-05-12,14:18:00,No,Chewy,instagram
Petite,2026-05-12,15:21:00,Yes,Amazon,google
Petite,2026-05-12,16:24:00,No,Target,email
Petite,2026-05-12,17:27:00,Yes,Walmart,facebook
Petite,2026-05-12,18:30:00,No,PetSmart,instagram
Petite,2026-05-12,19:33:00,Yes,Chewy,google
Petite,2026-05-12,08:36:00,No,Amazon,email
Petite,2026-05-12,09:39:00,Yes,Target,facebook
Petite,2026-05-12,10:42:00,No,Walmart,instagram
Petite,2026-05-12,11:45:00,Yes,PetSmart,google
Petite,2026-05-12,12:48:00,No,Chewy,email
Petite,2026-05-12,13:51:00,Yes,Amazon,facebook
Petite,2026-05-12,14:54:00,No,Target,instagram
Petite,2026-05-12,15:57:00,Yes,Walmart,google
Petite,2026-05-12,16:00:00,No,PetSmart,email
Petite,2026-05-12,17:03:00,Yes,Chewy,facebook
Petite,2026-05-12,18:06:00,No,Amazon,instagram
Petite,2026-05-12,19:09:00,Yes,Target,google
Petite,2026-05-12,08:12:00,No,Walmart,email
Petite,2026-05-12,09:15:00,Yes,PetSmart,facebook
Petite,2026-05-12,10:18:00,No,Chewy,instagram
Petite,2026-05-12,11:21:00,Yes,Amazon,google
Petite,2026-05-12,12:24:00,No,Target,email
Petite,2026-05-12,13:27:00,Yes,Walmart,facebook
Petite,2026-05-12,14:30:00,No,PetSmart,instagram
Petite,2026-05-12,15:33:00,Yes,Chewy,google
Petite,2026-05-12,16:36:00,No,Amazon,email
Petite,2026-05-12,17:39:00,Yes,Target,facebook
Petite,2026-05-12,18:42:00,No,Walmart,instagram
Petite,2026-05-12,19:45:00,Yes,PetSmart,google
Petite,2026-05-12,08:48:00,No,Chewy,email
Petite,2026-05-12,09:51:00,Yes,Amazon,facebook
Petite,2026-05-12,10:54:00,No,Target,instagram
Petite,2026-05-12,11:57:00,Yes,Walmart,google
Petite,2026-05-12,12:00:00,No,PetSmart,email
Petite,2026-05-12,13:03:00,Yes,Chewy,facebook
Petite,2026-05-12,14:06:00,No,Amazon,instagram
Petite,2026-05-12,15:09:00,Yes,Target,google
Petite,2026-05-12,16:12:00,No,Walmart,email
Petite,2026-05-12,17:15:00,Yes,PetSmart,facebook
Petite,2026-05-12,18:18:00,No,Chewy,instagram
Petite,2026-05-12,19:21:00,Yes,Amazon,google
Petite,2026-05-12,08:24:00,No,Target,email
Petite,2026-05-12,09:27:00,Yes,Walmart,facebook
Petite,2026-05-12,10:30:00,No,PetSmart,instagram
Petite,2026-05-12,11:33:00,Yes,Chewy,google
Petite,2026-05-12,12:36:00,No,Amazon,email
Petite,2026-05-12,13:39:00,Yes,Target,facebook
Petite,2026-05-12,14:42:00,No,Walmart,instagram
Petite,2026-05-12,15:45:00,Yes,PetSmart,google
Petite,2026-05-12,16:48:00,No,Chewy,email
Petite,2026-05-12,17:51:00,Yes,Amazon,facebook
Petite,2026-05-12,18:54:00,No,Target,instagram
Petite,2026-05-12,19:57:00,Yes,Walmart,google
Petite,2026-05-12,08:00:00,No,PetSmart,email
Petite,2026-05-12,09:03:00,Yes,Chewy,facebook
Petite,2026-05-12,10:06:00,No,Amazon,instagram
Petite,2026-05-12,11:09:00,Yes,Target,google
Petite,2026-05-12,12:12:00,No,Walmart,email
Petite,2026-05-12,13:15:00,Yes,PetSmart,facebook
Petite,2026-05-12,14:18:00,No,Chewy,instagram
Petite,2026-05-12,15:21:00,Yes,Amazon,google
Petite,2026-05-12,16:24:00,No,Target,email
Petite,2026-05-12,17:27:00,Yes,Walmart,facebook
Petite,2026-05-12,18:30:00,No,PetSmart,instagram
Petite,2026-05-12,19:33:00,Yes,Chewy,google
Petite,2026-05-12,08:36:00,No,Amazon,email
Petite,2026-05-12,09:39:00,Yes,Target,facebook
Petite,2026-05-12,10:42:00,No,Walmart,instagram
Petite,2026-05-12,11:45:00,Yes,PetSmart,google
Petite,2026-05-12,12:48:00,No,Chewy,email
Petite,2026-05-12,13:51:00,Yes,Amazon,facebook
Petite,2026-05-12,14:54:00,No,Target,instagram
Petite,2026-05-12,15:57:00,Yes,Walmart,google
Regular,2026-05-12,08:00:00,No,PetSmart,email
Regular,2026-05-12,09:03:00,Yes,Chewy,facebook
Regular,2026-05-12,10:06:00,No,Amazon,instagram
Regular,2026-05-12,11:09:00,Yes,Target,google
Regular,2026-05-12,12:12:00,No,Walmart,email
Regular,2026-05-12,13:15:00,Yes,PetSmart,facebook
Regular,2026-05-12,14:18:00,No,Chewy,instagram
Regular,2026-05-12,15:21:00,Yes,Amazon,google
Regular,2026-05-12,16:24:00,No,Target,email
Regular,2026-05-12,17:27:00,Yes,Walmart,facebook
Regular,2026-05-12,18:30:00,No,PetSmart,instagram
Regular,2026-05-12,19:33:00,Yes,Chewy,google
Regular,2026-05-12,08:36:00,No,Amazon,email
Regular,2026-05-12,09:39:00,Yes,Target,facebook
Regular,2026-05-12,10:42:00,No,Walmart,instagram
Regular,2026-05-12,11:45:00,Yes,PetSmart,google
Regular,2026-05-12,12:48:00,No,Chewy,email
Regular,2026-05-12,13:51:00,Yes,Amazon,facebook
Regular,2026-05-12,14:54:00,No,Target,instagram
Regular,2026-05-12,15:57:00,Yes,Walmart,google
Regular,2026-05-12,16:00:00,No,PetSmart,email
Regular,2026-05-12,17:03:00,Yes,Chewy,facebook
Regular,2026-05-12,18:06:00,No,Amazon,instagram
Regular,2026-05-12,19:09:00,Yes,Target,google
Regular,2026-05-12,08:12:00,No,Walmart,email
Regular,2026-05-12,09:15:00,Yes,PetSmart,facebook
Regular,2026-05-12,10:18:00,No,Chewy,instagram
Regular,2026-05-12,11:21:00,Yes,Amazon,google
Regular,2026-05-12,12:24:00,No,Target,email
Regular,2026-05-12,13:27:00,Yes,Walmart,facebook
Regular,2026-05-12,14:30:00,No,PetSmart,instagram
Regular,2026-05-12,15:33:00,Yes,Chewy,google
Regular,2026-05-12,16:36:00,No,Amazon,email
Regular,2026-05-12,17:39:00,Yes,Target,facebook
Regular,2026-05-12,18:42:00,No,Walmart,instagram
Regular,2026-05-12,19:45:00,Yes,PetSmart,google
Regular,2026-05-12,08:48:00,No,Chewy,email
Regular,2026-05-12,09:51:00,Yes,Amazon,facebook
Regular,2026-05-12,10:54:00,No,Target,instagram
Regular,2026-05-12,11:57:00,Yes,Walmart,google
Regular,2026-05-12,12:00:00,No,PetSmart,email
Regular,2026-05-12,13:03:00,Yes,Chewy,facebook
Regular,2026-05-12,14:06:00,No,Amazon,instagram
Regular,2026-05-12,15:09:00,Yes,Target,google
Regular,2026-05-12,16:12:00,No,Walmart,email
Regular,2026-05-12,17:15:00,Yes,PetSmart,facebook
Regular,2026-05-12,18:18:00,No,Chewy,instagram
Regular,2026-05-12,19:21:00,Yes,Amazon,google
Regular,2026-05-12,08:24:00,No,Target,email
Regular,2026-05-12,09:27:00,Yes,Walmart,facebook
Regular,2026-05-12,10:30:00,No,PetSmart,instagram
Regular,2026-05-12,11:33:00,Yes,Chewy,google
Regular,2026-05-12,12:36:00,No,Amazon,email
Regular,2026-05-12,13:39:00,Yes,Target,facebook
Regular,2026-05-12,14:42:00,No,Walmart,instagram
Regular,2026-05-12,15:45:00,Yes,PetSmart,google
Regular,2026-05-12,16:48:00,No,Chewy,email
Regular,2026-05-12,17:51:00,Yes,Amazon,facebook
Regular,2026-05-12,18:54:00,No,Target,instagram
Regular,2026-05-12,19:57:00,Yes,Walmart,google
Regular,2026-05-12,08:00:00,No,PetSmart,email
Regular,2026-05-12,09:03:00,Yes,Chewy,facebook
Regular,2026-05-12,10:06:00,No,Amazon,instagram
Regular,2026-05-12,11:09:00,Yes,Target,google
Regular,2026-05-12,12:12:00,No,Walmart,email
Regular,2026-05-12,13:15:00,Yes,PetSmart,facebook
Regular,2026-05-12,14:18:00,No,Chewy,instagram
Regular,2026-05-12,15:21:00,Yes,Amazon,google
Regular,2026-05-12,16:24:00,No,Target,email
Regular,2026-05-12,17:27:00,Yes,Walmart,facebook
Regular,2026-05-12,18:30:00,No,PetSmart,instagram
Regular,2026-05-12,19:33:00,Yes,Chewy,google
Regular,2026-05-12,08:36:00,No,Amazon,email
Regular,2026-05-12,09:39:00,Yes,Target,facebook
Regular,2026-05-12,10:42:00,No,Walmart,instagram
Regular,2026-05-12,11:45:00,Yes,PetSmart,google
Regular,2026-05-12,12:48:00,No,Chewy,email
Regular,2026-05-12,13:51:00,Yes,Amazon,facebook
Regular,2026-05-12,14:54:00,No,Target,instagram
Regular,2026-05-12,15:57:00,Yes,Walmart,google
Regular,2026-05-12,16:00:00,No,PetSmart,email
Regular,2026-05-12,17:03:00,Yes,Chewy,facebook
Regular,2026-05-12,18:06:00,No,Amazon,instagram
Regular,2026-05-12,19:09:00,Yes,Target,google
Regular,2026-05-12,08:12:00,No,Walmart,email
Regular,2026-05-12,09:15:00,Yes,PetSmart,facebook
Regular,2026-05-12,10:18:00,No,Chewy,instagram
Regular,2026-05-12,11:21:00,Yes,Amazon,google
Regular,2026-05-12,12:24:00,No,Target,email
Regular,2026-05-12,13:27:00,Yes,Walmart,facebook
Regular,2026-05-12,14:30:00,No,PetSmart,instagram
Regular,2026-05-12,15:33:00,Yes,Chewy,google
Regular,2026-05-12,16:36:00,No,Amazon,email
Regular,2026-05-12,17:39:00,Yes,Target,facebook
Regular,2026-05-12,18:42:00,No,Walmart,instagram
Regular,2026-05-12,19:45:00,Yes,PetSmart,google
Regular,2026-05-12,08:48:00,No,Chewy,email
Regular,2026-05-12,09:51:00,Yes,Amazon,facebook
Regular,2026-05-12,10:54:00,No,Target,instagram
Regular,2026-05-12,11:57:00,Yes,Walmart,google
Regular,2026-05-12,12:00:00,No,PetSmart,email
Regular,2026-05-12,13:03:00,Yes,Chewy,facebook
Regular,2026-05-12,14:06:00,No,Amazon,instagram
Regular,2026-05-12,15:09:00,Yes,Target,google
Regular,2026-05-12,16:12:00,No,Walmart,email
Regular,2026-05-12,17:15:00,Yes,PetSmart,facebook
Regular,2026-05-12,18:18:00,No,Chewy,instagram
Regular,2026-05-12,19:21:00,Yes,Amazon,google
Regular,2026-05-12,08:24:00,No,Target,email
Regular,2026-05-12,09:27:00,Yes,Walmart,facebook
Regular,2026-05-12,10:30:00,No,PetSmart,instagram
Regular,2026-05-12,11:33:00,Yes,Chewy,google
Regular,2026-05-12,12:36:00,No,Amazon,email
Regular,2026-05-12,13:39:00,Yes,Target,facebook
Regular,2026-05-12,14:42:00,No,Walmart,instagram
Regular,2026-05-12,15:45:00,Yes,PetSmart,google
Regular,2026-05-12,16:48:00,No,Chewy,email
Regular,2026-05-12,17:51:00,Yes,Amazon,facebook
Regular,2026-05-12,18:54:00,No,Target,instagram
Regular,2026-05-12,19:57:00,Yes,Walmart,google
Regular,2026-05-12,08:00:00,No,PetSmart,email
Regular,2026-05-12,09:03:00,Yes,Chewy,facebook
Regular,2026-05-12,10:06:00,No,Amazon,instagram
Regular,2026-05-12,11:09:00,Yes,Target,google
Regular,2026-05-12,12:12:00,No,Walmart,email
Regular,2026-05-12,13:15:00,Yes,PetSmart,facebook
Regular,2026-05-12,14:18:00,No,Chewy,instagram
Regular,2026-05-12,15:21:00,Yes,Amazon,google
Regular,2026-05-12,16:24:00,No,Target,email
Regular,2026-05-12,17:27:00,Yes,Walmart,facebook
Large,2026-05-12,08:00:00,No,PetSmart,email
Large,2026-05-12,09:03:00,Yes,Chewy,facebook
Large,2026-05-12,10:06:00,No,Amazon,instagram
Large,2026-05-12,11:09:00,Yes,Target,google
Large,2026-05-12,12:12:00,No,Walmart,email
Large,2026-05-12,13:15:00,Yes,PetSmart,facebook
Large,2026-05-12,14:18:00,No,Chewy,instagram
Large,2026-05-12,15:21:00,Yes,Amazon,google
Large,2026-05-12,16:24:00,No,Target,email
Large,2026-05-12,17:27:00,Yes,Walmart,facebook
Large,2026-05-12,18:30:00,No,PetSmart,instagram
Large,2026-05-12,19:33:00,Yes,Chewy,google
Large,2026-05-12,08:36:00,No,Amazon,email
Large,2026-05-12,09:39:00,Yes,Target,facebook
Large,2026-05-12,10:42:00,No,Walmart,instagram
Large,2026-05-12,11:45:00,Yes,PetSmart,google
Large,2026-05-12,12:48:00,No,Chewy,email
Large,2026-05-12,13:51:00,Yes,Amazon,facebook
Large,2026-05-12,14:54:00,No,Target,instagram
Large,2026-05-12,15:57:00,Yes,Walmart,google
Large,2026-05-12,16:00:00,No,PetSmart,email
Large,2026-05-12,17:03:00,Yes,Chewy,facebook
Large,2026-05-12,18:06:00,No,Amazon,instagram
Large,2026-05-12,19:09:00,Yes,Target,google
Large,2026-05-12,08:12:00,No,Walmart,email
Large,2026-05-12,09:15:00,Yes,PetSmart,facebook
Large,2026-05-12,10:18:00,No,Chewy,instagram
Large,2026-05-12,11:21:00,Yes,Amazon,google
Large,2026-05-12,12:24:00,No,Target,email
Large,2026-05-12,13:27:00,Yes,Walmart,facebook
Large,2026-05-12,14:30:00,No,PetSmart,instagram
Large,2026-05-12,15:33:00,Yes,Chewy,google
Large,2026-05-12,16:36:00,No,Amazon,email
Large,2026-05-12,17:39:00,Yes,Target,facebook
Large,2026-05-12,18:42:00,No,Walmart,instagram
Large,2026-05-12,19:45:00,Yes,PetSmart,google
Large,2026-05-12,08:48:00,No,Chewy,email
Large,2026-05-12,09:51:00,Yes,Amazon,facebook
Large,2026-05-12,10:54:00,No,Target,instagram
Large,2026-05-12,11:57:00,Yes,Walmart,google
Large,2026-05-12,12:00:00,No,PetSmart,email
Large,2026-05-12,13:03:00,Yes,Chewy,facebook
Large,2026-05-12,14:06:00,No,Amazon,instagram
Large,2026-05-12,15:09:00,Yes,Target,google
Large,2026-05-12,16:12:00,No,Walmart,email
Large,2026-05-12,17:15:00,Yes,PetSmart,facebook
Large,2026-05-12,18:18:00,No,Chewy,instagram
Large,2026-05-12,19:21:00,Yes,Amazon,google
Large,2026-05-12,08:24:00,No,Target,email
Large,2026-05-12,09:27:00,Yes,Walmart,facebook
Large,2026-05-12,10:30:00,No,PetSmart,instagram
Large,2026-05-12,11:33:00,Yes,Chewy,google
Large,2026-05-12,12:36:00,No,Amazon,email
Large,2026-05-12,13:39:00,Yes,Target,facebook
Large,2026-05-12,14:42:00,No,Walmart,instagram
Large,2026-05-12,15:45:00,Yes,PetSmart,google
Large,2026-05-12,16:48:00,No,Chewy,email
Large,2026-05-12,17:51:00,Yes,Amazon,facebook
Large,2026-05-12,18:54:00,No,Target,instagram
Large,2026-05-12,19:57:00,Yes,Walmart,google
Large,2026-05-12,08:00:00,No,PetSmart,email
Large,2026-05-12,09:03:00,Yes,Chewy,facebook
Large,2026-05-12,10:06:00,No,Amazon,instagram
Large,2026-05-12,11:09:00,Yes,Target,google
Large,2026-05-12,12:12:00,No,Walmart,email
Large,2026-05-12,13:15:00,Yes,PetSmart,facebook
Large,2026-05-12,14:18:00,No,Chewy,instagram
Large,2026-05-12,15:21:00,Yes,Amazon,google
Large,2026-05-12,16:24:00,No,Target,email
Large,2026-05-12,17:27:00,Yes,Walmart,facebook
Large,2026-05-12,18:30:00,No,PetSmart,instagram
Large,2026-05-12,19:33:00,Yes,Chewy,google
Large,2026-05-12,08:36:00,No,Amazon,email
Large,2026-05-12,09:39:00,Yes,Target,facebook
Large,2026-05-12,10:42:00,No,Walmart,instagram
Large,2026-05-12,11:45:00,Yes,PetSmart,google
Large,2026-05-12,12:48:00,No,Chewy,email
Large,2026-05-12,13:51:00,Yes,Amazon,facebook
Large,2026-05-12,14:54:00,No,Target,instagram
Large,2026-05-12,15:57:00,Yes,Walmart,google
Large,2026-05-12,16:00:00,No,PetSmart,email
Large,2026-05-12,17:03:00,Yes,Chewy,facebook
Large,2026-05-12,18:06:00,No,Amazon,instagram
Large,2026-05-12,19:09:00,Yes,Target,google
Large,2026-05-12,08:12:00,No,Walmart,email
Large,2026-05-12,09:15:00,Yes,PetSmart,facebook
Large,2026-05-12,10:18:00,No,Chewy,instagram
Large,2026-05-12,11:21:00,Yes,Amazon,google
Large,2026-05-12,12:24:00,No,Target,email
Large,2026-05-12,13:27:00,Yes,Walmart,facebook
Large,2026-05-12,14:30:00,No,PetSmart,instagram
Large,2026-05-12,15:33:00,Yes,Chewy,google
Large,2026-05-12,16:36:00,No,Amazon,email
Large,2026-05-12,17:39:00,Yes,Target,facebook
Large,2026-05-12,18:42:00,No,Walmart,instagram
Large,2026-05-12,19:45:00,Yes,PetSmart,google
Large,2026-05-12,08:48:00,No,Chewy,email
Large,2026-05-12,09:51:00,Yes,Amazon,facebook
Large,2026-05-12,10:54:00,No,Target,instagram
Large,2026-05-12,11:57:00,Yes,Walmart,google
Large,2026-05-12,12:00:00,No,PetSmart,email
Large,2026-05-12,13:03:00,Yes,Chewy,facebook
Large,2026-05-12,14:06:00,No,Amazon,instagram
Large,2026-05-12,15:09:00,Yes,Target,google
Large,2026-05-12,16:12:00,No,Walmart,email
Large,2026-05-12,17:15:00,Yes,PetSmart,facebook
Large,2026-05-12,18:18:00,No,Chewy,instagram
Large,2026-05-12,19:21:00,Yes,Amazon,google
Large,2026-05-12,08:24:00,No,Target,email
Large,2026-05-12,09:27:00,Yes,Walmart,facebook
Large,2026-05-12,10:30:00,No,PetSmart,instagram
Large,2026-05-12,11:33:00,Yes,Chewy,google
Large,2026-05-12,12:36:00,No,Amazon,email
Large,2026-05-12,13:39:00,Yes,Target,facebook
Large,2026-05-12,14:42:00,No,Walmart,instagram
Large,2026-05-12,15:45:00,Yes,PetSmart,google
Large,2026-05-12,16:48:00,No,Chewy,email
Large,2026-05-12,17:51:00,Yes,Amazon,facebook
Large,2026-05-12,18:54:00,No,Target,instagram
Large,2026-05-12,19:57:00,Yes,Walmart,google
Large,2026-05-12,08:00:00,No,PetSmart,email
Large,2026-05-12,09:03:00,Yes,Chewy,facebook
Large,2026-05-12,10:06:00,No,Amazon,instagram
Large,2026-05-12,11:09:00,Yes,Target,google
Large,2026-05-12,12:12:00,No,Walmart,email
Large,2026-05-12,13:15:00,Yes,PetSmart,facebook
Large,2026-05-12,14:18:00,No,Chewy,instagram
Large,2026-05-12,15:21:00,Yes,Amazon,google
Large,2026-05-12,16:24:00,No,Target,email
Large,2026-05-12,17:27:00,Yes,Walmart,facebook
Large,2026-05-12,18:30:00,No,PetSmart,instagram
Large,2026-05-12,19:33:00,Yes,Chewy,google
Large,2026-05-12,08:36:00,No,Amazon,email
Large,2026-05-12,09:39:00,Yes,Target,facebook
Large,2026-05-12,10:42:00,No,Walmart,instagram
Large,2026-05-12,11:45:00,Yes,PetSmart,google
Large,2026-05-12,12:48:00,No,Chewy,email
Large,2026-05-12,13:51:00,Yes,Amazon,facebook
Large,2026-05-12,14:54:00,No,Target,instagram
Large,2026-05-12,15:57:00,Yes,Walmart,google
Large,2026-05-12,16:00:00,No,PetSmart,email
Large,2026-05-12,17:03:00,Yes,Chewy,facebook
Large,2026-05-12,18:06:00,No,Amazon,instagram
Large,2026-05-12,19:09:00,Yes,Target,google
Large,2026-05-12,08:12:00,No,Walmart,email
Large,2026-05-12,09:15:00,Yes,PetSmart,facebook
Large,2026-05-12,10:18:00,No,Chewy,instagram
Large,2026-05-12,11:21:00,Yes,Amazon,google
Large,2026-05-12,12:24:00,No,Target,email
Large,2026-05-12,13:27:00,Yes,Walmart,facebook
Large,2026-05-12,14:30:00,No,PetSmart,instagram
Large,2026-05-12,15:33:00,Yes,Chewy,google
Large,2026-05-12,16:36:00,No,Amazon,email
Large,2026-05-12,17:39:00,Yes,Target,facebook
Large,2026-05-12,18:42:00,No,Walmart,instagram
Large,2026-05-12,19:45:00,Yes,PetSmart,google
Large,2026-05-12,08:48:00,No,Chewy,email
Large,2026-05-12,09:51:00,Yes,Amazon,facebook
Large,2026-05-12,10:54:00,No,Target,instagram
Large,2026-05-12,11:57:00,Yes,Walmart,google
Large,2026-05-12,12:00:00,No,PetSmart,email
Large,2026-05-12,13:03:00,Yes,Chewy,facebook
Large,2026-05-12,14:06:00,No,Amazon,instagram
Large,2026-05-12,15:09:00,Yes,Target,google
Large,2026-05-12,16:12:00,No,Walmart,email
Large,2026-05-12,17:15:00,Yes,PetSmart,facebook
Large,2026-05-12,18:18:00,No,Chewy,instagram
Large,2026-05-12,19:21:00,Yes,Amazon,google
Large,2026-05-12,08:24:00,No,Target,email
Large,2026-05-12,09:27:00,Yes,Walmart,facebook
TEENIE,2026-05-13,08:00:00,Yes,Chewy,facebook
TEENIE,2026-05-13,09:03:00,No,Amazon,instagram
TEENIE,2026-05-13,10:06:00,Yes,Target,google
TEENIE,2026-05-13,11:09:00,No,Walmart,email
TEENIE,2026-05-13,12:12:00,Yes,PetSmart,facebook
TEENIE,2026-05-13,13:15:00,No,Chewy,instagram
TEENIE,2026-05-13,14:18:00,Yes,Amazon,google
TEENIE,2026-05-13,15:21:00,No,Target,email
TEENIE,2026-05-13,16:24:00,Yes,Walmart,facebook
TEENIE,2026-05-13,17:27:00,No,PetSmart,instagram
TEENIE,2026-05-13,18:30:00,Yes,Chewy,google
TEENIE,2026-05-13,19:33:00,No,Amazon,email
TEENIE,2026-05-13,08:36:00,Yes,Target,facebook
TEENIE,2026-05-13,09:39:00,No,Walmart,instagram
TEENIE,2026-05-13,10:42:00,Yes,PetSmart,google
TEENIE,2026-05-13,11:45:00,No,Chewy,email
TEENIE,2026-05-13,12:48:00,Yes,Amazon,facebook
TEENIE,2026-05-13,13:51:00,No,Target,instagram
TEENIE,2026-05-13,14:54:00,Yes,Walmart,google
TEENIE,2026-05-13,15:57:00,No,PetSmart,email
TEENIE,2026-05-13,16:00:00,Yes,Chewy,facebook
TEENIE,2026-05-13,17:03:00,No,Amazon,instagram
TEENIE,2026-05-13,18:06:00,Yes,Target,google
TEENIE,2026-05-13,19:09:00,No,Walmart,email
TEENIE,2026-05-13,08:12:00,Yes,PetSmart,facebook
TEENIE,2026-05-13,09:15:00,No,Chewy,instagram
TEENIE,2026-05-13,10:18:00,Yes,Amazon,google
TEENIE,2026-05-13,11:21:00,No,Target,email
TEENIE,2026-05-13,12:24:00,Yes,Walmart,facebook
TEENIE,2026-05-13,13:27:00,No,PetSmart,instagram
TEENIE,2026-05-13,14:30:00,Yes,Chewy,google
TEENIE,2026-05-13,15:33:00,No,Amazon,email
TEENIE,2026-05-13,16:36:00,Yes,Target,facebook
TEENIE,2026-05-13,17:39:00,No,Walmart,instagram
TEENIE,2026-05-13,18:42:00,Yes,PetSmart,google
TEENIE,2026-05-13,19:45:00,No,Chewy,email
TEENIE,2026-05-13,08:48:00,Yes,Amazon,facebook
TEENIE,2026-05-13,09:51:00,No,Target,instagram
TEENIE,2026-05-13,10:54:00,Yes,Walmart,google
TEENIE,2026-05-13,11:57:00,No,PetSmart,email
TEENIE,2026-05-13,12:00:00,Yes,Chewy,facebook
TEENIE,2026-05-13,13:03:00,No,Amazon,instagram
TEENIE,2026-05-13,14:06:00,Yes,Target,google
TEENIE,2026-05-13,15:09:00,No,Walmart,email
TEENIE,2026-05-13,16:12:00,Yes,PetSmart,facebook
TEENIE,2026-05-13,17:15:00,No,Chewy,instagram
TEENIE,2026-05-13,18:18:00,Yes,Amazon,google
TEENIE,2026-05-13,19:21:00,No,Target,email
TEENIE,2026-05-13,08:24:00,Yes,Walmart,facebook
TEENIE,2026-05-13,09:27:00,No,PetSmart,instagram
TEENIE,2026-05-13,10:30:00,Yes,Chewy,google
TEENIE,2026-05-13,11:33:00,No,Amazon,email
TEENIE,2026-05-13,12:36:00,Yes,Target,facebook
TEENIE,2026-05-13,13:39:00,No,Walmart,instagram
TEENIE,2026-05-13,14:42:00,Yes,PetSmart,google
TEENIE,2026-05-13,15:45:00,No,Chewy,email
TEENIE,2026-05-13,16:48:00,Yes,Amazon,facebook
TEENIE,2026-05-13,17:51:00,No,Target,instagram
TEENIE,2026-05-13,18:54:00,Yes,Walmart,google
TEENIE,2026-05-13,19:57:00,No,PetSmart,email
TEENIE,2026-05-13,08:00:00,Yes,Chewy,facebook
TEENIE,2026-05-13,09:03:00,No,Amazon,instagram
TEENIE,2026-05-13,10:06:00,Yes,Target,google
TEENIE,2026-05-13,11:09:00,No,Walmart,email
TEENIE,2026-05-13,12:12:00,Yes,PetSmart,facebook
TEENIE,2026-05-13,13:15:00,No,Chewy,instagram
TEENIE,2026-05-13,14:18:00,Yes,Amazon,google
TEENIE,2026-05-13,15:21:00,No,Target,email
TEENIE,2026-05-13,16:24:00,Yes,Walmart,facebook
TEENIE,2026-05-13,17:27:00,No,PetSmart,instagram
TEENIE,2026-05-13,18:30:00,Yes,Chewy,google
TEENIE,2026-05-13,19:33:00,No,Amazon,email
TEENIE,2026-05-13,08:36:00,Yes,Target,facebook
TEENIE,2026-05-13,09:39:00,No,Walmart,instagram
TEENIE,2026-05-13,10:42:00,Yes,PetSmart,google
TEENIE,2026-05-13,11:45:00,No,Chewy,email
TEENIE,2026-05-13,12:48:00,Yes,Amazon,facebook
TEENIE,2026-05-13,13:51:00,No,Target,instagram
TEENIE,2026-05-13,14:54:00,Yes,Walmart,google
TEENIE,2026-05-13,15:57:00,No,PetSmart,email
TEENIE,2026-05-13,16:00:00,Yes,Chewy,facebook
TEENIE,2026-05-13,17:03:00,No,Amazon,instagram
TEENIE,2026-05-13,18:06:00,Yes,Target,google
TEENIE,2026-05-13,19:09:00,No,Walmart,email
TEENIE,2026-05-13,08:12:00,Yes,PetSmart,facebook
TEENIE,2026-05-13,09:15:00,No,Chewy,instagram
TEENIE,2026-05-13,10:18:00,Yes,Amazon,google
TEENIE,2026-05-13,11:21:00,No,Target,email
TEENIE,2026-05-13,12:24:00,Yes,Walmart,facebook
TEENIE,2026-05-13,13:27:00,No,PetSmart,instagram
TEENIE,2026-05-13,14:30:00,Yes,Chewy,google
TEENIE,2026-05-13,15:33:00,No,Amazon,email
TEENIE,2026-05-13,16:36:00,Yes,Target,facebook
TEENIE,2026-05-13,17:39:00,No,Walmart,instagram
TEENIE,2026-05-13,18:42:00,Yes,PetSmart,google
TEENIE,2026-05-13,19:45:00,No,Chewy,email
TEENIE,2026-05-13,08:48:00,Yes,Amazon,facebook
TEENIE,2026-05-13,09:51:00,No,Target,instagram
TEENIE,2026-05-13,10:54:00,Yes,Walmart,google
TEENIE,2026-05-13,11:57:00,No,PetSmart,email
TEENIE,2026-05-13,12:00:00,Yes,Chewy,facebook
TEENIE,2026-05-13,13:03:00,No,Amazon,instagram
TEENIE,2026-05-13,14:06:00,Yes,Target,google
TEENIE,2026-05-13,15:09:00,No,Walmart,email
TEENIE,2026-05-13,16:12:00,Yes,PetSmart,facebook
TEENIE,2026-05-13,17:15:00,No,Chewy,instagram
TEENIE,2026-05-13,18:18:00,Yes,Amazon,google
TEENIE,2026-05-13,19:21:00,No,Target,email
TEENIE,2026-05-13,08:24:00,Yes,Walmart,facebook
TEENIE,2026-05-13,09:27:00,No,PetSmart,instagram
TEENIE,2026-05-13,10:30:00,Yes,Chewy,google
TEENIE,2026-05-13,11:33:00,No,Amazon,email
TEENIE,2026-05-13,12:36:00,Yes,Target,facebook
TEENIE,2026-05-13,13:39:00,No,Walmart,instagram
TEENIE,2026-05-13,14:42:00,Yes,PetSmart,google
TEENIE,2026-05-13,15:45:00,No,Chewy,email
TEENIE,2026-05-13,16:48:00,Yes,Amazon,facebook
Petite,2026-05-13,08:00:00,Yes,Chewy,facebook
Petite,2026-05-13,09:03:00,No,Amazon,instagram
Petite,2026-05-13,10:06:00,Yes,Target,google
Petite,2026-05-13,11:09:00,No,Walmart,email
Petite,2026-05-13,12:12:00,Yes,PetSmart,facebook
Petite,2026-05-13,13:15:00,No,Chewy,instagram
Petite,2026-05-13,14:18:00,Yes,Amazon,google
Petite,2026-05-13,15:21:00,No,Target,email
Petite,2026-05-13,16:24:00,Yes,Walmart,facebook
Petite,2026-05-13,17:27:00,No,PetSmart,instagram
Petite,2026-05-13,18:30:00,Yes,Chewy,google
Petite,2026-05-13,19:33:00,No,Amazon,email
Petite,2026-05-13,08:36:00,Yes,Target,facebook
Petite,2026-05-13,09:39:00,No,Walmart,instagram
Petite,2026-05-13,10:42:00,Yes,PetSmart,google
Petite,2026-05-13,11:45:00,No,Chewy,email
Petite,2026-05-13,12:48:00,Yes,Amazon,facebook
Petite,2026-05-13,13:51:00,No,Target,instagram
Petite,2026-05-13,14:54:00,Yes,Walmart,google
Petite,2026-05-13,15:57:00,No,PetSmart,email
Petite,2026-05-13,16:00:00,Yes,Chewy,facebook
Petite,2026-05-13,17:03:00,No,Amazon,instagram
Petite,2026-05-13,18:06:00,Yes,Target,google
Petite,2026-05-13,19:09:00,No,Walmart,email
Petite,2026-05-13,08:12:00,Yes,PetSmart,facebook
Petite,2026-05-13,09:15:00,No,Chewy,instagram
Petite,2026-05-13,10:18:00,Yes,Amazon,google
Petite,2026-05-13,11:21:00,No,Target,email
Petite,2026-05-13,12:24:00,Yes,Walmart,facebook
Petite,2026-05-13,13:27:00,No,PetSmart,instagram
Petite,2026-05-13,14:30:00,Yes,Chewy,google
Petite,2026-05-13,15:33:00,No,Amazon,email
Petite,2026-05-13,16:36:00,Yes,Target,facebook
Petite,2026-05-13,17:39:00,No,Walmart,instagram
Petite,2026-05-13,18:42:00,Yes,PetSmart,google
Petite,2026-05-13,19:45:00,No,Chewy,email
Petite,2026-05-13,08:48:00,Yes,Amazon,facebook
Petite,2026-05-13,09:51:00,No,Target,instagram
Petite,2026-05-13,10:54:00,Yes,Walmart,google
Petite,2026-05-13,11:57:00,No,PetSmart,email
Petite,2026-05-13,12:00:00,Yes,Chewy,facebook
Petite,2026-05-13,13:03:00,No,Amazon,instagram
Petite,2026-05-13,14:06:00,Yes,Target,google
Petite,2026-05-13,15:09:00,No,Walmart,email
Petite,2026-05-13,16:12:00,Yes,PetSmart,facebook
Petite,2026-05-13,17:15:00,No,Chewy,instagram
Petite,2026-05-13,18:18:00,Yes,Amazon,google
Petite,2026-05-13,19:21:00,No,Target,email
Petite,2026-05-13,08:24:00,Yes,Walmart,facebook
Petite,2026-05-13,09:27:00,No,PetSmart,instagram
Petite,2026-05-13,10:30:00,Yes,Chewy,google
Petite,2026-05-13,11:33:00,No,Amazon,email
Petite,2026-05-13,12:36:00,Yes,Target,facebook
Petite,2026-05-13,13:39:00,No,Walmart,instagram
Petite,2026-05-13,14:42:00,Yes,PetSmart,google
Petite,2026-05-13,15:45:00,No,Chewy,email
Petite,2026-05-13,16:48:00,Yes,Amazon,facebook
Petite,2026-05-13,17:51:00,No,Target,instagram
Petite,2026-05-13,18:54:00,Yes,Walmart,google
Petite,2026-05-13,19:57:00,No,PetSmart,email
Petite,2026-05-13,08:00:00,Yes,Chewy,facebook
Petite,2026-05-13,09:03:00,No,Amazon,instagram
Petite,2026-05-13,10:06:00,Yes,Target,google
Petite,2026-05-13,11:09:00,No,Walmart,email
Petite,2026-05-13,12:12:00,Yes,PetSmart,facebook
Petite,2026-05-13,13:15:00,No,Chewy,instagram
Petite,2026-05-13,14:18:00,Yes,Amazon,google
Petite,2026-05-13,15:21:00,No,Target,email
Petite,2026-05-13,16:24:00,Yes,Walmart,facebook
Petite,2026-05-13,17:27:00,No,PetSmart,instagram
Petite,2026-05-13,18:30:00,Yes,Chewy,google
Petite,2026-05-13,19:33:00,No,Amazon,email
Petite,2026-05-13,08:36:00,Yes,Target,facebook
Petite,2026-05-13,09:39:00,No,Walmart,instagram
Petite,2026-05-13,10:42:00,Yes,PetSmart,google
Petite,2026-05-13,11:45:00,No,Chewy,email
Petite,2026-05-13,12:48:00,Yes,Amazon,facebook
Petite,2026-05-13,13:51:00,No,Target,instagram
Petite,2026-05-13,14:54:00,Yes,Walmart,google
Petite,2026-05-13,15:57:00,No,PetSmart,email
Petite,2026-05-13,16:00:00,Yes,Chewy,facebook
Petite,2026-05-13,17:03:00,No,Amazon,instagram
Petite,2026-05-13,18:06:00,Yes,Target,google
Petite,2026-05-13,19:09:00,No,Walmart,email
Petite,2026-05-13,08:12:00,Yes,PetSmart,facebook
Petite,2026-05-13,09:15:00,No,Chewy,instagram
Petite,2026-05-13,10:18:00,Yes,Amazon,google
Regular,2026-05-13,08:00:00,Yes,Chewy,facebook
Regular,2026-05-13,09:03:00,No,Amazon,instagram
Regular,2026-05-13,10:06:00,Yes,Target,google
Regular,2026-05-13,11:09:00,No,Walmart,email
Regular,2026-05-13,12:12:00,Yes,PetSmart,facebook
Regular,2026-05-13,13:15:00,No,Chewy,instagram
Regular,2026-05-13,14:18:00,Yes,Amazon,google
Regular,2026-05-13,15:21:00,No,Target,email
Regular,2026-05-13,16:24:00,Yes,Walmart,facebook
Regular,2026-05-13,17:27:00,No,PetSmart,instagram
Regular,2026-05-13,18:30:00,Yes,Chewy,google
Regular,2026-05-13,19:33:00,No,Amazon,email
Regular,2026-05-13,08:36:00,Yes,Target,facebook
Regular,2026-05-13,09:39:00,No,Walmart,instagram
Regular,2026-05-13,10:42:00,Yes,PetSmart,google
Regular,2026-05-13,11:45:00,No,Chewy,email
Regular,2026-05-13,12:48:00,Yes,Amazon,facebook
Regular,2026-05-13,13:51:00,No,Target,instagram
Regular,2026-05-13,14:54:00,Yes,Walmart,google
Regular,2026-05-13,15:57:00,No,PetSmart,email
Regular,2026-05-13,16:00:00,Yes,Chewy,facebook
Regular,2026-05-13,17:03:00,No,Amazon,instagram
Regular,2026-05-13,18:06:00,Yes,Target,google
Regular,2026-05-13,19:09:00,No,Walmart,email
Regular,2026-05-13,08:12:00,Yes,PetSmart,facebook
Regular,2026-05-13,09:15:00,No,Chewy,instagram
Regular,2026-05-13,10:18:00,Yes,Amazon,google
Regular,2026-05-13,11:21:00,No,Target,email
Regular,2026-05-13,12:24:00,Yes,Walmart,facebook
Regular,2026-05-13,13:27:00,No,PetSmart,instagram
Regular,2026-05-13,14:30:00,Yes,Chewy,google
Regular,2026-05-13,15:33:00,No,Amazon,email
Regular,2026-05-13,16:36:00,Yes,Target,facebook
Regular,2026-05-13,17:39:00,No,Walmart,instagram
Regular,2026-05-13,18:42:00,Yes,PetSmart,google
Regular,2026-05-13,19:45:00,No,Chewy,email
Regular,2026-05-13,08:48:00,Yes,Amazon,facebook
Regular,2026-05-13,09:51:00,No,Target,instagram
Regular,2026-05-13,10:54:00,Yes,Walmart,google
Regular,2026-05-13,11:57:00,No,PetSmart,email
Regular,2026-05-13,12:00:00,Yes,Chewy,facebook
Regular,2026-05-13,13:03:00,No,Amazon,instagram
Regular,2026-05-13,14:06:00,Yes,Target,google
Regular,2026-05-13,15:09:00,No,Walmart,email
Regular,2026-05-13,16:12:00,Yes,PetSmart,facebook
Regular,2026-05-13,17:15:00,No,Chewy,instagram
Regular,2026-05-13,18:18:00,Yes,Amazon,google
Regular,2026-05-13,19:21:00,No,Target,email
Regular,2026-05-13,08:24:00,Yes,Walmart,facebook
Regular,2026-05-13,09:27:00,No,PetSmart,instagram
Regular,2026-05-13,10:30:00,Yes,Chewy,google
Regular,2026-05-13,11:33:00,No,Amazon,email
Regular,2026-05-13,12:36:00,Yes,Target,facebook
Regular,2026-05-13,13:39:00,No,Walmart,instagram
Regular,2026-05-13,14:42:00,Yes,PetSmart,google
Regular,2026-05-13,15:45:00,No,Chewy,email
Regular,2026-05-13,16:48:00,Yes,Amazon,facebook
Regular,2026-05-13,17:51:00,No,Target,instagram
Regular,2026-05-13,18:54:00,Yes,Walmart,google
Regular,2026-05-13,19:57:00,No,PetSmart,email
Regular,2026-05-13,08:00:00,Yes,Chewy,facebook
Regular,2026-05-13,09:03:00,No,Amazon,instagram
Regular,2026-05-13,10:06:00,Yes,Target,google
Regular,2026-05-13,11:09:00,No,Walmart,email
Regular,2026-05-13,12:12:00,Yes,PetSmart,facebook
Regular,2026-05-13,13:15:00,No,Chewy,instagram
Regular,2026-05-13,14:18:00,Yes,Amazon,google
Regular,2026-05-13,15:21:00,No,Target,email
Regular,2026-05-13,16:24:00,Yes,Walmart,facebook
Regular,2026-05-13,17:27:00,No,PetSmart,instagram
Regular,2026-05-13,18:30:00,Yes,Chewy,google
Regular,2026-05-13,19:33:00,No,Amazon,email
Regular,2026-05-13,08:36:00,Yes,Target,facebook
Regular,2026-05-13,09:39:00,No,Walmart,instagram
Regular,2026-05-13,10:42:00,Yes,PetSmart,google
Regular,2026-05-13,11:45:00,No,Chewy,email
Regular,2026-05-13,12:48:00,Yes,Amazon,facebook
Regular,2026-05-13,13:51:00,No,Target,instagram
Regular,2026-05-13,14:54:00,Yes,Walmart,google
Regular,2026-05-13,15:57:00,No,PetSmart,email
Regular,2026-05-13,16:00:00,Yes,Chewy,facebook
Regular,2026-05-13,17:03:00,No,Amazon,instagram
Regular,2026-05-13,18:06:00,Yes,Target,google
Regular,2026-05-13,19:09:00,No,Walmart,email
Regular,2026-05-13,08:12:00,Yes,PetSmart,facebook
Regular,2026-05-13,09:15:00,No,Chewy,instagram
Regular,2026-05-13,10:18:00,Yes,Amazon,google
Regular,2026-05-13,11:21:00,No,Target,email
Regular,2026-05-13,12:24:00,Yes,Walmart,facebook
Regular,2026-05-13,13:27:00,No,PetSmart,instagram
Regular,2026-05-13,14:30:00,Yes,Chewy,google
Regular,2026-05-13,15:33:00,No,Amazon,email
Regular,2026-05-13,16:36:00,Yes,Target,facebook
Regular,2026-05-13,17:39:00,No,Walmart,instagram
Regular,2026-05-13,18:42:00,Yes,PetSmart,google
Regular,2026-05-13,19:45:00,No,Chewy,email
Regular,2026-05-13,08:48:00,Yes,Amazon,facebook
Regular,2026-05-13,09:51:00,No,Target,instagram
Regular,2026-05-13,10:54:00,Yes,Walmart,google
Regular,2026-05-13,11:57:00,No,PetSmart,email
Regular,2026-05-13,12:00:00,Yes,Chewy,facebook
Regular,2026-05-13,13:03:00,No,Amazon,instagram
Regular,2026-05-13,14:06:00,Yes,Target,google
Regular,2026-05-13,15:09:00,No,Walmart,email
Regular,2026-05-13,16:12:00,Yes,PetSmart,facebook
Regular,2026-05-13,17:15:00,No,Chewy,instagram
Regular,2026-05-13,18:18:00,Yes,Amazon,google
Regular,2026-05-13,19:21:00,No,Target,email
Regular,2026-05-13,08:24:00,Yes,Walmart,facebook
Regular,2026-05-13,09:27:00,No,PetSmart,instagram
Regular,2026-05-13,10:30:00,Yes,Chewy,google
Regular,2026-05-13,11:33:00,No,Amazon,email
Regular,2026-05-13,12:36:00,Yes,Target,facebook
Regular,2026-05-13,13:39:00,No,Walmart,instagram
Regular,2026-05-13,14:42:00,Yes,PetSmart,google
Regular,2026-05-13,15:45:00,No,Chewy,email
Regular,2026-05-13,16:48:00,Yes,Amazon,facebook
Regular,2026-05-13,17:51:00,No,Target,instagram
Regular,2026-05-13,18:54:00,Yes,Walmart,google
Regular,2026-05-13,19:57:00,No,PetSmart,email
Regular,2026-05-13,08:00:00,Yes,Chewy,facebook
Regular,2026-05-13,09:03:00,No,Amazon,instagram
Regular,2026-05-13,10:06:00,Yes,Target,google
Regular,2026-05-13,11:09:00,No,Walmart,email
Regular,2026-05-13,12:12:00,Yes,PetSmart,facebook
Regular,2026-05-13,13:15:00,No,Chewy,instagram
Regular,2026-05-13,14:18:00,Yes,Amazon,google
Regular,2026-05-13,15:21:00,No,Target,email
Regular,2026-05-13,16:24:00,Yes,Walmart,facebook
Regular,2026-05-13,17:27:00,No,PetSmart,instagram
Regular,2026-05-13,18:30:00,Yes,Chewy,google
Regular,2026-05-13,19:33:00,No,Amazon,email
Regular,2026-05-13,08:36:00,Yes,Target,facebook
Regular,2026-05-13,09:39:00,No,Walmart,instagram
Regular,2026-05-13,10:42:00,Yes,PetSmart,google
Regular,2026-05-13,11:45:00,No,Chewy,email
Regular,2026-05-13,12:48:00,Yes,Amazon,facebook
Large,2026-05-13,08:00:00,Yes,Chewy,facebook
Large,2026-05-13,09:03:00,No,Amazon,instagram
Large,2026-05-13,10:06:00,Yes,Target,google
Large,2026-05-13,11:09:00,No,Walmart,email
Large,2026-05-13,12:12:00,Yes,PetSmart,facebook
Large,2026-05-13,13:15:00,No,Chewy,instagram
Large,2026-05-13,14:18:00,Yes,Amazon,google
Large,2026-05-13,15:21:00,No,Target,email
Large,2026-05-13,16:24:00,Yes,Walmart,facebook
Large,2026-05-13,17:27:00,No,PetSmart,instagram
Large,2026-05-13,18:30:00,Yes,Chewy,google
Large,2026-05-13,19:33:00,No,Amazon,email
Large,2026-05-13,08:36:00,Yes,Target,facebook
Large,2026-05-13,09:39:00,No,Walmart,instagram
Large,2026-05-13,10:42:00,Yes,PetSmart,google
Large,2026-05-13,11:45:00,No,Chewy,email
Large,2026-05-13,12:48:00,Yes,Amazon,facebook
Large,2026-05-13,13:51:00,No,Target,instagram
Large,2026-05-13,14:54:00,Yes,Walmart,google
Large,2026-05-13,15:57:00,No,PetSmart,email
Large,2026-05-13,16:00:00,Yes,Chewy,facebook
Large,2026-05-13,17:03:00,No,Amazon,instagram
Large,2026-05-13,18:06:00,Yes,Target,google
Large,2026-05-13,19:09:00,No,Walmart,email
Large,2026-05-13,08:12:00,Yes,PetSmart,facebook
Large,2026-05-13,09:15:00,No,Chewy,instagram
Large,2026-05-13,10:18:00,Yes,Amazon,google
Large,2026-05-13,11:21:00,No,Target,email
Large,2026-05-13,12:24:00,Yes,Walmart,facebook
Large,2026-05-13,13:27:00,No,PetSmart,instagram
Large,2026-05-13,14:30:00,Yes,Chewy,google
Large,2026-05-13,15:33:00,No,Amazon,email
Large,2026-05-13,16:36:00,Yes,Target,facebook
Large,2026-05-13,17:39:00,No,Walmart,instagram
Large,2026-05-13,18:42:00,Yes,PetSmart,google
Large,2026-05-13,19:45:00,No,Chewy,email
Large,2026-05-13,08:48:00,Yes,Amazon,facebook
Large,2026-05-13,09:51:00,No,Target,instagram
Large,2026-05-13,10:54:00,Yes,Walmart,google
Large,2026-05-13,11:57:00,No,PetSmart,email
Large,2026-05-13,12:00:00,Yes,Chewy,facebook
Large,2026-05-13,13:03:00,No,Amazon,instagram
Large,2026-05-13,14:06:00,Yes,Target,google
Large,2026-05-13,15:09:00,No,Walmart,email
Large,2026-05-13,16:12:00,Yes,PetSmart,facebook
Large,2026-05-13,17:15:00,No,Chewy,instagram
Large,2026-05-13,18:18:00,Yes,Amazon,google
Large,2026-05-13,19:21:00,No,Target,email
Large,2026-05-13,08:24:00,Yes,Walmart,facebook
Large,2026-05-13,09:27:00,No,PetSmart,instagram
Large,2026-05-13,10:30:00,Yes,Chewy,google
Large,2026-05-13,11:33:00,No,Amazon,email
Large,2026-05-13,12:36:00,Yes,Target,facebook
Large,2026-05-13,13:39:00,No,Walmart,instagram
Large,2026-05-13,14:42:00,Yes,PetSmart,google
Large,2026-05-13,15:45:00,No,Chewy,email
Large,2026-05-13,16:48:00,Yes,Amazon,facebook
Large,2026-05-13,17:51:00,No,Target,instagram
Large,2026-05-13,18:54:00,Yes,Walmart,google
Large,2026-05-13,19:57:00,No,PetSmart,email
Large,2026-05-13,08:00:00,Yes,Chewy,facebook
Large,2026-05-13,09:03:00,No,Amazon,instagram
Large,2026-05-13,10:06:00,Yes,Target,google
Large,2026-05-13,11:09:00,No,Walmart,email
Large,2026-05-13,12:12:00,Yes,PetSmart,facebook
Large,2026-05-13,13:15:00,No,Chewy,instagram
Large,2026-05-13,14:18:00,Yes,Amazon,google
Large,2026-05-13,15:21:00,No,Target,email
Large,2026-05-13,16:24:00,Yes,Walmart,facebook
Large,2026-05-13,17:27:00,No,PetSmart,instagram
Large,2026-05-13,18:30:00,Yes,Chewy,google
Large,2026-05-13,19:33:00,No,Amazon,email
Large,2026-05-13,08:36:00,Yes,Target,facebook
Large,2026-05-13,09:39:00,No,Walmart,instagram
Large,2026-05-13,10:42:00,Yes,PetSmart,google
Large,2026-05-13,11:45:00,No,Chewy,email
Large,2026-05-13,12:48:00,Yes,Amazon,facebook
Large,2026-05-13,13:51:00,No,Target,instagram
Large,2026-05-13,14:54:00,Yes,Walmart,google
Large,2026-05-13,15:57:00,No,PetSmart,email
Large,2026-05-13,16:00:00,Yes,Chewy,facebook
Large,2026-05-13,17:03:00,No,Amazon,instagram
Large,2026-05-13,18:06:00,Yes,Target,google
Large,2026-05-13,19:09:00,No,Walmart,email
Large,2026-05-13,08:12:00,Yes,PetSmart,facebook
Large,2026-05-13,09:15:00,No,Chewy,instagram
Large,2026-05-13,10:18:00,Yes,Amazon,google
Large,2026-05-13,11:21:00,No,Target,email
Large,2026-05-13,12:24:00,Yes,Walmart,facebook
Large,2026-05-13,13:27:00,No,PetSmart,instagram
Large,2026-05-13,14:30:00,Yes,Chewy,google
Large,2026-05-13,15:33:00,No,Amazon,email
Large,2026-05-13,16:36:00,Yes,Target,facebook
Large,2026-05-13,17:39:00,No,Walmart,instagram
Large,2026-05-13,18:42:00,Yes,PetSmart,google
Large,2026-05-13,19:45:00,No,Chewy,email
Large,2026-05-13,08:48:00,Yes,Amazon,facebook
Large,2026-05-13,09:51:00,No,Target,instagram
Large,2026-05-13,10:54:00,Yes,Walmart,google
Large,2026-05-13,11:57:00,No,PetSmart,email
Large,2026-05-13,12:00:00,Yes,Chewy,facebook
Large,2026-05-13,13:03:00,No,Amazon,instagram
Large,2026-05-13,14:06:00,Yes,Target,google
Large,2026-05-13,15:09:00,No,Walmart,email
Large,2026-05-13,16:12:00,Yes,PetSmart,facebook
Large,2026-05-13,17:15:00,No,Chewy,instagram
Large,2026-05-13,18:18:00,Yes,Amazon,google
Large,2026-05-13,19:21:00,No,Target,email
Large,2026-05-13,08:24:00,Yes,Walmart,facebook
Large,2026-05-13,09:27:00,No,PetSmart,instagram
Large,2026-05-13,10:30:00,Yes,Chewy,google
Large,2026-05-13,11:33:00,No,Amazon,email
Large,2026-05-13,12:36:00,Yes,Target,facebook
Large,2026-05-13,13:39:00,No,Walmart,instagram
Large,2026-05-13,14:42:00,Yes,PetSmart,google
Large,2026-05-13,15:45:00,No,Chewy,email
Large,2026-05-13,16:48:00,Yes,Amazon,facebook
Large,2026-05-13,17:51:00,No,Target,instagram
Large,2026-05-13,18:54:00,Yes,Walmart,google
Large,2026-05-13,19:57:00,No,PetSmart,email
Large,2026-05-13,08:00:00,Yes,Chewy,facebook
Large,2026-05-13,09:03:00,No,Amazon,instagram
Large,2026-05-13,10:06:00,Yes,Target,google
Large,2026-05-13,11:09:00,No,Walmart,email
Large,2026-05-13,12:12:00,Yes,PetSmart,facebook
Large,2026-05-13,13:15:00,No,Chewy,instagram
Large,2026-05-13,14:18:00,Yes,Amazon,google
Large,2026-05-13,15:21:00,No,Target,email
Large,2026-05-13,16:24:00,Yes,Walmart,facebook
Large,2026-05-13,17:27:00,No,PetSmart,instagram
Large,2026-05-13,18:30:00,Yes,Chewy,google
Large,2026-05-13,19:33:00,No,Amazon,email
Large,2026-05-13,08:36:00,Yes,Target,facebook
Large,2026-05-13,09:39:00,No,Walmart,instagram
Large,2026-05-13,10:42:00,Yes,PetSmart,google
Large,2026-05-13,11:45:00,No,Chewy,email
Large,2026-05-13,12:48:00,Yes,Amazon,facebook
Large,2026-05-13,13:51:00,No,Target,instagram
Large,2026-05-13,14:54:00,Yes,Walmart,google
Large,2026-05-13,15:57:00,No,PetSmart,email
Large,2026-05-13,16:00:00,Yes,Chewy,facebook
Large,2026-05-13,17:03:00,No,Amazon,instagram
Large,2026-05-13,18:06:00,Yes,Target,google
Large,2026-05-13,19:09:00,No,Walmart,email
Large,2026-05-13,08:12:00,Yes,PetSmart,facebook
Large,2026-05-13,09:15:00,No,Chewy,instagram
Large,2026-05-13,10:18:00,Yes,Amazon,google
Large,2026-05-13,11:21:00,No,Target,email
Large,2026-05-13,12:24:00,Yes,Walmart,facebook
Large,2026-05-13,13:27:00,No,PetSmart,instagram
Large,2026-05-13,14:30:00,Yes,Chewy,google
Large,2026-05-13,15:33:00,No,Amazon,email
Large,2026-05-13,16:36:00,Yes,Target,facebook
Large,2026-05-13,17:39:00,No,Walmart,instagram
Large,2026-05-13,18:42:00,Yes,PetSmart,google
Large,2026-05-13,19:45:00,No,Chewy,email
Large,2026-05-13,08:48:00,Yes,Amazon,facebook
Large,2026-05-13,09:51:00,No,Target,instagram
Large,2026-05-13,10:54:00,Yes,Walmart,google
Large,2026-05-13,11:57:00,No,PetSmart,email
Large,2026-05-13,12:00:00,Yes,Chewy,facebook
Large,2026-05-13,13:03:00,No,Amazon,instagram
Large,2026-05-13,14:06:00,Yes,Target,google
Large,2026-05-13,15:09:00,No,Walmart,email
Large,2026-05-13,16:12:00,Yes,PetSmart,facebook
Large,2026-05-13,17:15:00,No,Chewy,instagram
Large,2026-05-13,18:18:00,Yes,Amazon,google
Large,2026-05-13,19:21:00,No,Target,email
Large,2026-05-13,08:24:00,Yes,Walmart,facebook
Large,2026-05-13,09:27:00,No,PetSmart,instagram
Large,2026-05-13,10:30:00,Yes,Chewy,google
Large,2026-05-13,11:33:00,No,Amazon,email
Large,2026-05-13,12:36:00,Yes,Target,facebook
Large,2026-05-13,13:39:00,No,Walmart,instagram
Large,2026-05-13,14:42:00,Yes,PetSmart,google
Large,2026-05-13,15:45:00,No,Chewy,email
Large,2026-05-13,16:48:00,Yes,Amazon,facebook
TEENIE,2026-05-14,08:00:00,No,Amazon,instagram
TEENIE,2026-05-14,09:03:00,Yes,Target,google
TEENIE,2026-05-14,10:06:00,No,Walmart,email
TEENIE,2026-05-14,11:09:00,Yes,PetSmart,facebook
TEENIE,2026-05-14,12:12:00,No,Chewy,instagram
TEENIE,2026-05-14,13:15:00,Yes,Amazon,google
TEENIE,2026-05-14,14:18:00,No,Target,email
TEENIE,2026-05-14,15:21:00,Yes,Walmart,facebook
TEENIE,2026-05-14,16:24:00,No,PetSmart,instagram
TEENIE,2026-05-14,17:27:00,Yes,Chewy,google
TEENIE,2026-05-14,18:30:00,No,Amazon,email
TEENIE,2026-05-14,19:33:00,Yes,Target,facebook
TEENIE,2026-05-14,08:36:00,No,Walmart,instagram
TEENIE,2026-05-14,09:39:00,Yes,PetSmart,google
TEENIE,2026-05-14,10:42:00,No,Chewy,email
TEENIE,2026-05-14,11:45:00,Yes,Amazon,facebook
TEENIE,2026-05-14,12:48:00,No,Target,instagram
TEENIE,2026-05-14,13:51:00,Yes,Walmart,google
TEENIE,2026-05-14,14:54:00,No,PetSmart,email
TEENIE,2026-05-14,15:57:00,Yes,Chewy,facebook
TEENIE,2026-05-14,16:00:00,No,Amazon,instagram
TEENIE,2026-05-14,17:03:00,Yes,Target,google
TEENIE,2026-05-14,18:06:00,No,Walmart,email
TEENIE,2026-05-14,19:09:00,Yes,PetSmart,facebook
TEENIE,2026-05-14,08:12:00,No,Chewy,instagram
TEENIE,2026-05-14,09:15:00,Yes,Amazon,google
TEENIE,2026-05-14,10:18:00,No,Target,email
TEENIE,2026-05-14,11:21:00,Yes,Walmart,facebook
TEENIE,2026-05-14,12:24:00,No,PetSmart,instagram
TEENIE,2026-05-14,13:27:00,Yes,Chewy,google
TEENIE,2026-05-14,14:30:00,No,Amazon,email
TEENIE,2026-05-14,15:33:00,Yes,Target,facebook
TEENIE,2026-05-14,16:36:00,No,Walmart,instagram
TEENIE,2026-05-14,17:39:00,Yes,PetSmart,google
TEENIE,2026-05-14,18:42:00,No,Chewy,email
TEENIE,2026-05-14,19:45:00,Yes,Amazon,facebook
TEENIE,2026-05-14,08:48:00,No,Target,instagram
TEENIE,2026-05-14,09:51:00,Yes,Walmart,google
TEENIE,2026-05-14,10:54:00,No,PetSmart,email
TEENIE,2026-05-14,11:57:00,Yes,Chewy,facebook
TEENIE,2026-05-14,12:00:00,No,Amazon,instagram
TEENIE,2026-05-14,13:03:00,Yes,Target,google
TEENIE,2026-05-14,14:06:00,No,Walmart,email
TEENIE,2026-05-14,15:09:00,Yes,PetSmart,facebook
TEENIE,2026-05-14,16:12:00,No,Chewy,instagram
TEENIE,2026-05-14,17:15:00,Yes,Amazon,google
TEENIE,2026-05-14,18:18:00,No,Target,email
TEENIE,2026-05-14,19:21:00,Yes,Walmart,facebook
TEENIE,2026-05-14,08:24:00,No,PetSmart,instagram
TEENIE,2026-05-14,09:27:00,Yes,Chewy,google
TEENIE,2026-05-14,10:30:00,No,Amazon,email
TEENIE,2026-05-14,11:33:00,Yes,Target,facebook
TEENIE,2026-05-14,12:36:00,No,Walmart,instagram
TEENIE,2026-05-14,13:39:00,Yes,PetSmart,google
TEENIE,2026-05-14,14:42:00,No,Chewy,email
TEENIE,2026-05-14,15:45:00,Yes,Amazon,facebook
TEENIE,2026-05-14,16:48:00,No,Target,instagram
TEENIE,2026-05-14,17:51:00,Yes,Walmart,google
TEENIE,2026-05-14,18:54:00,No,PetSmart,email
TEENIE,2026-05-14,19:57:00,Yes,Chewy,facebook
TEENIE,2026-05-14,08:00:00,No,Amazon,instagram
TEENIE,2026-05-14,09:03:00,Yes,Target,google
TEENIE,2026-05-14,10:06:00,No,Walmart,email
TEENIE,2026-05-14,11:09:00,Yes,PetSmart,facebook
TEENIE,2026-05-14,12:12:00,No,Chewy,instagram
TEENIE,2026-05-14,13:15:00,Yes,Amazon,google
TEENIE,2026-05-14,14:18:00,No,Target,email
TEENIE,2026-05-14,15:21:00,Yes,Walmart,facebook
TEENIE,2026-05-14,16:24:00,No,PetSmart,instagram
TEENIE,2026-05-14,17:27:00,Yes,Chewy,google
TEENIE,2026-05-14,18:30:00,No,Amazon,email
TEENIE,2026-05-14,19:33:00,Yes,Target,facebook
TEENIE,2026-05-14,08:36:00,No,Walmart,instagram
TEENIE,2026-05-14,09:39:00,Yes,PetSmart,google
TEENIE,2026-05-14,10:42:00,No,Chewy,email
TEENIE,2026-05-14,11:45:00,Yes,Amazon,facebook
TEENIE,2026-05-14,12:48:00,No,Target,instagram
TEENIE,2026-05-14,13:51:00,Yes,Walmart,google
TEENIE,2026-05-14,14:54:00,No,PetSmart,email
TEENIE,2026-05-14,15:57:00,Yes,Chewy,facebook
TEENIE,2026-05-14,16:00:00,No,Amazon,instagram
TEENIE,2026-05-14,17:03:00,Yes,Target,google
TEENIE,2026-05-14,18:06:00,No,Walmart,email
TEENIE,2026-05-14,19:09:00,Yes,PetSmart,facebook
TEENIE,2026-05-14,08:12:00,No,Chewy,instagram
TEENIE,2026-05-14,09:15:00,Yes,Amazon,google
TEENIE,2026-05-14,10:18:00,No,Target,email
TEENIE,2026-05-14,11:21:00,Yes,Walmart,facebook
TEENIE,2026-05-14,12:24:00,No,PetSmart,instagram
TEENIE,2026-05-14,13:27:00,Yes,Chewy,google
TEENIE,2026-05-14,14:30:00,No,Amazon,email
TEENIE,2026-05-14,15:33:00,Yes,Target,facebook
TEENIE,2026-05-14,16:36:00,No,Walmart,instagram
TEENIE,2026-05-14,17:39:00,Yes,PetSmart,google
TEENIE,2026-05-14,18:42:00,No,Chewy,email
TEENIE,2026-05-14,19:45:00,Yes,Amazon,facebook
TEENIE,2026-05-14,08:48:00,No,Target,instagram
TEENIE,2026-05-14,09:51:00,Yes,Walmart,google
TEENIE,2026-05-14,10:54:00,No,PetSmart,email
TEENIE,2026-05-14,11:57:00,Yes,Chewy,facebook
TEENIE,2026-05-14,12:00:00,No,Amazon,instagram
TEENIE,2026-05-14,13:03:00,Yes,Target,google
TEENIE,2026-05-14,14:06:00,No,Walmart,email
TEENIE,2026-05-14,15:09:00,Yes,PetSmart,facebook
TEENIE,2026-05-14,16:12:00,No,Chewy,instagram
TEENIE,2026-05-14,17:15:00,Yes,Amazon,google
TEENIE,2026-05-14,18:18:00,No,Target,email
TEENIE,2026-05-14,19:21:00,Yes,Walmart,facebook
TEENIE,2026-05-14,08:24:00,No,PetSmart,instagram
TEENIE,2026-05-14,09:27:00,Yes,Chewy,google
TEENIE,2026-05-14,10:30:00,No,Amazon,email
TEENIE,2026-05-14,11:33:00,Yes,Target,facebook
TEENIE,2026-05-14,12:36:00,No,Walmart,instagram
TEENIE,2026-05-14,13:39:00,Yes,PetSmart,google
TEENIE,2026-05-14,14:42:00,No,Chewy,email
TEENIE,2026-05-14,15:45:00,Yes,Amazon,facebook
TEENIE,2026-05-14,16:48:00,No,Target,instagram
TEENIE,2026-05-14,17:51:00,Yes,Walmart,google
TEENIE,2026-05-14,18:54:00,No,PetSmart,email
TEENIE,2026-05-14,19:57:00,Yes,Chewy,facebook
TEENIE,2026-05-14,08:00:00,No,Amazon,instagram
TEENIE,2026-05-14,09:03:00,Yes,Target,google
TEENIE,2026-05-14,10:06:00,No,Walmart,email
TEENIE,2026-05-14,11:09:00,Yes,PetSmart,facebook
Petite,2026-05-14,08:00:00,No,Amazon,instagram
Petite,2026-05-14,09:03:00,Yes,Target,google
Petite,2026-05-14,10:06:00,No,Walmart,email
Petite,2026-05-14,11:09:00,Yes,PetSmart,facebook
Petite,2026-05-14,12:12:00,No,Chewy,instagram
Petite,2026-05-14,13:15:00,Yes,Amazon,google
Petite,2026-05-14,14:18:00,No,Target,email
Petite,2026-05-14,15:21:00,Yes,Walmart,facebook
Petite,2026-05-14,16:24:00,No,PetSmart,instagram
Petite,2026-05-14,17:27:00,Yes,Chewy,google
Petite,2026-05-14,18:30:00,No,Amazon,email
Petite,2026-05-14,19:33:00,Yes,Target,facebook
Petite,2026-05-14,08:36:00,No,Walmart,instagram
Petite,2026-05-14,09:39:00,Yes,PetSmart,google
Petite,2026-05-14,10:42:00,No,Chewy,email
Petite,2026-05-14,11:45:00,Yes,Amazon,facebook
Petite,2026-05-14,12:48:00,No,Target,instagram
Petite,2026-05-14,13:51:00,Yes,Walmart,google
Petite,2026-05-14,14:54:00,No,PetSmart,email
Petite,2026-05-14,15:57:00,Yes,Chewy,facebook
Petite,2026-05-14,16:00:00,No,Amazon,instagram
Petite,2026-05-14,17:03:00,Yes,Target,google
Petite,2026-05-14,18:06:00,No,Walmart,email
Petite,2026-05-14,19:09:00,Yes,PetSmart,facebook
Petite,2026-05-14,08:12:00,No,Chewy,instagram
Petite,2026-05-14,09:15:00,Yes,Amazon,google
Petite,2026-05-14,10:18:00,No,Target,email
Petite,2026-05-14,11:21:00,Yes,Walmart,facebook
Petite,2026-05-14,12:24:00,No,PetSmart,instagram
Petite,2026-05-14,13:27:00,Yes,Chewy,google
Petite,2026-05-14,14:30:00,No,Amazon,email
Petite,2026-05-14,15:33:00,Yes,Target,facebook
Petite,2026-05-14,16:36:00,No,Walmart,instagram
Petite,2026-05-14,17:39:00,Yes,PetSmart,google
Petite,2026-05-14,18:42:00,No,Chewy,email
Petite,2026-05-14,19:45:00,Yes,Amazon,facebook
Petite,2026-05-14,08:48:00,No,Target,instagram
Petite,2026-05-14,09:51:00,Yes,Walmart,google
Petite,2026-05-14,10:54:00,No,PetSmart,email
Petite,2026-05-14,11:57:00,Yes,Chewy,facebook
Petite,2026-05-14,12:00:00,No,Amazon,instagram
Petite,2026-05-14,13:03:00,Yes,Target,google
Petite,2026-05-14,14:06:00,No,Walmart,email
Petite,2026-05-14,15:09:00,Yes,PetSmart,facebook
Petite,2026-05-14,16:12:00,No,Chewy,instagram
Petite,2026-05-14,17:15:00,Yes,Amazon,google
Petite,2026-05-14,18:18:00,No,Target,email
Petite,2026-05-14,19:21:00,Yes,Walmart,facebook
Petite,2026-05-14,08:24:00,No,PetSmart,instagram
Petite,2026-05-14,09:27:00,Yes,Chewy,google
Petite,2026-05-14,10:30:00,No,Amazon,email
Petite,2026-05-14,11:33:00,Yes,Target,facebook
Petite,2026-05-14,12:36:00,No,Walmart,instagram
Petite,2026-05-14,13:39:00,Yes,PetSmart,google
Petite,2026-05-14,14:42:00,No,Chewy,email
Petite,2026-05-14,15:45:00,Yes,Amazon,facebook
Petite,2026-05-14,16:48:00,No,Target,instagram
Petite,2026-05-14,17:51:00,Yes,Walmart,google
Petite,2026-05-14,18:54:00,No,PetSmart,email
Petite,2026-05-14,19:57:00,Yes,Chewy,facebook
Petite,2026-05-14,08:00:00,No,Amazon,instagram
Petite,2026-05-14,09:03:00,Yes,Target,google
Petite,2026-05-14,10:06:00,No,Walmart,email
Petite,2026-05-14,11:09:00,Yes,PetSmart,facebook
Petite,2026-05-14,12:12:00,No,Chewy,instagram
Petite,2026-05-14,13:15:00,Yes,Amazon,google
Petite,2026-05-14,14:18:00,No,Target,email
Petite,2026-05-14,15:21:00,Yes,Walmart,facebook
Petite,2026-05-14,16:24:00,No,PetSmart,instagram
Petite,2026-05-14,17:27:00,Yes,Chewy,google
Petite,2026-05-14,18:30:00,No,Amazon,email
Petite,2026-05-14,19:33:00,Yes,Target,facebook
Petite,2026-05-14,08:36:00,No,Walmart,instagram
Petite,2026-05-14,09:39:00,Yes,PetSmart,google
Petite,2026-05-14,10:42:00,No,Chewy,email
Petite,2026-05-14,11:45:00,Yes,Amazon,facebook
Petite,2026-05-14,12:48:00,No,Target,instagram
Petite,2026-05-14,13:51:00,Yes,Walmart,google
Petite,2026-05-14,14:54:00,No,PetSmart,email
Petite,2026-05-14,15:57:00,Yes,Chewy,facebook
Petite,2026-05-14,16:00:00,No,Amazon,instagram
Petite,2026-05-14,17:03:00,Yes,Target,google
Petite,2026-05-14,18:06:00,No,Walmart,email
Petite,2026-05-14,19:09:00,Yes,PetSmart,facebook
Petite,2026-05-14,08:12:00,No,Chewy,instagram
Petite,2026-05-14,09:15:00,Yes,Amazon,google
Petite,2026-05-14,10:18:00,No,Target,email
Petite,2026-05-14,11:21:00,Yes,Walmart,facebook
Petite,2026-05-14,12:24:00,No,PetSmart,instagram
Petite,2026-05-14,13:27:00,Yes,Chewy,google
Petite,2026-05-14,14:30:00,No,Amazon,email
Petite,2026-05-14,15:33:00,Yes,Target,facebook
Petite,2026-05-14,16:36:00,No,Walmart,instagram
Petite,2026-05-14,17:39:00,Yes,PetSmart,google
Regular,2026-05-14,08:00:00,No,Amazon,instagram
Regular,2026-05-14,09:03:00,Yes,Target,google
Regular,2026-05-14,10:06:00,No,Walmart,email
Regular,2026-05-14,11:09:00,Yes,PetSmart,facebook
Regular,2026-05-14,12:12:00,No,Chewy,instagram
Regular,2026-05-14,13:15:00,Yes,Amazon,google
Regular,2026-05-14,14:18:00,No,Target,email
Regular,2026-05-14,15:21:00,Yes,Walmart,facebook
Regular,2026-05-14,16:24:00,No,PetSmart,instagram
Regular,2026-05-14,17:27:00,Yes,Chewy,google
Regular,2026-05-14,18:30:00,No,Amazon,email
Regular,2026-05-14,19:33:00,Yes,Target,facebook
Regular,2026-05-14,08:36:00,No,Walmart,instagram
Regular,2026-05-14,09:39:00,Yes,PetSmart,google
Regular,2026-05-14,10:42:00,No,Chewy,email
Regular,2026-05-14,11:45:00,Yes,Amazon,facebook
Regular,2026-05-14,12:48:00,No,Target,instagram
Regular,2026-05-14,13:51:00,Yes,Walmart,google
Regular,2026-05-14,14:54:00,No,PetSmart,email
Regular,2026-05-14,15:57:00,Yes,Chewy,facebook
Regular,2026-05-14,16:00:00,No,Amazon,instagram
Regular,2026-05-14,17:03:00,Yes,Target,google
Regular,2026-05-14,18:06:00,No,Walmart,email
Regular,2026-05-14,19:09:00,Yes,PetSmart,facebook
Regular,2026-05-14,08:12:00,No,Chewy,instagram
Regular,2026-05-14,09:15:00,Yes,Amazon,google
Regular,2026-05-14,10:18:00,No,Target,email
Regular,2026-05-14,11:21:00,Yes,Walmart,facebook
Regular,2026-05-14,12:24:00,No,PetSmart,instagram
Regular,2026-05-14,13:27:00,Yes,Chewy,google
Regular,2026-05-14,14:30:00,No,Amazon,email
Regular,2026-05-14,15:33:00,Yes,Target,facebook
Regular,2026-05-14,16:36:00,No,Walmart,instagram
Regular,2026-05-14,17:39:00,Yes,PetSmart,google
Regular,2026-05-14,18:42:00,No,Chewy,email
Regular,2026-05-14,19:45:00,Yes,Amazon,facebook
Regular,2026-05-14,08:48:00,No,Target,instagram
Regular,2026-05-14,09:51:00,Yes,Walmart,google
Regular,2026-05-14,10:54:00,No,PetSmart,email
Regular,2026-05-14,11:57:00,Yes,Chewy,facebook
Regular,2026-05-14,12:00:00,No,Amazon,instagram
Regular,2026-05-14,13:03:00,Yes,Target,google
Regular,2026-05-14,14:06:00,No,Walmart,email
Regular,2026-05-14,15:09:00,Yes,PetSmart,facebook
Regular,2026-05-14,16:12:00,No,Chewy,instagram
Regular,2026-05-14,17:15:00,Yes,Amazon,google
Regular,2026-05-14,18:18:00,No,Target,email
Regular,2026-05-14,19:21:00,Yes,Walmart,facebook
Regular,2026-05-14,08:24:00,No,PetSmart,instagram
Regular,2026-05-14,09:27:00,Yes,Chewy,google
Regular,2026-05-14,10:30:00,No,Amazon,email
Regular,2026-05-14,11:33:00,Yes,Target,facebook
Regular,2026-05-14,12:36:00,No,Walmart,instagram
Regular,2026-05-14,13:39:00,Yes,PetSmart,google
Regular,2026-05-14,14:42:00,No,Chewy,email
Regular,2026-05-14,15:45:00,Yes,Amazon,facebook
Regular,2026-05-14,16:48:00,No,Target,instagram
Regular,2026-05-14,17:51:00,Yes,Walmart,google
Regular,2026-05-14,18:54:00,No,PetSmart,email
Regular,2026-05-14,19:57:00,Yes,Chewy,facebook
Regular,2026-05-14,08:00:00,No,Amazon,instagram
Regular,2026-05-14,09:03:00,Yes,Target,google
Regular,2026-05-14,10:06:00,No,Walmart,email
Regular,2026-05-14,11:09:00,Yes,PetSmart,facebook
Regular,2026-05-14,12:12:00,No,Chewy,instagram
Regular,2026-05-14,13:15:00,Yes,Amazon,google
Regular,2026-05-14,14:18:00,No,Target,email
Regular,2026-05-14,15:21:00,Yes,Walmart,facebook
Regular,2026-05-14,16:24:00,No,PetSmart,instagram
Regular,2026-05-14,17:27:00,Yes,Chewy,google
Regular,2026-05-14,18:30:00,No,Amazon,email
Regular,2026-05-14,19:33:00,Yes,Target,facebook
Regular,2026-05-14,08:36:00,No,Walmart,instagram
Regular,2026-05-14,09:39:00,Yes,PetSmart,google
Regular,2026-05-14,10:42:00,No,Chewy,email
Regular,2026-05-14,11:45:00,Yes,Amazon,facebook
Regular,2026-05-14,12:48:00,No,Target,instagram
Regular,2026-05-14,13:51:00,Yes,Walmart,google
Regular,2026-05-14,14:54:00,No,PetSmart,email
Regular,2026-05-14,15:57:00,Yes,Chewy,facebook
Regular,2026-05-14,16:00:00,No,Amazon,instagram
Regular,2026-05-14,17:03:00,Yes,Target,google
Regular,2026-05-14,18:06:00,No,Walmart,email
Regular,2026-05-14,19:09:00,Yes,PetSmart,facebook
Regular,2026-05-14,08:12:00,No,Chewy,instagram
Regular,2026-05-14,09:15:00,Yes,Amazon,google
Regular,2026-05-14,10:18:00,No,Target,email
Regular,2026-05-14,11:21:00,Yes,Walmart,facebook
Regular,2026-05-14,12:24:00,No,PetSmart,instagram
Regular,2026-05-14,13:27:00,Yes,Chewy,google
Regular,2026-05-14,14:30:00,No,Amazon,email
Regular,2026-05-14,15:33:00,Yes,Target,facebook
Regular,2026-05-14,16:36:00,No,Walmart,instagram
Regular,2026-05-14,17:39:00,Yes,PetSmart,google
Regular,2026-05-14,18:42:00,No,Chewy,email
Regular,2026-05-14,19:45:00,Yes,Amazon,facebook
Regular,2026-05-14,08:48:00,No,Target,instagram
Regular,2026-05-14,09:51:00,Yes,Walmart,google
Regular,2026-05-14,10:54:00,No,PetSmart,email
Regular,2026-05-14,11:57:00,Yes,Chewy,facebook
Regular,2026-05-14,12:00:00,No,Amazon,instagram
Regular,2026-05-14,13:03:00,Yes,Target,google
Regular,2026-05-14,14:06:00,No,Walmart,email
Regular,2026-05-14,15:09:00,Yes,PetSmart,facebook
Regular,2026-05-14,16:12:00,No,Chewy,instagram
Regular,2026-05-14,17:15:00,Yes,Amazon,google
Regular,2026-05-14,18:18:00,No,Target,email
Regular,2026-05-14,19:21:00,Yes,Walmart,facebook
Regular,2026-05-14,08:24:00,No,PetSmart,instagram
Regular,2026-05-14,09:27:00,Yes,Chewy,google
Regular,2026-05-14,10:30:00,No,Amazon,email
Regular,2026-05-14,11:33:00,Yes,Target,facebook
Regular,2026-05-14,12:36:00,No,Walmart,instagram
Regular,2026-05-14,13:39:00,Yes,PetSmart,google
Regular,2026-05-14,14:42:00,No,Chewy,email
Regular,2026-05-14,15:45:00,Yes,Amazon,facebook
Regular,2026-05-14,16:48:00,No,Target,instagram
Regular,2026-05-14,17:51:00,Yes,Walmart,google
Regular,2026-05-14,18:54:00,No,PetSmart,email
Regular,2026-05-14,19:57:00,Yes,Chewy,facebook
Regular,2026-05-14,08:00:00,No,Amazon,instagram
Regular,2026-05-14,09:03:00,Yes,Target,google
Regular,2026-05-14,10:06:00,No,Walmart,email
Regular,2026-05-14,11:09:00,Yes,PetSmart,facebook
Regular,2026-05-14,12:12:00,No,Chewy,instagram
Regular,2026-05-14,13:15:00,Yes,Amazon,google
Regular,2026-05-14,14:18:00,No,Target,email
Regular,2026-05-14,15:21:00,Yes,Walmart,facebook
Regular,2026-05-14,16:24:00,No,PetSmart,instagram
Regular,2026-05-14,17:27:00,Yes,Chewy,google
Regular,2026-05-14,18:30:00,No,Amazon,email
Regular,2026-05-14,19:33:00,Yes,Target,facebook
Regular,2026-05-14,08:36:00,No,Walmart,instagram
Regular,2026-05-14,09:39:00,Yes,PetSmart,google
Regular,2026-05-14,10:42:00,No,Chewy,email
Regular,2026-05-14,11:45:00,Yes,Amazon,facebook
Regular,2026-05-14,12:48:00,No,Target,instagram
Regular,2026-05-14,13:51:00,Yes,Walmart,google
Regular,2026-05-14,14:54:00,No,PetSmart,email
Regular,2026-05-14,15:57:00,Yes,Chewy,facebook
Regular,2026-05-14,16:00:00,No,Amazon,instagram
Regular,2026-05-14,17:03:00,Yes,Target,google
Regular,2026-05-14,18:06:00,No,Walmart,email
Regular,2026-05-14,19:09:00,Yes,PetSmart,facebook
Large,2026-05-14,08:00:00,No,Amazon,instagram
Large,2026-05-14,09:03:00,Yes,Target,google
Large,2026-05-14,10:06:00,No,Walmart,email
Large,2026-05-14,11:09:00,Yes,PetSmart,facebook
Large,2026-05-14,12:12:00,No,Chewy,instagram
Large,2026-05-14,13:15:00,Yes,Amazon,google
Large,2026-05-14,14:18:00,No,Target,email
Large,2026-05-14,15:21:00,Yes,Walmart,facebook
Large,2026-05-14,16:24:00,No,PetSmart,instagram
Large,2026-05-14,17:27:00,Yes,Chewy,google
Large,2026-05-14,18:30:00,No,Amazon,email
Large,2026-05-14,19:33:00,Yes,Target,facebook
Large,2026-05-14,08:36:00,No,Walmart,instagram
Large,2026-05-14,09:39:00,Yes,PetSmart,google
Large,2026-05-14,10:42:00,No,Chewy,email
Large,2026-05-14,11:45:00,Yes,Amazon,facebook
Large,2026-05-14,12:48:00,No,Target,instagram
Large,2026-05-14,13:51:00,Yes,Walmart,google
Large,2026-05-14,14:54:00,No,PetSmart,email
Large,2026-05-14,15:57:00,Yes,Chewy,facebook
Large,2026-05-14,16:00:00,No,Amazon,instagram
Large,2026-05-14,17:03:00,Yes,Target,google
Large,2026-05-14,18:06:00,No,Walmart,email
Large,2026-05-14,19:09:00,Yes,PetSmart,facebook
Large,2026-05-14,08:12:00,No,Chewy,instagram
Large,2026-05-14,09:15:00,Yes,Amazon,google
Large,2026-05-14,10:18:00,No,Target,email
Large,2026-05-14,11:21:00,Yes,Walmart,facebook
Large,2026-05-14,12:24:00,No,PetSmart,instagram
Large,2026-05-14,13:27:00,Yes,Chewy,google
Large,2026-05-14,14:30:00,No,Amazon,email
Large,2026-05-14,15:33:00,Yes,Target,facebook
Large,2026-05-14,16:36:00,No,Walmart,instagram
Large,2026-05-14,17:39:00,Yes,PetSmart,google
Large,2026-05-14,18:42:00,No,Chewy,email
Large,2026-05-14,19:45:00,Yes,Amazon,facebook
Large,2026-05-14,08:48:00,No,Target,instagram
Large,2026-05-14,09:51:00,Yes,Walmart,google
Large,2026-05-14,10:54:00,No,PetSmart,email
Large,2026-05-14,11:57:00,Yes,Chewy,facebook
Large,2026-05-14,12:00:00,No,Amazon,instagram
Large,2026-05-14,13:03:00,Yes,Target,google
Large,2026-05-14,14:06:00,No,Walmart,email
Large,2026-05-14,15:09:00,Yes,PetSmart,facebook
Large,2026-05-14,16:12:00,No,Chewy,instagram
Large,2026-05-14,17:15:00,Yes,Amazon,google
Large,2026-05-14,18:18:00,No,Target,email
Large,2026-05-14,19:21:00,Yes,Walmart,facebook
Large,2026-05-14,08:24:00,No,PetSmart,instagram
Large,2026-05-14,09:27:00,Yes,Chewy,google
Large,2026-05-14,10:30:00,No,Amazon,email
Large,2026-05-14,11:33:00,Yes,Target,facebook
Large,2026-05-14,12:36:00,No,Walmart,instagram
Large,2026-05-14,13:39:00,Yes,PetSmart,google
Large,2026-05-14,14:42:00,No,Chewy,email
Large,2026-05-14,15:45:00,Yes,Amazon,facebook
Large,2026-05-14,16:48:00,No,Target,instagram
Large,2026-05-14,17:51:00,Yes,Walmart,google
Large,2026-05-14,18:54:00,No,PetSmart,email
Large,2026-05-14,19:57:00,Yes,Chewy,facebook
Large,2026-05-14,08:00:00,No,Amazon,instagram
Large,2026-05-14,09:03:00,Yes,Target,google
Large,2026-05-14,10:06:00,No,Walmart,email
Large,2026-05-14,11:09:00,Yes,PetSmart,facebook
Large,2026-05-14,12:12:00,No,Chewy,instagram
Large,2026-05-14,13:15:00,Yes,Amazon,google
Large,2026-05-14,14:18:00,No,Target,email
Large,2026-05-14,15:21:00,Yes,Walmart,facebook
Large,2026-05-14,16:24:00,No,PetSmart,instagram
Large,2026-05-14,17:27:00,Yes,Chewy,google
Large,2026-05-14,18:30:00,No,Amazon,email
Large,2026-05-14,19:33:00,Yes,Target,facebook
Large,2026-05-14,08:36:00,No,Walmart,instagram
Large,2026-05-14,09:39:00,Yes,PetSmart,google
Large,2026-05-14,10:42:00,No,Chewy,email
Large,2026-05-14,11:45:00,Yes,Amazon,facebook
Large,2026-05-14,12:48:00,No,Target,instagram
Large,2026-05-14,13:51:00,Yes,Walmart,google
Large,2026-05-14,14:54:00,No,PetSmart,email
Large,2026-05-14,15:57:00,Yes,Chewy,facebook
Large,2026-05-14,16:00:00,No,Amazon,instagram
Large,2026-05-14,17:03:00,Yes,Target,google
Large,2026-05-14,18:06:00,No,Walmart,email
Large,2026-05-14,19:09:00,Yes,PetSmart,facebook
Large,2026-05-14,08:12:00,No,Chewy,instagram
Large,2026-05-14,09:15:00,Yes,Amazon,google
Large,2026-05-14,10:18:00,No,Target,email
Large,2026-05-14,11:21:00,Yes,Walmart,facebook
Large,2026-05-14,12:24:00,No,PetSmart,instagram
Large,2026-05-14,13:27:00,Yes,Chewy,google
Large,2026-05-14,14:30:00,No,Amazon,email
Large,2026-05-14,15:33:00,Yes,Target,facebook
Large,2026-05-14,16:36:00,No,Walmart,instagram
Large,2026-05-14,17:39:00,Yes,PetSmart,google
Large,2026-05-14,18:42:00,No,Chewy,email
Large,2026-05-14,19:45:00,Yes,Amazon,facebook
Large,2026-05-14,08:48:00,No,Target,instagram
Large,2026-05-14,09:51:00,Yes,Walmart,google
Large,2026-05-14,10:54:00,No,PetSmart,email
Large,2026-05-14,11:57:00,Yes,Chewy,facebook
Large,2026-05-14,12:00:00,No,Amazon,instagram
Large,2026-05-14,13:03:00,Yes,Target,google
Large,2026-05-14,14:06:00,No,Walmart,email
Large,2026-05-14,15:09:00,Yes,PetSmart,facebook
Large,2026-05-14,16:12:00,No,Chewy,instagram
Large,2026-05-14,17:15:00,Yes,Amazon,google
Large,2026-05-14,18:18:00,No,Target,email
Large,2026-05-14,19:21:00,Yes,Walmart,facebook
Large,2026-05-14,08:24:00,No,PetSmart,instagram
Large,2026-05-14,09:27:00,Yes,Chewy,google
Large,2026-05-14,10:30:00,No,Amazon,email
Large,2026-05-14,11:33:00,Yes,Target,facebook
Large,2026-05-14,12:36:00,No,Walmart,instagram
Large,2026-05-14,13:39:00,Yes,PetSmart,google
Large,2026-05-14,14:42:00,No,Chewy,email
Large,2026-05-14,15:45:00,Yes,Amazon,facebook
Large,2026-05-14,16:48:00,No,Target,instagram
Large,2026-05-14,17:51:00,Yes,Walmart,google
Large,2026-05-14,18:54:00,No,PetSmart,email
Large,2026-05-14,19:57:00,Yes,Chewy,facebook
Large,2026-05-14,08:00:00,No,Amazon,instagram
Large,2026-05-14,09:03:00,Yes,Target,google
Large,2026-05-14,10:06:00,No,Walmart,email
Large,2026-05-14,11:09:00,Yes,PetSmart,facebook
Large,2026-05-14,12:12:00,No,Chewy,instagram
Large,2026-05-14,13:15:00,Yes,Amazon,google
Large,2026-05-14,14:18:00,No,Target,email
Large,2026-05-14,15:21:00,Yes,Walmart,facebook
Large,2026-05-14,16:24:00,No,PetSmart,instagram
Large,2026-05-14,17:27:00,Yes,Chewy,google
Large,2026-05-14,18:30:00,No,Amazon,email
Large,2026-05-14,19:33:00,Yes,Target,facebook
Large,2026-05-14,08:36:00,No,Walmart,instagram
Large,2026-05-14,09:39:00,Yes,PetSmart,google
Large,2026-05-14,10:42:00,No,Chewy,email
Large,2026-05-14,11:45:00,Yes,Amazon,facebook
Large,2026-05-14,12:48:00,No,Target,instagram
Large,2026-05-14,13:51:00,Yes,Walmart,google
Large,2026-05-14,14:54:00,No,PetSmart,email
Large,2026-05-14,15:57:00,Yes,Chewy,facebook
Large,2026-05-14,16:00:00,No,Amazon,instagram
Large,2026-05-14,17:03:00,Yes,Target,google
Large,2026-05-14,18:06:00,No,Walmart,email
Large,2026-05-14,19:09:00,Yes,PetSmart,facebook
Large,2026-05-14,08:12:00,No,Chewy,instagram
Large,2026-05-14,09:15:00,Yes,Amazon,google
Large,2026-05-14,10:18:00,No,Target,email
Large,2026-05-14,11:21:00,Yes,Walmart,facebook
Large,2026-05-14,12:24:00,No,PetSmart,instagram
Large,2026-05-14,13:27:00,Yes,Chewy,google
Large,2026-05-14,14:30:00,No,Amazon,email
Large,2026-05-14,15:33:00,Yes,Target,facebook
Large,2026-05-14,16:36:00,No,Walmart,instagram
Large,2026-05-14,17:39:00,Yes,PetSmart,google
Large,2026-05-14,18:42:00,No,Chewy,email
Large,2026-05-14,19:45:00,Yes,Amazon,facebook
Large,2026-05-14,08:48:00,No,Target,instagram
Large,2026-05-14,09:51:00,Yes,Walmart,google
Large,2026-05-14,10:54:00,No,PetSmart,email
Large,2026-05-14,11:57:00,Yes,Chewy,facebook
Large,2026-05-14,12:00:00,No,Amazon,instagram
Large,2026-05-14,13:03:00,Yes,Target,google
Large,2026-05-14,14:06:00,No,Walmart,email
Large,2026-05-14,15:09:00,Yes,PetSmart,facebook
Large,2026-05-14,16:12:00,No,Chewy,instagram
Large,2026-05-14,17:15:00,Yes,Amazon,google
Large,2026-05-14,18:18:00,No,Target,email
Large,2026-05-14,19:21:00,Yes,Walmart,facebook
Large,2026-05-14,08:24:00,No,PetSmart,instagram
Large,2026-05-14,09:27:00,Yes,Chewy,google
Large,2026-05-14,10:30:00,No,Amazon,email
Large,2026-05-14,11:33:00,Yes,Target,facebook
Large,2026-05-14,12:36:00,No,Walmart,instagram
Large,2026-05-14,13:39:00,Yes,PetSmart,google
Large,2026-05-14,14:42:00,No,Chewy,email
Large,2026-05-14,15:45:00,Yes,Amazon,facebook
Large,2026-05-14,16:48:00,No,Target,instagram
Large,2026-05-14,17:51:00,Yes,Walmart,google
Large,2026-05-14,18:54:00,No,PetSmart,email
Large,2026-05-14,19:57:00,Yes,Chewy,facebook
Large,2026-05-14,08:00:00,No,Amazon,instagram
Large,2026-05-14,09:03:00,Yes,Target,google
Large,2026-05-14,10:06:00,No,Walmart,email
Large,2026-05-14,11:09:00,Yes,PetSmart,facebook
TEENIE,2026-05-15,08:00:00,Yes,Target,google
TEENIE,2026-05-15,09:03:00,No,Walmart,email
TEENIE,2026-05-15,10:06:00,Yes,PetSmart,facebook
TEENIE,2026-05-15,11:09:00,No,Chewy,instagram
TEENIE,2026-05-15,12:12:00,Yes,Amazon,google
TEENIE,2026-05-15,13:15:00,No,Target,email
TEENIE,2026-05-15,14:18:00,Yes,Walmart,facebook
TEENIE,2026-05-15,15:21:00,No,PetSmart,instagram
TEENIE,2026-05-15,16:24:00,Yes,Chewy,google
TEENIE,2026-05-15,17:27:00,No,Amazon,email
TEENIE,2026-05-15,18:30:00,Yes,Target,facebook
TEENIE,2026-05-15,19:33:00,No,Walmart,instagram
TEENIE,2026-05-15,08:36:00,Yes,PetSmart,google
TEENIE,2026-05-15,09:39:00,No,Chewy,email
TEENIE,2026-05-15,10:42:00,Yes,Amazon,facebook
TEENIE,2026-05-15,11:45:00,No,Target,instagram
TEENIE,2026-05-15,12:48:00,Yes,Walmart,google
TEENIE,2026-05-15,13:51:00,No,PetSmart,email
TEENIE,2026-05-15,14:54:00,Yes,Chewy,facebook
TEENIE,2026-05-15,15:57:00,No,Amazon,instagram
TEENIE,2026-05-15,16:00:00,Yes,Target,google
TEENIE,2026-05-15,17:03:00,No,Walmart,email
TEENIE,2026-05-15,18:06:00,Yes,PetSmart,facebook
TEENIE,2026-05-15,19:09:00,No,Chewy,instagram
TEENIE,2026-05-15,08:12:00,Yes,Amazon,google
TEENIE,2026-05-15,09:15:00,No,Target,email
TEENIE,2026-05-15,10:18:00,Yes,Walmart,facebook
TEENIE,2026-05-15,11:21:00,No,PetSmart,instagram
TEENIE,2026-05-15,12:24:00,Yes,Chewy,google
TEENIE,2026-05-15,13:27:00,No,Amazon,email
TEENIE,2026-05-15,14:30:00,Yes,Target,facebook
TEENIE,2026-05-15,15:33:00,No,Walmart,instagram
TEENIE,2026-05-15,16:36:00,Yes,PetSmart,google
TEENIE,2026-05-15,17:39:00,No,Chewy,email
TEENIE,2026-05-15,18:42:00,Yes,Amazon,facebook
TEENIE,2026-05-15,19:45:00,No,Target,instagram
TEENIE,2026-05-15,08:48:00,Yes,Walmart,google
TEENIE,2026-05-15,09:51:00,No,PetSmart,email
TEENIE,2026-05-15,10:54:00,Yes,Chewy,facebook
TEENIE,2026-05-15,11:57:00,No,Amazon,instagram
TEENIE,2026-05-15,12:00:00,Yes,Target,google
TEENIE,2026-05-15,13:03:00,No,Walmart,email
TEENIE,2026-05-15,14:06:00,Yes,PetSmart,facebook
TEENIE,2026-05-15,15:09:00,No,Chewy,instagram
TEENIE,2026-05-15,16:12:00,Yes,Amazon,google
TEENIE,2026-05-15,17:15:00,No,Target,email
TEENIE,2026-05-15,18:18:00,Yes,Walmart,facebook
TEENIE,2026-05-15,19:21:00,No,PetSmart,instagram
TEENIE,2026-05-15,08:24:00,Yes,Chewy,google
TEENIE,2026-05-15,09:27:00,No,Amazon,email
TEENIE,2026-05-15,10:30:00,Yes,Target,facebook
TEENIE,2026-05-15,11:33:00,No,Walmart,instagram
TEENIE,2026-05-15,12:36:00,Yes,PetSmart,google
TEENIE,2026-05-15,13:39:00,No,Chewy,email
TEENIE,2026-05-15,14:42:00,Yes,Amazon,facebook
TEENIE,2026-05-15,15:45:00,No,Target,instagram
TEENIE,2026-05-15,16:48:00,Yes,Walmart,google
TEENIE,2026-05-15,17:51:00,No,PetSmart,email
TEENIE,2026-05-15,18:54:00,Yes,Chewy,facebook
TEENIE,2026-05-15,19:57:00,No,Amazon,instagram
TEENIE,2026-05-15,08:00:00,Yes,Target,google
TEENIE,2026-05-15,09:03:00,No,Walmart,email
TEENIE,2026-05-15,10:06:00,Yes,PetSmart,facebook
TEENIE,2026-05-15,11:09:00,No,Chewy,instagram
TEENIE,2026-05-15,12:12:00,Yes,Amazon,google
TEENIE,2026-05-15,13:15:00,No,Target,email
TEENIE,2026-05-15,14:18:00,Yes,Walmart,facebook
TEENIE,2026-05-15,15:21:00,No,PetSmart,instagram
TEENIE,2026-05-15,16:24:00,Yes,Chewy,google
TEENIE,2026-05-15,17:27:00,No,Amazon,email
TEENIE,2026-05-15,18:30:00,Yes,Target,facebook
TEENIE,2026-05-15,19:33:00,No,Walmart,instagram
TEENIE,2026-05-15,08:36:00,Yes,PetSmart,google
TEENIE,2026-05-15,09:39:00,No,Chewy,email
TEENIE,2026-05-15,10:42:00,Yes,Amazon,facebook
TEENIE,2026-05-15,11:45:00,No,Target,instagram
TEENIE,2026-05-15,12:48:00,Yes,Walmart,google
TEENIE,2026-05-15,13:51:00,No,PetSmart,email
TEENIE,2026-05-15,14:54:00,Yes,Chewy,facebook
TEENIE,2026-05-15,15:57:00,No,Amazon,instagram
TEENIE,2026-05-15,16:00:00,Yes,Target,google
TEENIE,2026-05-15,17:03:00,No,Walmart,email
TEENIE,2026-05-15,18:06:00,Yes,PetSmart,facebook
TEENIE,2026-05-15,19:09:00,No,Chewy,instagram
TEENIE,2026-05-15,08:12:00,Yes,Amazon,google
TEENIE,2026-05-15,09:15:00,No,Target,email
TEENIE,2026-05-15,10:18:00,Yes,Walmart,facebook
TEENIE,2026-05-15,11:21:00,No,PetSmart,instagram
TEENIE,2026-05-15,12:24:00,Yes,Chewy,google
TEENIE,2026-05-15,13:27:00,No,Amazon,email
TEENIE,2026-05-15,14:30:00,Yes,Target,facebook
TEENIE,2026-05-15,15:33:00,No,Walmart,instagram
TEENIE,2026-05-15,16:36:00,Yes,PetSmart,google
TEENIE,2026-05-15,17:39:00,No,Chewy,email
TEENIE,2026-05-15,18:42:00,Yes,Amazon,facebook
TEENIE,2026-05-15,19:45:00,No,Target,instagram
TEENIE,2026-05-15,08:48:00,Yes,Walmart,google
TEENIE,2026-05-15,09:51:00,No,PetSmart,email
TEENIE,2026-05-15,10:54:00,Yes,Chewy,facebook
TEENIE,2026-05-15,11:57:00,No,Amazon,instagram
TEENIE,2026-05-15,12:00:00,Yes,Target,google
TEENIE,2026-05-15,13:03:00,No,Walmart,email
TEENIE,2026-05-15,14:06:00,Yes,PetSmart,facebook
TEENIE,2026-05-15,15:09:00,No,Chewy,instagram
TEENIE,2026-05-15,16:12:00,Yes,Amazon,google
TEENIE,2026-05-15,17:15:00,No,Target,email
TEENIE,2026-05-15,18:18:00,Yes,Walmart,facebook
TEENIE,2026-05-15,19:21:00,No,PetSmart,instagram
TEENIE,2026-05-15,08:24:00,Yes,Chewy,google
TEENIE,2026-05-15,09:27:00,No,Amazon,email
TEENIE,2026-05-15,10:30:00,Yes,Target,facebook
TEENIE,2026-05-15,11:33:00,No,Walmart,instagram
TEENIE,2026-05-15,12:36:00,Yes,PetSmart,google
TEENIE,2026-05-15,13:39:00,No,Chewy,email
TEENIE,2026-05-15,14:42:00,Yes,Amazon,facebook
TEENIE,2026-05-15,15:45:00,No,Target,instagram
TEENIE,2026-05-15,16:48:00,Yes,Walmart,google
TEENIE,2026-05-15,17:51:00,No,PetSmart,email
TEENIE,2026-05-15,18:54:00,Yes,Chewy,facebook
TEENIE,2026-05-15,19:57:00,No,Amazon,instagram
TEENIE,2026-05-15,08:00:00,Yes,Target,google
TEENIE,2026-05-15,09:03:00,No,Walmart,email
TEENIE,2026-05-15,10:06:00,Yes,PetSmart,facebook
TEENIE,2026-05-15,11:09:00,No,Chewy,instagram
TEENIE,2026-05-15,12:12:00,Yes,Amazon,google
TEENIE,2026-05-15,13:15:00,No,Target,email
TEENIE,2026-05-15,14:18:00,Yes,Walmart,facebook
TEENIE,2026-05-15,15:21:00,No,PetSmart,instagram
TEENIE,2026-05-15,16:24:00,Yes,Chewy,google
TEENIE,2026-05-15,17:27:00,No,Amazon,email
TEENIE,2026-05-15,18:30:00,Yes,Target,facebook
Petite,2026-05-15,08:00:00,Yes,Target,google
Petite,2026-05-15,09:03:00,No,Walmart,email
Petite,2026-05-15,10:06:00,Yes,PetSmart,facebook
Petite,2026-05-15,11:09:00,No,Chewy,instagram
Petite,2026-05-15,12:12:00,Yes,Amazon,google
Petite,2026-05-15,13:15:00,No,Target,email
Petite,2026-05-15,14:18:00,Yes,Walmart,facebook
Petite,2026-05-15,15:21:00,No,PetSmart,instagram
Petite,2026-05-15,16:24:00,Yes,Chewy,google
Petite,2026-05-15,17:27:00,No,Amazon,email
Petite,2026-05-15,18:30:00,Yes,Target,facebook
Petite,2026-05-15,19:33:00,No,Walmart,instagram
Petite,2026-05-15,08:36:00,Yes,PetSmart,google
Petite,2026-05-15,09:39:00,No,Chewy,email
Petite,2026-05-15,10:42:00,Yes,Amazon,facebook
Petite,2026-05-15,11:45:00,No,Target,instagram
Petite,2026-05-15,12:48:00,Yes,Walmart,google
Petite,2026-05-15,13:51:00,No,PetSmart,email
Petite,2026-05-15,14:54:00,Yes,Chewy,facebook
Petite,2026-05-15,15:57:00,No,Amazon,instagram
Petite,2026-05-15,16:00:00,Yes,Target,google
Petite,2026-05-15,17:03:00,No,Walmart,email
Petite,2026-05-15,18:06:00,Yes,PetSmart,facebook
Petite,2026-05-15,19:09:00,No,Chewy,instagram
Petite,2026-05-15,08:12:00,Yes,Amazon,google
Petite,2026-05-15,09:15:00,No,Target,email
Petite,2026-05-15,10:18:00,Yes,Walmart,facebook
Petite,2026-05-15,11:21:00,No,PetSmart,instagram
Petite,2026-05-15,12:24:00,Yes,Chewy,google
Petite,2026-05-15,13:27:00,No,Amazon,email
Petite,2026-05-15,14:30:00,Yes,Target,facebook
Petite,2026-05-15,15:33:00,No,Walmart,instagram
Petite,2026-05-15,16:36:00,Yes,PetSmart,google
Petite,2026-05-15,17:39:00,No,Chewy,email
Petite,2026-05-15,18:42:00,Yes,Amazon,facebook
Petite,2026-05-15,19:45:00,No,Target,instagram
Petite,2026-05-15,08:48:00,Yes,Walmart,google
Petite,2026-05-15,09:51:00,No,PetSmart,email
Petite,2026-05-15,10:54:00,Yes,Chewy,facebook
Petite,2026-05-15,11:57:00,No,Amazon,instagram
Petite,2026-05-15,12:00:00,Yes,Target,google
Petite,2026-05-15,13:03:00,No,Walmart,email
Petite,2026-05-15,14:06:00,Yes,PetSmart,facebook
Petite,2026-05-15,15:09:00,No,Chewy,instagram
Petite,2026-05-15,16:12:00,Yes,Amazon,google
Petite,2026-05-15,17:15:00,No,Target,email
Petite,2026-05-15,18:18:00,Yes,Walmart,facebook
Petite,2026-05-15,19:21:00,No,PetSmart,instagram
Petite,2026-05-15,08:24:00,Yes,Chewy,google
Petite,2026-05-15,09:27:00,No,Amazon,email
Petite,2026-05-15,10:30:00,Yes,Target,facebook
Petite,2026-05-15,11:33:00,No,Walmart,instagram
Petite,2026-05-15,12:36:00,Yes,PetSmart,google
Petite,2026-05-15,13:39:00,No,Chewy,email
Petite,2026-05-15,14:42:00,Yes,Amazon,facebook
Petite,2026-05-15,15:45:00,No,Target,instagram
Petite,2026-05-15,16:48:00,Yes,Walmart,google
Petite,2026-05-15,17:51:00,No,PetSmart,email
Petite,2026-05-15,18:54:00,Yes,Chewy,facebook
Petite,2026-05-15,19:57:00,No,Amazon,instagram
Petite,2026-05-15,08:00:00,Yes,Target,google
Petite,2026-05-15,09:03:00,No,Walmart,email
Petite,2026-05-15,10:06:00,Yes,PetSmart,facebook
Petite,2026-05-15,11:09:00,No,Chewy,instagram
Petite,2026-05-15,12:12:00,Yes,Amazon,google
Petite,2026-05-15,13:15:00,No,Target,email
Petite,2026-05-15,14:18:00,Yes,Walmart,facebook
Petite,2026-05-15,15:21:00,No,PetSmart,instagram
Petite,2026-05-15,16:24:00,Yes,Chewy,google
Petite,2026-05-15,17:27:00,No,Amazon,email
Petite,2026-05-15,18:30:00,Yes,Target,facebook
Petite,2026-05-15,19:33:00,No,Walmart,instagram
Petite,2026-05-15,08:36:00,Yes,PetSmart,google
Petite,2026-05-15,09:39:00,No,Chewy,email
Petite,2026-05-15,10:42:00,Yes,Amazon,facebook
Petite,2026-05-15,11:45:00,No,Target,instagram
Petite,2026-05-15,12:48:00,Yes,Walmart,google
Petite,2026-05-15,13:51:00,No,PetSmart,email
Petite,2026-05-15,14:54:00,Yes,Chewy,facebook
Petite,2026-05-15,15:57:00,No,Amazon,instagram
Petite,2026-05-15,16:00:00,Yes,Target,google
Petite,2026-05-15,17:03:00,No,Walmart,email
Petite,2026-05-15,18:06:00,Yes,PetSmart,facebook
Petite,2026-05-15,19:09:00,No,Chewy,instagram
Petite,2026-05-15,08:12:00,Yes,Amazon,google
Petite,2026-05-15,09:15:00,No,Target,email
Petite,2026-05-15,10:18:00,Yes,Walmart,facebook
Petite,2026-05-15,11:21:00,No,PetSmart,instagram
Petite,2026-05-15,12:24:00,Yes,Chewy,google
Petite,2026-05-15,13:27:00,No,Amazon,email
Petite,2026-05-15,14:30:00,Yes,Target,facebook
Petite,2026-05-15,15:33:00,No,Walmart,instagram
Petite,2026-05-15,16:36:00,Yes,PetSmart,google
Petite,2026-05-15,17:39:00,No,Chewy,email
Petite,2026-05-15,18:42:00,Yes,Amazon,facebook
Petite,2026-05-15,19:45:00,No,Target,instagram
Petite,2026-05-15,08:48:00,Yes,Walmart,google
Petite,2026-05-15,09:51:00,No,PetSmart,email
Petite,2026-05-15,10:54:00,Yes,Chewy,facebook
Petite,2026-05-15,11:57:00,No,Amazon,instagram
Petite,2026-05-15,12:00:00,Yes,Target,google
Regular,2026-05-15,08:00:00,Yes,Target,google
Regular,2026-05-15,09:03:00,No,Walmart,email
Regular,2026-05-15,10:06:00,Yes,PetSmart,facebook
Regular,2026-05-15,11:09:00,No,Chewy,instagram
Regular,2026-05-15,12:12:00,Yes,Amazon,google
Regular,2026-05-15,13:15:00,No,Target,email
Regular,2026-05-15,14:18:00,Yes,Walmart,facebook
Regular,2026-05-15,15:21:00,No,PetSmart,instagram
Regular,2026-05-15,16:24:00,Yes,Chewy,google
Regular,2026-05-15,17:27:00,No,Amazon,email
Regular,2026-05-15,18:30:00,Yes,Target,facebook
Regular,2026-05-15,19:33:00,No,Walmart,instagram
Regular,2026-05-15,08:36:00,Yes,PetSmart,google
Regular,2026-05-15,09:39:00,No,Chewy,email
Regular,2026-05-15,10:42:00,Yes,Amazon,facebook
Regular,2026-05-15,11:45:00,No,Target,instagram
Regular,2026-05-15,12:48:00,Yes,Walmart,google
Regular,2026-05-15,13:51:00,No,PetSmart,email
Regular,2026-05-15,14:54:00,Yes,Chewy,facebook
Regular,2026-05-15,15:57:00,No,Amazon,instagram
Regular,2026-05-15,16:00:00,Yes,Target,google
Regular,2026-05-15,17:03:00,No,Walmart,email
Regular,2026-05-15,18:06:00,Yes,PetSmart,facebook
Regular,2026-05-15,19:09:00,No,Chewy,instagram
Regular,2026-05-15,08:12:00,Yes,Amazon,google
Regular,2026-05-15,09:15:00,No,Target,email
Regular,2026-05-15,10:18:00,Yes,Walmart,facebook
Regular,2026-05-15,11:21:00,No,PetSmart,instagram
Regular,2026-05-15,12:24:00,Yes,Chewy,google
Regular,2026-05-15,13:27:00,No,Amazon,email
Regular,2026-05-15,14:30:00,Yes,Target,facebook
Regular,2026-05-15,15:33:00,No,Walmart,instagram
Regular,2026-05-15,16:36:00,Yes,PetSmart,google
Regular,2026-05-15,17:39:00,No,Chewy,email
Regular,2026-05-15,18:42:00,Yes,Amazon,facebook
Regular,2026-05-15,19:45:00,No,Target,instagram
Regular,2026-05-15,08:48:00,Yes,Walmart,google
Regular,2026-05-15,09:51:00,No,PetSmart,email
Regular,2026-05-15,10:54:00,Yes,Chewy,facebook
Regular,2026-05-15,11:57:00,No,Amazon,instagram
Regular,2026-05-15,12:00:00,Yes,Target,google
Regular,2026-05-15,13:03:00,No,Walmart,email
Regular,2026-05-15,14:06:00,Yes,PetSmart,facebook
Regular,2026-05-15,15:09:00,No,Chewy,instagram
Regular,2026-05-15,16:12:00,Yes,Amazon,google
Regular,2026-05-15,17:15:00,No,Target,email
Regular,2026-05-15,18:18:00,Yes,Walmart,facebook
Regular,2026-05-15,19:21:00,No,PetSmart,instagram
Regular,2026-05-15,08:24:00,Yes,Chewy,google
Regular,2026-05-15,09:27:00,No,Amazon,email
Regular,2026-05-15,10:30:00,Yes,Target,facebook
Regular,2026-05-15,11:33:00,No,Walmart,instagram
Regular,2026-05-15,12:36:00,Yes,PetSmart,google
Regular,2026-05-15,13:39:00,No,Chewy,email
Regular,2026-05-15,14:42:00,Yes,Amazon,facebook
Regular,2026-05-15,15:45:00,No,Target,instagram
Regular,2026-05-15,16:48:00,Yes,Walmart,google
Regular,2026-05-15,17:51:00,No,PetSmart,email
Regular,2026-05-15,18:54:00,Yes,Chewy,facebook
Regular,2026-05-15,19:57:00,No,Amazon,instagram
Regular,2026-05-15,08:00:00,Yes,Target,google
Regular,2026-05-15,09:03:00,No,Walmart,email
Regular,2026-05-15,10:06:00,Yes,PetSmart,facebook
Regular,2026-05-15,11:09:00,No,Chewy,instagram
Regular,2026-05-15,12:12:00,Yes,Amazon,google
Regular,2026-05-15,13:15:00,No,Target,email
Regular,2026-05-15,14:18:00,Yes,Walmart,facebook
Regular,2026-05-15,15:21:00,No,PetSmart,instagram
Regular,2026-05-15,16:24:00,Yes,Chewy,google
Regular,2026-05-15,17:27:00,No,Amazon,email
Regular,2026-05-15,18:30:00,Yes,Target,facebook
Regular,2026-05-15,19:33:00,No,Walmart,instagram
Regular,2026-05-15,08:36:00,Yes,PetSmart,google
Regular,2026-05-15,09:39:00,No,Chewy,email
Regular,2026-05-15,10:42:00,Yes,Amazon,facebook
Regular,2026-05-15,11:45:00,No,Target,instagram
Regular,2026-05-15,12:48:00,Yes,Walmart,google
Regular,2026-05-15,13:51:00,No,PetSmart,email
Regular,2026-05-15,14:54:00,Yes,Chewy,facebook
Regular,2026-05-15,15:57:00,No,Amazon,instagram
Regular,2026-05-15,16:00:00,Yes,Target,google
Regular,2026-05-15,17:03:00,No,Walmart,email
Regular,2026-05-15,18:06:00,Yes,PetSmart,facebook
Regular,2026-05-15,19:09:00,No,Chewy,instagram
Regular,2026-05-15,08:12:00,Yes,Amazon,google
Regular,2026-05-15,09:15:00,No,Target,email
Regular,2026-05-15,10:18:00,Yes,Walmart,facebook
Regular,2026-05-15,11:21:00,No,PetSmart,instagram
Regular,2026-05-15,12:24:00,Yes,Chewy,google
Regular,2026-05-15,13:27:00,No,Amazon,email
Regular,2026-05-15,14:30:00,Yes,Target,facebook
Regular,2026-05-15,15:33:00,No,Walmart,instagram
Regular,2026-05-15,16:36:00,Yes,PetSmart,google
Regular,2026-05-15,17:39:00,No,Chewy,email
Regular,2026-05-15,18:42:00,Yes,Amazon,facebook
Regular,2026-05-15,19:45:00,No,Target,instagram
Regular,2026-05-15,08:48:00,Yes,Walmart,google
Regular,2026-05-15,09:51:00,No,PetSmart,email
Regular,2026-05-15,10:54:00,Yes,Chewy,facebook
Regular,2026-05-15,11:57:00,No,Amazon,instagram
Regular,2026-05-15,12:00:00,Yes,Target,google
Regular,2026-05-15,13:03:00,No,Walmart,email
Regular,2026-05-15,14:06:00,Yes,PetSmart,facebook
Regular,2026-05-15,15:09:00,No,Chewy,instagram
Regular,2026-05-15,16:12:00,Yes,Amazon,google
Regular,2026-05-15,17:15:00,No,Target,email
Regular,2026-05-15,18:18:00,Yes,Walmart,facebook
Regular,2026-05-15,19:21:00,No,PetSmart,instagram
Regular,2026-05-15,08:24:00,Yes,Chewy,google
Regular,2026-05-15,09:27:00,No,Amazon,email
Regular,2026-05-15,10:30:00,Yes,Target,facebook
Regular,2026-05-15,11:33:00,No,Walmart,instagram
Regular,2026-05-15,12:36:00,Yes,PetSmart,google
Regular,2026-05-15,13:39:00,No,Chewy,email
Regular,2026-05-15,14:42:00,Yes,Amazon,facebook
Regular,2026-05-15,15:45:00,No,Target,instagram
Regular,2026-05-15,16:48:00,Yes,Walmart,google
Regular,2026-05-15,17:51:00,No,PetSmart,email
Regular,2026-05-15,18:54:00,Yes,Chewy,facebook
Regular,2026-05-15,19:57:00,No,Amazon,instagram
Regular,2026-05-15,08:00:00,Yes,Target,google
Regular,2026-05-15,09:03:00,No,Walmart,email
Regular,2026-05-15,10:06:00,Yes,PetSmart,facebook
Regular,2026-05-15,11:09:00,No,Chewy,instagram
Regular,2026-05-15,12:12:00,Yes,Amazon,google
Regular,2026-05-15,13:15:00,No,Target,email
Regular,2026-05-15,14:18:00,Yes,Walmart,facebook
Regular,2026-05-15,15:21:00,No,PetSmart,instagram
Regular,2026-05-15,16:24:00,Yes,Chewy,google
Regular,2026-05-15,17:27:00,No,Amazon,email
Regular,2026-05-15,18:30:00,Yes,Target,facebook
Regular,2026-05-15,19:33:00,No,Walmart,instagram
Regular,2026-05-15,08:36:00,Yes,PetSmart,google
Regular,2026-05-15,09:39:00,No,Chewy,email
Regular,2026-05-15,10:42:00,Yes,Amazon,facebook
Regular,2026-05-15,11:45:00,No,Target,instagram
Regular,2026-05-15,12:48:00,Yes,Walmart,google
Regular,2026-05-15,13:51:00,No,PetSmart,email
Regular,2026-05-15,14:54:00,Yes,Chewy,facebook
Regular,2026-05-15,15:57:00,No,Amazon,instagram
Regular,2026-05-15,16:00:00,Yes,Target,google
Regular,2026-05-15,17:03:00,No,Walmart,email
Regular,2026-05-15,18:06:00,Yes,PetSmart,facebook
Regular,2026-05-15,19:09:00,No,Chewy,instagram
Regular,2026-05-15,08:12:00,Yes,Amazon,google
Regular,2026-05-15,09:15:00,No,Target,email
Regular,2026-05-15,10:18:00,Yes,Walmart,facebook
Regular,2026-05-15,11:21:00,No,PetSmart,instagram
Regular,2026-05-15,12:24:00,Yes,Chewy,google
Regular,2026-05-15,13:27:00,No,Amazon,email
Regular,2026-05-15,14:30:00,Yes,Target,facebook
Large,2026-05-15,08:00:00,Yes,Target,google
Large,2026-05-15,09:03:00,No,Walmart,email
Large,2026-05-15,10:06:00,Yes,PetSmart,facebook
Large,2026-05-15,11:09:00,No,Chewy,instagram
Large,2026-05-15,12:12:00,Yes,Amazon,google
Large,2026-05-15,13:15:00,No,Target,email
Large,2026-05-15,14:18:00,Yes,Walmart,facebook
Large,2026-05-15,15:21:00,No,PetSmart,instagram
Large,2026-05-15,16:24:00,Yes,Chewy,google
Large,2026-05-15,17:27:00,No,Amazon,email
Large,2026-05-15,18:30:00,Yes,Target,facebook
Large,2026-05-15,19:33:00,No,Walmart,instagram
Large,2026-05-15,08:36:00,Yes,PetSmart,google
Large,2026-05-15,09:39:00,No,Chewy,email
Large,2026-05-15,10:42:00,Yes,Amazon,facebook
Large,2026-05-15,11:45:00,No,Target,instagram
Large,2026-05-15,12:48:00,Yes,Walmart,google
Large,2026-05-15,13:51:00,No,PetSmart,email
Large,2026-05-15,14:54:00,Yes,Chewy,facebook
Large,2026-05-15,15:57:00,No,Amazon,instagram
Large,2026-05-15,16:00:00,Yes,Target,google
Large,2026-05-15,17:03:00,No,Walmart,email
Large,2026-05-15,18:06:00,Yes,PetSmart,facebook
Large,2026-05-15,19:09:00,No,Chewy,instagram
Large,2026-05-15,08:12:00,Yes,Amazon,google
Large,2026-05-15,09:15:00,No,Target,email
Large,2026-05-15,10:18:00,Yes,Walmart,facebook
Large,2026-05-15,11:21:00,No,PetSmart,instagram
Large,2026-05-15,12:24:00,Yes,Chewy,google
Large,2026-05-15,13:27:00,No,Amazon,email
Large,2026-05-15,14:30:00,Yes,Target,facebook
Large,2026-05-15,15:33:00,No,Walmart,instagram
Large,2026-05-15,16:36:00,Yes,PetSmart,google
Large,2026-05-15,17:39:00,No,Chewy,email
Large,2026-05-15,18:42:00,Yes,Amazon,facebook
Large,2026-05-15,19:45:00,No,Target,instagram
Large,2026-05-15,08:48:00,Yes,Walmart,google
Large,2026-05-15,09:51:00,No,PetSmart,email
Large,2026-05-15,10:54:00,Yes,Chewy,facebook
Large,2026-05-15,11:57:00,No,Amazon,instagram
Large,2026-05-15,12:00:00,Yes,Target,google
Large,2026-05-15,13:03:00,No,Walmart,email
Large,2026-05-15,14:06:00,Yes,PetSmart,facebook
Large,2026-05-15,15:09:00,No,Chewy,instagram
Large,2026-05-15,16:12:00,Yes,Amazon,google
Large,2026-05-15,17:15:00,No,Target,email
Large,2026-05-15,18:18:00,Yes,Walmart,facebook
Large,2026-05-15,19:21:00,No,PetSmart,instagram
Large,2026-05-15,08:24:00,Yes,Chewy,google
Large,2026-05-15,09:27:00,No,Amazon,email
Large,2026-05-15,10:30:00,Yes,Target,facebook
Large,2026-05-15,11:33:00,No,Walmart,instagram
Large,2026-05-15,12:36:00,Yes,PetSmart,google
Large,2026-05-15,13:39:00,No,Chewy,email
Large,2026-05-15,14:42:00,Yes,Amazon,facebook
Large,2026-05-15,15:45:00,No,Target,instagram
Large,2026-05-15,16:48:00,Yes,Walmart,google
Large,2026-05-15,17:51:00,No,PetSmart,email
Large,2026-05-15,18:54:00,Yes,Chewy,facebook
Large,2026-05-15,19:57:00,No,Amazon,instagram
Large,2026-05-15,08:00:00,Yes,Target,google
Large,2026-05-15,09:03:00,No,Walmart,email
Large,2026-05-15,10:06:00,Yes,PetSmart,facebook
Large,2026-05-15,11:09:00,No,Chewy,instagram
Large,2026-05-15,12:12:00,Yes,Amazon,google
Large,2026-05-15,13:15:00,No,Target,email
Large,2026-05-15,14:18:00,Yes,Walmart,facebook
Large,2026-05-15,15:21:00,No,PetSmart,instagram
Large,2026-05-15,16:24:00,Yes,Chewy,google
Large,2026-05-15,17:27:00,No,Amazon,email
Large,2026-05-15,18:30:00,Yes,Target,facebook
Large,2026-05-15,19:33:00,No,Walmart,instagram
Large,2026-05-15,08:36:00,Yes,PetSmart,google
Large,2026-05-15,09:39:00,No,Chewy,email
Large,2026-05-15,10:42:00,Yes,Amazon,facebook
Large,2026-05-15,11:45:00,No,Target,instagram
Large,2026-05-15,12:48:00,Yes,Walmart,google
Large,2026-05-15,13:51:00,No,PetSmart,email
Large,2026-05-15,14:54:00,Yes,Chewy,facebook
Large,2026-05-15,15:57:00,No,Amazon,instagram
Large,2026-05-15,16:00:00,Yes,Target,google
Large,2026-05-15,17:03:00,No,Walmart,email
Large,2026-05-15,18:06:00,Yes,PetSmart,facebook
Large,2026-05-15,19:09:00,No,Chewy,instagram
Large,2026-05-15,08:12:00,Yes,Amazon,google
Large,2026-05-15,09:15:00,No,Target,email
Large,2026-05-15,10:18:00,Yes,Walmart,facebook
Large,2026-05-15,11:21:00,No,PetSmart,instagram
Large,2026-05-15,12:24:00,Yes,Chewy,google
Large,2026-05-15,13:27:00,No,Amazon,email
Large,2026-05-15,14:30:00,Yes,Target,facebook
Large,2026-05-15,15:33:00,No,Walmart,instagram
Large,2026-05-15,16:36:00,Yes,PetSmart,google
Large,2026-05-15,17:39:00,No,Chewy,email
Large,2026-05-15,18:42:00,Yes,Amazon,facebook
Large,2026-05-15,19:45:00,No,Target,instagram
Large,2026-05-15,08:48:00,Yes,Walmart,google
Large,2026-05-15,09:51:00,No,PetSmart,email
Large,2026-05-15,10:54:00,Yes,Chewy,facebook
Large,2026-05-15,11:57:00,No,Amazon,instagram
Large,2026-05-15,12:00:00,Yes,Target,google
Large,2026-05-15,13:03:00,No,Walmart,email
Large,2026-05-15,14:06:00,Yes,PetSmart,facebook
Large,2026-05-15,15:09:00,No,Chewy,instagram
Large,2026-05-15,16:12:00,Yes,Amazon,google
Large,2026-05-15,17:15:00,No,Target,email
Large,2026-05-15,18:18:00,Yes,Walmart,facebook
Large,2026-05-15,19:21:00,No,PetSmart,instagram
Large,2026-05-15,08:24:00,Yes,Chewy,google
Large,2026-05-15,09:27:00,No,Amazon,email
Large,2026-05-15,10:30:00,Yes,Target,facebook
Large,2026-05-15,11:33:00,No,Walmart,instagram
Large,2026-05-15,12:36:00,Yes,PetSmart,google
Large,2026-05-15,13:39:00,No,Chewy,email
Large,2026-05-15,14:42:00,Yes,Amazon,facebook
Large,2026-05-15,15:45:00,No,Target,instagram
Large,2026-05-15,16:48:00,Yes,Walmart,google
Large,2026-05-15,17:51:00,No,PetSmart,email
Large,2026-05-15,18:54:00,Yes,Chewy,facebook
Large,2026-05-15,19:57:00,No,Amazon,instagram
Large,2026-05-15,08:00:00,Yes,Target,google
Large,2026-05-15,09:03:00,No,Walmart,email
Large,2026-05-15,10:06:00,Yes,PetSmart,facebook
Large,2026-05-15,11:09:00,No,Chewy,instagram
Large,2026-05-15,12:12:00,Yes,Amazon,google
Large,2026-05-15,13:15:00,No,Target,email
Large,2026-05-15,14:18:00,Yes,Walmart,facebook
Large,2026-05-15,15:21:00,No,PetSmart,instagram
Large,2026-05-15,16:24:00,Yes,Chewy,google
Large,2026-05-15,17:27:00,No,Amazon,email
Large,2026-05-15,18:30:00,Yes,Target,facebook
Large,2026-05-15,19:33:00,No,Walmart,instagram
Large,2026-05-15,08:36:00,Yes,PetSmart,google
Large,2026-05-15,09:39:00,No,Chewy,email
Large,2026-05-15,10:42:00,Yes,Amazon,facebook
Large,2026-05-15,11:45:00,No,Target,instagram
Large,2026-05-15,12:48:00,Yes,Walmart,google
Large,2026-05-15,13:51:00,No,PetSmart,email
Large,2026-05-15,14:54:00,Yes,Chewy,facebook
Large,2026-05-15,15:57:00,No,Amazon,instagram
Large,2026-05-15,16:00:00,Yes,Target,google
Large,2026-05-15,17:03:00,No,Walmart,email
Large,2026-05-15,18:06:00,Yes,PetSmart,facebook
Large,2026-05-15,19:09:00,No,Chewy,instagram
Large,2026-05-15,08:12:00,Yes,Amazon,google
Large,2026-05-15,09:15:00,No,Target,email
Large,2026-05-15,10:18:00,Yes,Walmart,facebook
Large,2026-05-15,11:21:00,No,PetSmart,instagram
Large,2026-05-15,12:24:00,Yes,Chewy,google
Large,2026-05-15,13:27:00,No,Amazon,email
Large,2026-05-15,14:30:00,Yes,Target,facebook
Large,2026-05-15,15:33:00,No,Walmart,instagram
Large,2026-05-15,16:36:00,Yes,PetSmart,google
Large,2026-05-15,17:39:00,No,Chewy,email
Large,2026-05-15,18:42:00,Yes,Amazon,facebook
Large,2026-05-15,19:45:00,No,Target,instagram
Large,2026-05-15,08:48:00,Yes,Walmart,google
Large,2026-05-15,09:51:00,No,PetSmart,email
Large,2026-05-15,10:54:00,Yes,Chewy,facebook
Large,2026-05-15,11:57:00,No,Amazon,instagram
Large,2026-05-15,12:00:00,Yes,Target,google
Large,2026-05-15,13:03:00,No,Walmart,email
Large,2026-05-15,14:06:00,Yes,PetSmart,facebook
Large,2026-05-15,15:09:00,No,Chewy,instagram
Large,2026-05-15,16:12:00,Yes,Amazon,google
Large,2026-05-15,17:15:00,No,Target,email
Large,2026-05-15,18:18:00,Yes,Walmart,facebook
Large,2026-05-15,19:21:00,No,PetSmart,instagram
Large,2026-05-15,08:24:00,Yes,Chewy,google
Large,2026-05-15,09:27:00,No,Amazon,email
Large,2026-05-15,10:30:00,Yes,Target,facebook
Large,2026-05-15,11:33:00,No,Walmart,instagram
Large,2026-05-15,12:36:00,Yes,PetSmart,google
Large,2026-05-15,13:39:00,No,Chewy,email
Large,2026-05-15,14:42:00,Yes,Amazon,facebook
Large,2026-05-15,15:45:00,No,Target,instagram
Large,2026-05-15,16:48:00,Yes,Walmart,google
Large,2026-05-15,17:51:00,No,PetSmart,email
Large,2026-05-15,18:54:00,Yes,Chewy,facebook
Large,2026-05-15,19:57:00,No,Amazon,instagram
Large,2026-05-15,08:00:00,Yes,Target,google
Large,2026-05-15,09:03:00,No,Walmart,email
Large,2026-05-15,10:06:00,Yes,PetSmart,facebook
Large,2026-05-15,11:09:00,No,Chewy,instagram
Large,2026-05-15,12:12:00,Yes,Amazon,google
Large,2026-05-15,13:15:00,No,Target,email
Large,2026-05-15,14:18:00,Yes,Walmart,facebook
Large,2026-05-15,15:21:00,No,PetSmart,instagram
Large,2026-05-15,16:24:00,Yes,Chewy,google
Large,2026-05-15,17:27:00,No,Amazon,email
Large,2026-05-15,18:30:00,Yes,Target,facebook
TEENIE,2026-05-16,08:00:00,No,Walmart,email
TEENIE,2026-05-16,09:03:00,Yes,PetSmart,facebook
TEENIE,2026-05-16,10:06:00,No,Chewy,instagram
TEENIE,2026-05-16,11:09:00,Yes,Amazon,google
TEENIE,2026-05-16,12:12:00,No,Target,email
TEENIE,2026-05-16,13:15:00,Yes,Walmart,facebook
TEENIE,2026-05-16,14:18:00,No,PetSmart,instagram
TEENIE,2026-05-16,15:21:00,Yes,Chewy,google
TEENIE,2026-05-16,16:24:00,No,Amazon,email
TEENIE,2026-05-16,17:27:00,Yes,Target,facebook
TEENIE,2026-05-16,18:30:00,No,Walmart,instagram
TEENIE,2026-05-16,19:33:00,Yes,PetSmart,google
TEENIE,2026-05-16,08:36:00,No,Chewy,email
TEENIE,2026-05-16,09:39:00,Yes,Amazon,facebook
TEENIE,2026-05-16,10:42:00,No,Target,instagram
TEENIE,2026-05-16,11:45:00,Yes,Walmart,google
TEENIE,2026-05-16,12:48:00,No,PetSmart,email
TEENIE,2026-05-16,13:51:00,Yes,Chewy,facebook
TEENIE,2026-05-16,14:54:00,No,Amazon,instagram
TEENIE,2026-05-16,15:57:00,Yes,Target,google
TEENIE,2026-05-16,16:00:00,No,Walmart,email
TEENIE,2026-05-16,17:03:00,Yes,PetSmart,facebook
TEENIE,2026-05-16,18:06:00,No,Chewy,instagram
TEENIE,2026-05-16,19:09:00,Yes,Amazon,google
TEENIE,2026-05-16,08:12:00,No,Target,email
TEENIE,2026-05-16,09:15:00,Yes,Walmart,facebook
TEENIE,2026-05-16,10:18:00,No,PetSmart,instagram
TEENIE,2026-05-16,11:21:00,Yes,Chewy,google
TEENIE,2026-05-16,12:24:00,No,Amazon,email
TEENIE,2026-05-16,13:27:00,Yes,Target,facebook
TEENIE,2026-05-16,14:30:00,No,Walmart,instagram
TEENIE,2026-05-16,15:33:00,Yes,PetSmart,google
TEENIE,2026-05-16,16:36:00,No,Chewy,email
TEENIE,2026-05-16,17:39:00,Yes,Amazon,facebook
TEENIE,2026-05-16,18:42:00,No,Target,instagram
TEENIE,2026-05-16,19:45:00,Yes,Walmart,google
TEENIE,2026-05-16,08:48:00,No,PetSmart,email
TEENIE,2026-05-16,09:51:00,Yes,Chewy,facebook
TEENIE,2026-05-16,10:54:00,No,Amazon,instagram
TEENIE,2026-05-16,11:57:00,Yes,Target,google
TEENIE,2026-05-16,12:00:00,No,Walmart,email
TEENIE,2026-05-16,13:03:00,Yes,PetSmart,facebook
TEENIE,2026-05-16,14:06:00,No,Chewy,instagram
TEENIE,2026-05-16,15:09:00,Yes,Amazon,google
TEENIE,2026-05-16,16:12:00,No,Target,email
TEENIE,2026-05-16,17:15:00,Yes,Walmart,facebook
TEENIE,2026-05-16,18:18:00,No,PetSmart,instagram
TEENIE,2026-05-16,19:21:00,Yes,Chewy,google
TEENIE,2026-05-16,08:24:00,No,Amazon,email
TEENIE,2026-05-16,09:27:00,Yes,Target,facebook
TEENIE,2026-05-16,10:30:00,No,Walmart,instagram
TEENIE,2026-05-16,11:33:00,Yes,PetSmart,google
TEENIE,2026-05-16,12:36:00,No,Chewy,email
TEENIE,2026-05-16,13:39:00,Yes,Amazon,facebook
TEENIE,2026-05-16,14:42:00,No,Target,instagram
TEENIE,2026-05-16,15:45:00,Yes,Walmart,google
TEENIE,2026-05-16,16:48:00,No,PetSmart,email
TEENIE,2026-05-16,17:51:00,Yes,Chewy,facebook
TEENIE,2026-05-16,18:54:00,No,Amazon,instagram
TEENIE,2026-05-16,19:57:00,Yes,Target,google
TEENIE,2026-05-16,08:00:00,No,Walmart,email
TEENIE,2026-05-16,09:03:00,Yes,PetSmart,facebook
TEENIE,2026-05-16,10:06:00,No,Chewy,instagram
TEENIE,2026-05-16,11:09:00,Yes,Amazon,google
TEENIE,2026-05-16,12:12:00,No,Target,email
TEENIE,2026-05-16,13:15:00,Yes,Walmart,facebook
TEENIE,2026-05-16,14:18:00,No,PetSmart,instagram
TEENIE,2026-05-16,15:21:00,Yes,Chewy,google
TEENIE,2026-05-16,16:24:00,No,Amazon,email
TEENIE,2026-05-16,17:27:00,Yes,Target,facebook
TEENIE,2026-05-16,18:30:00,No,Walmart,instagram
TEENIE,2026-05-16,19:33:00,Yes,PetSmart,google
TEENIE,2026-05-16,08:36:00,No,Chewy,email
TEENIE,2026-05-16,09:39:00,Yes,Amazon,facebook
TEENIE,2026-05-16,10:42:00,No,Target,instagram
TEENIE,2026-05-16,11:45:00,Yes,Walmart,google
TEENIE,2026-05-16,12:48:00,No,PetSmart,email
TEENIE,2026-05-16,13:51:00,Yes,Chewy,facebook
TEENIE,2026-05-16,14:54:00,No,Amazon,instagram
TEENIE,2026-05-16,15:57:00,Yes,Target,google
TEENIE,2026-05-16,16:00:00,No,Walmart,email
TEENIE,2026-05-16,17:03:00,Yes,PetSmart,facebook
TEENIE,2026-05-16,18:06:00,No,Chewy,instagram
TEENIE,2026-05-16,19:09:00,Yes,Amazon,google
TEENIE,2026-05-16,08:12:00,No,Target,email
TEENIE,2026-05-16,09:15:00,Yes,Walmart,facebook
TEENIE,2026-05-16,10:18:00,No,PetSmart,instagram
TEENIE,2026-05-16,11:21:00,Yes,Chewy,google
TEENIE,2026-05-16,12:24:00,No,Amazon,email
TEENIE,2026-05-16,13:27:00,Yes,Target,facebook
TEENIE,2026-05-16,14:30:00,No,Walmart,instagram
TEENIE,2026-05-16,15:33:00,Yes,PetSmart,google
TEENIE,2026-05-16,16:36:00,No,Chewy,email
TEENIE,2026-05-16,17:39:00,Yes,Amazon,facebook
TEENIE,2026-05-16,18:42:00,No,Target,instagram
TEENIE,2026-05-16,19:45:00,Yes,Walmart,google
TEENIE,2026-05-16,08:48:00,No,PetSmart,email
TEENIE,2026-05-16,09:51:00,Yes,Chewy,facebook
TEENIE,2026-05-16,10:54:00,No,Amazon,instagram
TEENIE,2026-05-16,11:57:00,Yes,Target,google
TEENIE,2026-05-16,12:00:00,No,Walmart,email
TEENIE,2026-05-16,13:03:00,Yes,PetSmart,facebook
TEENIE,2026-05-16,14:06:00,No,Chewy,instagram
TEENIE,2026-05-16,15:09:00,Yes,Amazon,google
TEENIE,2026-05-16,16:12:00,No,Target,email
TEENIE,2026-05-16,17:15:00,Yes,Walmart,facebook
TEENIE,2026-05-16,18:18:00,No,PetSmart,instagram
TEENIE,2026-05-16,19:21:00,Yes,Chewy,google
TEENIE,2026-05-16,08:24:00,No,Amazon,email
TEENIE,2026-05-16,09:27:00,Yes,Target,facebook
TEENIE,2026-05-16,10:30:00,No,Walmart,instagram
TEENIE,2026-05-16,11:33:00,Yes,PetSmart,google
TEENIE,2026-05-16,12:36:00,No,Chewy,email
Petite,2026-05-16,08:00:00,No,Walmart,email
Petite,2026-05-16,09:03:00,Yes,PetSmart,facebook
Petite,2026-05-16,10:06:00,No,Chewy,instagram
Petite,2026-05-16,11:09:00,Yes,Amazon,google
Petite,2026-05-16,12:12:00,No,Target,email
Petite,2026-05-16,13:15:00,Yes,Walmart,facebook
Petite,2026-05-16,14:18:00,No,PetSmart,instagram
Petite,2026-05-16,15:21:00,Yes,Chewy,google
Petite,2026-05-16,16:24:00,No,Amazon,email
Petite,2026-05-16,17:27:00,Yes,Target,facebook
Petite,2026-05-16,18:30:00,No,Walmart,instagram
Petite,2026-05-16,19:33:00,Yes,PetSmart,google
Petite,2026-05-16,08:36:00,No,Chewy,email
Petite,2026-05-16,09:39:00,Yes,Amazon,facebook
Petite,2026-05-16,10:42:00,No,Target,instagram
Petite,2026-05-16,11:45:00,Yes,Walmart,google
Petite,2026-05-16,12:48:00,No,PetSmart,email
Petite,2026-05-16,13:51:00,Yes,Chewy,facebook
Petite,2026-05-16,14:54:00,No,Amazon,instagram
Petite,2026-05-16,15:57:00,Yes,Target,google
Petite,2026-05-16,16:00:00,No,Walmart,email
Petite,2026-05-16,17:03:00,Yes,PetSmart,facebook
Petite,2026-05-16,18:06:00,No,Chewy,instagram
Petite,2026-05-16,19:09:00,Yes,Amazon,google
Petite,2026-05-16,08:12:00,No,Target,email
Petite,2026-05-16,09:15:00,Yes,Walmart,facebook
Petite,2026-05-16,10:18:00,No,PetSmart,instagram
Petite,2026-05-16,11:21:00,Yes,Chewy,google
Petite,2026-05-16,12:24:00,No,Amazon,email
Petite,2026-05-16,13:27:00,Yes,Target,facebook
Petite,2026-05-16,14:30:00,No,Walmart,instagram
Petite,2026-05-16,15:33:00,Yes,PetSmart,google
Petite,2026-05-16,16:36:00,No,Chewy,email
Petite,2026-05-16,17:39:00,Yes,Amazon,facebook
Petite,2026-05-16,18:42:00,No,Target,instagram
Petite,2026-05-16,19:45:00,Yes,Walmart,google
Petite,2026-05-16,08:48:00,No,PetSmart,email
Petite,2026-05-16,09:51:00,Yes,Chewy,facebook
Petite,2026-05-16,10:54:00,No,Amazon,instagram
Petite,2026-05-16,11:57:00,Yes,Target,google
Petite,2026-05-16,12:00:00,No,Walmart,email
Petite,2026-05-16,13:03:00,Yes,PetSmart,facebook
Petite,2026-05-16,14:06:00,No,Chewy,instagram
Petite,2026-05-16,15:09:00,Yes,Amazon,google
Petite,2026-05-16,16:12:00,No,Target,email
Petite,2026-05-16,17:15:00,Yes,Walmart,facebook
Petite,2026-05-16,18:18:00,No,PetSmart,instagram
Petite,2026-05-16,19:21:00,Yes,Chewy,google
Petite,2026-05-16,08:24:00,No,Amazon,email
Petite,2026-05-16,09:27:00,Yes,Target,facebook
Petite,2026-05-16,10:30:00,No,Walmart,instagram
Petite,2026-05-16,11:33:00,Yes,PetSmart,google
Petite,2026-05-16,12:36:00,No,Chewy,email
Petite,2026-05-16,13:39:00,Yes,Amazon,facebook
Petite,2026-05-16,14:42:00,No,Target,instagram
Petite,2026-05-16,15:45:00,Yes,Walmart,google
Petite,2026-05-16,16:48:00,No,PetSmart,email
Petite,2026-05-16,17:51:00,Yes,Chewy,facebook
Petite,2026-05-16,18:54:00,No,Amazon,instagram
Petite,2026-05-16,19:57:00,Yes,Target,google
Petite,2026-05-16,08:00:00,No,Walmart,email
Petite,2026-05-16,09:03:00,Yes,PetSmart,facebook
Petite,2026-05-16,10:06:00,No,Chewy,instagram
Petite,2026-05-16,11:09:00,Yes,Amazon,google
Petite,2026-05-16,12:12:00,No,Target,email
Petite,2026-05-16,13:15:00,Yes,Walmart,facebook
Petite,2026-05-16,14:18:00,No,PetSmart,instagram
Petite,2026-05-16,15:21:00,Yes,Chewy,google
Petite,2026-05-16,16:24:00,No,Amazon,email
Petite,2026-05-16,17:27:00,Yes,Target,facebook
Petite,2026-05-16,18:30:00,No,Walmart,instagram
Petite,2026-05-16,19:33:00,Yes,PetSmart,google
Petite,2026-05-16,08:36:00,No,Chewy,email
Petite,2026-05-16,09:39:00,Yes,Amazon,facebook
Petite,2026-05-16,10:42:00,No,Target,instagram
Petite,2026-05-16,11:45:00,Yes,Walmart,google
Petite,2026-05-16,12:48:00,No,PetSmart,email
Petite,2026-05-16,13:51:00,Yes,Chewy,facebook
Petite,2026-05-16,14:54:00,No,Amazon,instagram
Petite,2026-05-16,15:57:00,Yes,Target,google
Petite,2026-05-16,16:00:00,No,Walmart,email
Petite,2026-05-16,17:03:00,Yes,PetSmart,facebook
Petite,2026-05-16,18:06:00,No,Chewy,instagram
Regular,2026-05-16,08:00:00,No,Walmart,email
Regular,2026-05-16,09:03:00,Yes,PetSmart,facebook
Regular,2026-05-16,10:06:00,No,Chewy,instagram
Regular,2026-05-16,11:09:00,Yes,Amazon,google
Regular,2026-05-16,12:12:00,No,Target,email
Regular,2026-05-16,13:15:00,Yes,Walmart,facebook
Regular,2026-05-16,14:18:00,No,PetSmart,instagram
Regular,2026-05-16,15:21:00,Yes,Chewy,google
Regular,2026-05-16,16:24:00,No,Amazon,email
Regular,2026-05-16,17:27:00,Yes,Target,facebook
Regular,2026-05-16,18:30:00,No,Walmart,instagram
Regular,2026-05-16,19:33:00,Yes,PetSmart,google
Regular,2026-05-16,08:36:00,No,Chewy,email
Regular,2026-05-16,09:39:00,Yes,Amazon,facebook
Regular,2026-05-16,10:42:00,No,Target,instagram
Regular,2026-05-16,11:45:00,Yes,Walmart,google
Regular,2026-05-16,12:48:00,No,PetSmart,email
Regular,2026-05-16,13:51:00,Yes,Chewy,facebook
Regular,2026-05-16,14:54:00,No,Amazon,instagram
Regular,2026-05-16,15:57:00,Yes,Target,google
Regular,2026-05-16,16:00:00,No,Walmart,email
Regular,2026-05-16,17:03:00,Yes,PetSmart,facebook
Regular,2026-05-16,18:06:00,No,Chewy,instagram
Regular,2026-05-16,19:09:00,Yes,Amazon,google
Regular,2026-05-16,08:12:00,No,Target,email
Regular,2026-05-16,09:15:00,Yes,Walmart,facebook
Regular,2026-05-16,10:18:00,No,PetSmart,instagram
Regular,2026-05-16,11:21:00,Yes,Chewy,google
Regular,2026-05-16,12:24:00,No,Amazon,email
Regular,2026-05-16,13:27:00,Yes,Target,facebook
Regular,2026-05-16,14:30:00,No,Walmart,instagram
Regular,2026-05-16,15:33:00,Yes,PetSmart,google
Regular,2026-05-16,16:36:00,No,Chewy,email
Regular,2026-05-16,17:39:00,Yes,Amazon,facebook
Regular,2026-05-16,18:42:00,No,Target,instagram
Regular,2026-05-16,19:45:00,Yes,Walmart,google
Regular,2026-05-16,08:48:00,No,PetSmart,email
Regular,2026-05-16,09:51:00,Yes,Chewy,facebook
Regular,2026-05-16,10:54:00,No,Amazon,instagram
Regular,2026-05-16,11:57:00,Yes,Target,google
Regular,2026-05-16,12:00:00,No,Walmart,email
Regular,2026-05-16,13:03:00,Yes,PetSmart,facebook
Regular,2026-05-16,14:06:00,No,Chewy,instagram
Regular,2026-05-16,15:09:00,Yes,Amazon,google
Regular,2026-05-16,16:12:00,No,Target,email
Regular,2026-05-16,17:15:00,Yes,Walmart,facebook
Regular,2026-05-16,18:18:00,No,PetSmart,instagram
Regular,2026-05-16,19:21:00,Yes,Chewy,google
Regular,2026-05-16,08:24:00,No,Amazon,email
Regular,2026-05-16,09:27:00,Yes,Target,facebook
Regular,2026-05-16,10:30:00,No,Walmart,instagram
Regular,2026-05-16,11:33:00,Yes,PetSmart,google
Regular,2026-05-16,12:36:00,No,Chewy,email
Regular,2026-05-16,13:39:00,Yes,Amazon,facebook
Regular,2026-05-16,14:42:00,No,Target,instagram
Regular,2026-05-16,15:45:00,Yes,Walmart,google
Regular,2026-05-16,16:48:00,No,PetSmart,email
Regular,2026-05-16,17:51:00,Yes,Chewy,facebook
Regular,2026-05-16,18:54:00,No,Amazon,instagram
Regular,2026-05-16,19:57:00,Yes,Target,google
Regular,2026-05-16,08:00:00,No,Walmart,email
Regular,2026-05-16,09:03:00,Yes,PetSmart,facebook
Regular,2026-05-16,10:06:00,No,Chewy,instagram
Regular,2026-05-16,11:09:00,Yes,Amazon,google
Regular,2026-05-16,12:12:00,No,Target,email
Regular,2026-05-16,13:15:00,Yes,Walmart,facebook
Regular,2026-05-16,14:18:00,No,PetSmart,instagram
Regular,2026-05-16,15:21:00,Yes,Chewy,google
Regular,2026-05-16,16:24:00,No,Amazon,email
Regular,2026-05-16,17:27:00,Yes,Target,facebook
Regular,2026-05-16,18:30:00,No,Walmart,instagram
Regular,2026-05-16,19:33:00,Yes,PetSmart,google
Regular,2026-05-16,08:36:00,No,Chewy,email
Regular,2026-05-16,09:39:00,Yes,Amazon,facebook
Regular,2026-05-16,10:42:00,No,Target,instagram
Regular,2026-05-16,11:45:00,Yes,Walmart,google
Regular,2026-05-16,12:48:00,No,PetSmart,email
Regular,2026-05-16,13:51:00,Yes,Chewy,facebook
Regular,2026-05-16,14:54:00,No,Amazon,instagram
Regular,2026-05-16,15:57:00,Yes,Target,google
Regular,2026-05-16,16:00:00,No,Walmart,email
Regular,2026-05-16,17:03:00,Yes,PetSmart,facebook
Regular,2026-05-16,18:06:00,No,Chewy,instagram
Regular,2026-05-16,19:09:00,Yes,Amazon,google
Regular,2026-05-16,08:12:00,No,Target,email
Regular,2026-05-16,09:15:00,Yes,Walmart,facebook
Regular,2026-05-16,10:18:00,No,PetSmart,instagram
Regular,2026-05-16,11:21:00,Yes,Chewy,google
Regular,2026-05-16,12:24:00,No,Amazon,email
Regular,2026-05-16,13:27:00,Yes,Target,facebook
Regular,2026-05-16,14:30:00,No,Walmart,instagram
Regular,2026-05-16,15:33:00,Yes,PetSmart,google
Regular,2026-05-16,16:36:00,No,Chewy,email
Regular,2026-05-16,17:39:00,Yes,Amazon,facebook
Regular,2026-05-16,18:42:00,No,Target,instagram
Regular,2026-05-16,19:45:00,Yes,Walmart,google
Regular,2026-05-16,08:48:00,No,PetSmart,email
Regular,2026-05-16,09:51:00,Yes,Chewy,facebook
Regular,2026-05-16,10:54:00,No,Amazon,instagram
Regular,2026-05-16,11:57:00,Yes,Target,google
Regular,2026-05-16,12:00:00,No,Walmart,email
Regular,2026-05-16,13:03:00,Yes,PetSmart,facebook
Regular,2026-05-16,14:06:00,No,Chewy,instagram
Regular,2026-05-16,15:09:00,Yes,Amazon,google
Regular,2026-05-16,16:12:00,No,Target,email
Regular,2026-05-16,17:15:00,Yes,Walmart,facebook
Regular,2026-05-16,18:18:00,No,PetSmart,instagram
Regular,2026-05-16,19:21:00,Yes,Chewy,google
Regular,2026-05-16,08:24:00,No,Amazon,email
Regular,2026-05-16,09:27:00,Yes,Target,facebook
Regular,2026-05-16,10:30:00,No,Walmart,instagram
Regular,2026-05-16,11:33:00,Yes,PetSmart,google
Regular,2026-05-16,12:36:00,No,Chewy,email
Regular,2026-05-16,13:39:00,Yes,Amazon,facebook
Regular,2026-05-16,14:42:00,No,Target,instagram
Regular,2026-05-16,15:45:00,Yes,Walmart,google
Regular,2026-05-16,16:48:00,No,PetSmart,email
Regular,2026-05-16,17:51:00,Yes,Chewy,facebook
Regular,2026-05-16,18:54:00,No,Amazon,instagram
Regular,2026-05-16,19:57:00,Yes,Target,google
Regular,2026-05-16,08:00:00,No,Walmart,email
Regular,2026-05-16,09:03:00,Yes,PetSmart,facebook
Regular,2026-05-16,10:06:00,No,Chewy,instagram
Regular,2026-05-16,11:09:00,Yes,Amazon,google
Regular,2026-05-16,12:12:00,No,Target,email
Regular,2026-05-16,13:15:00,Yes,Walmart,facebook
Regular,2026-05-16,14:18:00,No,PetSmart,instagram
Regular,2026-05-16,15:21:00,Yes,Chewy,google
Regular,2026-05-16,16:24:00,No,Amazon,email
Regular,2026-05-16,17:27:00,Yes,Target,facebook
Regular,2026-05-16,18:30:00,No,Walmart,instagram
Regular,2026-05-16,19:33:00,Yes,PetSmart,google
Regular,2026-05-16,08:36:00,No,Chewy,email
Large,2026-05-16,08:00:00,No,Walmart,email
Large,2026-05-16,09:03:00,Yes,PetSmart,facebook
Large,2026-05-16,10:06:00,No,Chewy,instagram
Large,2026-05-16,11:09:00,Yes,Amazon,google
Large,2026-05-16,12:12:00,No,Target,email
Large,2026-05-16,13:15:00,Yes,Walmart,facebook
Large,2026-05-16,14:18:00,No,PetSmart,instagram
Large,2026-05-16,15:21:00,Yes,Chewy,google
Large,2026-05-16,16:24:00,No,Amazon,email
Large,2026-05-16,17:27:00,Yes,Target,facebook
Large,2026-05-16,18:30:00,No,Walmart,instagram
Large,2026-05-16,19:33:00,Yes,PetSmart,google
Large,2026-05-16,08:36:00,No,Chewy,email
Large,2026-05-16,09:39:00,Yes,Amazon,facebook
Large,2026-05-16,10:42:00,No,Target,instagram
Large,2026-05-16,11:45:00,Yes,Walmart,google
Large,2026-05-16,12:48:00,No,PetSmart,email
Large,2026-05-16,13:51:00,Yes,Chewy,facebook
Large,2026-05-16,14:54:00,No,Amazon,instagram
Large,2026-05-16,15:57:00,Yes,Target,google
Large,2026-05-16,16:00:00,No,Walmart,email
Large,2026-05-16,17:03:00,Yes,PetSmart,facebook
Large,2026-05-16,18:06:00,No,Chewy,instagram
Large,2026-05-16,19:09:00,Yes,Amazon,google
Large,2026-05-16,08:12:00,No,Target,email
Large,2026-05-16,09:15:00,Yes,Walmart,facebook
Large,2026-05-16,10:18:00,No,PetSmart,instagram
Large,2026-05-16,11:21:00,Yes,Chewy,google
Large,2026-05-16,12:24:00,No,Amazon,email
Large,2026-05-16,13:27:00,Yes,Target,facebook
Large,2026-05-16,14:30:00,No,Walmart,instagram
Large,2026-05-16,15:33:00,Yes,PetSmart,google
Large,2026-05-16,16:36:00,No,Chewy,email
Large,2026-05-16,17:39:00,Yes,Amazon,facebook
Large,2026-05-16,18:42:00,No,Target,instagram
Large,2026-05-16,19:45:00,Yes,Walmart,google
Large,2026-05-16,08:48:00,No,PetSmart,email
Large,2026-05-16,09:51:00,Yes,Chewy,facebook
Large,2026-05-16,10:54:00,No,Amazon,instagram
Large,2026-05-16,11:57:00,Yes,Target,google
Large,2026-05-16,12:00:00,No,Walmart,email
Large,2026-05-16,13:03:00,Yes,PetSmart,facebook
Large,2026-05-16,14:06:00,No,Chewy,instagram
Large,2026-05-16,15:09:00,Yes,Amazon,google
Large,2026-05-16,16:12:00,No,Target,email
Large,2026-05-16,17:15:00,Yes,Walmart,facebook
Large,2026-05-16,18:18:00,No,PetSmart,instagram
Large,2026-05-16,19:21:00,Yes,Chewy,google
Large,2026-05-16,08:24:00,No,Amazon,email
Large,2026-05-16,09:27:00,Yes,Target,facebook
Large,2026-05-16,10:30:00,No,Walmart,instagram
Large,2026-05-16,11:33:00,Yes,PetSmart,google
Large,2026-05-16,12:36:00,No,Chewy,email
Large,2026-05-16,13:39:00,Yes,Amazon,facebook
Large,2026-05-16,14:42:00,No,Target,instagram
Large,2026-05-16,15:45:00,Yes,Walmart,google
Large,2026-05-16,16:48:00,No,PetSmart,email
Large,2026-05-16,17:51:00,Yes,Chewy,facebook
Large,2026-05-16,18:54:00,No,Amazon,instagram
Large,2026-05-16,19:57:00,Yes,Target,google
Large,2026-05-16,08:00:00,No,Walmart,email
Large,2026-05-16,09:03:00,Yes,PetSmart,facebook
Large,2026-05-16,10:06:00,No,Chewy,instagram
Large,2026-05-16,11:09:00,Yes,Amazon,google
Large,2026-05-16,12:12:00,No,Target,email
Large,2026-05-16,13:15:00,Yes,Walmart,facebook
Large,2026-05-16,14:18:00,No,PetSmart,instagram
Large,2026-05-16,15:21:00,Yes,Chewy,google
Large,2026-05-16,16:24:00,No,Amazon,email
Large,2026-05-16,17:27:00,Yes,Target,facebook
Large,2026-05-16,18:30:00,No,Walmart,instagram
Large,2026-05-16,19:33:00,Yes,PetSmart,google
Large,2026-05-16,08:36:00,No,Chewy,email
Large,2026-05-16,09:39:00,Yes,Amazon,facebook
Large,2026-05-16,10:42:00,No,Target,instagram
Large,2026-05-16,11:45:00,Yes,Walmart,google
Large,2026-05-16,12:48:00,No,PetSmart,email
Large,2026-05-16,13:51:00,Yes,Chewy,facebook
Large,2026-05-16,14:54:00,No,Amazon,instagram
Large,2026-05-16,15:57:00,Yes,Target,google
Large,2026-05-16,16:00:00,No,Walmart,email
Large,2026-05-16,17:03:00,Yes,PetSmart,facebook
Large,2026-05-16,18:06:00,No,Chewy,instagram
Large,2026-05-16,19:09:00,Yes,Amazon,google
Large,2026-05-16,08:12:00,No,Target,email
Large,2026-05-16,09:15:00,Yes,Walmart,facebook
Large,2026-05-16,10:18:00,No,PetSmart,instagram
Large,2026-05-16,11:21:00,Yes,Chewy,google
Large,2026-05-16,12:24:00,No,Amazon,email
Large,2026-05-16,13:27:00,Yes,Target,facebook
Large,2026-05-16,14:30:00,No,Walmart,instagram
Large,2026-05-16,15:33:00,Yes,PetSmart,google
Large,2026-05-16,16:36:00,No,Chewy,email
Large,2026-05-16,17:39:00,Yes,Amazon,facebook
Large,2026-05-16,18:42:00,No,Target,instagram
Large,2026-05-16,19:45:00,Yes,Walmart,google
Large,2026-05-16,08:48:00,No,PetSmart,email
Large,2026-05-16,09:51:00,Yes,Chewy,facebook
Large,2026-05-16,10:54:00,No,Amazon,instagram
Large,2026-05-16,11:57:00,Yes,Target,google
Large,2026-05-16,12:00:00,No,Walmart,email
Large,2026-05-16,13:03:00,Yes,PetSmart,facebook
Large,2026-05-16,14:06:00,No,Chewy,instagram
Large,2026-05-16,15:09:00,Yes,Amazon,google
Large,2026-05-16,16:12:00,No,Target,email
Large,2026-05-16,17:15:00,Yes,Walmart,facebook
Large,2026-05-16,18:18:00,No,PetSmart,instagram
Large,2026-05-16,19:21:00,Yes,Chewy,google
Large,2026-05-16,08:24:00,No,Amazon,email
Large,2026-05-16,09:27:00,Yes,Target,facebook
Large,2026-05-16,10:30:00,No,Walmart,instagram
Large,2026-05-16,11:33:00,Yes,PetSmart,google
Large,2026-05-16,12:36:00,No,Chewy,email
Large,2026-05-16,13:39:00,Yes,Amazon,facebook
Large,2026-05-16,14:42:00,No,Target,instagram
Large,2026-05-16,15:45:00,Yes,Walmart,google
Large,2026-05-16,16:48:00,No,PetSmart,email
Large,2026-05-16,17:51:00,Yes,Chewy,facebook
Large,2026-05-16,18:54:00,No,Amazon,instagram
Large,2026-05-16,19:57:00,Yes,Target,google
Large,2026-05-16,08:00:00,No,Walmart,email
Large,2026-05-16,09:03:00,Yes,PetSmart,facebook
Large,2026-05-16,10:06:00,No,Chewy,instagram
Large,2026-05-16,11:09:00,Yes,Amazon,google
Large,2026-05-16,12:12:00,No,Target,email
Large,2026-05-16,13:15:00,Yes,Walmart,facebook
Large,2026-05-16,14:18:00,No,PetSmart,instagram
Large,2026-05-16,15:21:00,Yes,Chewy,google
Large,2026-05-16,16:24:00,No,Amazon,email
Large,2026-05-16,17:27:00,Yes,Target,facebook
Large,2026-05-16,18:30:00,No,Walmart,instagram
Large,2026-05-16,19:33:00,Yes,PetSmart,google
Large,2026-05-16,08:36:00,No,Chewy,email
Large,2026-05-16,09:39:00,Yes,Amazon,facebook
Large,2026-05-16,10:42:00,No,Target,instagram
Large,2026-05-16,11:45:00,Yes,Walmart,google
Large,2026-05-16,12:48:00,No,PetSmart,email
Large,2026-05-16,13:51:00,Yes,Chewy,facebook
Large,2026-05-16,14:54:00,No,Amazon,instagram
Large,2026-05-16,15:57:00,Yes,Target,google
Large,2026-05-16,16:00:00,No,Walmart,email
Large,2026-05-16,17:03:00,Yes,PetSmart,facebook
Large,2026-05-16,18:06:00,No,Chewy,instagram
Large,2026-05-16,19:09:00,Yes,Amazon,google
Large,2026-05-16,08:12:00,No,Target,email
Large,2026-05-16,09:15:00,Yes,Walmart,facebook
Large,2026-05-16,10:18:00,No,PetSmart,instagram
Large,2026-05-16,11:21:00,Yes,Chewy,google
Large,2026-05-16,12:24:00,No,Amazon,email
Large,2026-05-16,13:27:00,Yes,Target,facebook
Large,2026-05-16,14:30:00,No,Walmart,instagram
Large,2026-05-16,15:33:00,Yes,PetSmart,google
Large,2026-05-16,16:36:00,No,Chewy,email
Large,2026-05-16,17:39:00,Yes,Amazon,facebook
Large,2026-05-16,18:42:00,No,Target,instagram
Large,2026-05-16,19:45:00,Yes,Walmart,google
Large,2026-05-16,08:48:00,No,PetSmart,email
Large,2026-05-16,09:51:00,Yes,Chewy,facebook
Large,2026-05-16,10:54:00,No,Amazon,instagram
Large,2026-05-16,11:57:00,Yes,Target,google
Large,2026-05-16,12:00:00,No,Walmart,email
Large,2026-05-16,13:03:00,Yes,PetSmart,facebook
Large,2026-05-16,14:06:00,No,Chewy,instagram
Large,2026-05-16,15:09:00,Yes,Amazon,google
Large,2026-05-16,16:12:00,No,Target,email
Large,2026-05-16,17:15:00,Yes,Walmart,facebook
Large,2026-05-16,18:18:00,No,PetSmart,instagram
Large,2026-05-16,19:21:00,Yes,Chewy,google
Large,2026-05-16,08:24:00,No,Amazon,email
Large,2026-05-16,09:27:00,Yes,Target,facebook
Large,2026-05-16,10:30:00,No,Walmart,instagram
Large,2026-05-16,11:33:00,Yes,PetSmart,google
Large,2026-05-16,12:36:00,No,Chewy,email
TEENIE,2026-05-17,08:00:00,Yes,PetSmart,facebook
TEENIE,2026-05-17,09:03:00,No,Chewy,instagram
TEENIE,2026-05-17,10:06:00,Yes,Amazon,google
TEENIE,2026-05-17,11:09:00,No,Target,email
TEENIE,2026-05-17,12:12:00,Yes,Walmart,facebook
TEENIE,2026-05-17,13:15:00,No,PetSmart,instagram
TEENIE,2026-05-17,14:18:00,Yes,Chewy,google
TEENIE,2026-05-17,15:21:00,No,Amazon,email
TEENIE,2026-05-17,16:24:00,Yes,Target,facebook
TEENIE,2026-05-17,17:27:00,No,Walmart,instagram
TEENIE,2026-05-17,18:30:00,Yes,PetSmart,google
TEENIE,2026-05-17,19:33:00,No,Chewy,email
TEENIE,2026-05-17,08:36:00,Yes,Amazon,facebook
TEENIE,2026-05-17,09:39:00,No,Target,instagram
TEENIE,2026-05-17,10:42:00,Yes,Walmart,google
TEENIE,2026-05-17,11:45:00,No,PetSmart,email
TEENIE,2026-05-17,12:48:00,Yes,Chewy,facebook
TEENIE,2026-05-17,13:51:00,No,Amazon,instagram
TEENIE,2026-05-17,14:54:00,Yes,Target,google
TEENIE,2026-05-17,15:57:00,No,Walmart,email
TEENIE,2026-05-17,16:00:00,Yes,PetSmart,facebook
TEENIE,2026-05-17,17:03:00,No,Chewy,instagram
TEENIE,2026-05-17,18:06:00,Yes,Amazon,google
TEENIE,2026-05-17,19:09:00,No,Target,email
TEENIE,2026-05-17,08:12:00,Yes,Walmart,facebook
TEENIE,2026-05-17,09:15:00,No,PetSmart,instagram
TEENIE,2026-05-17,10:18:00,Yes,Chewy,google
TEENIE,2026-05-17,11:21:00,No,Amazon,email
TEENIE,2026-05-17,12:24:00,Yes,Target,facebook
TEENIE,2026-05-17,13:27:00,No,Walmart,instagram
TEENIE,2026-05-17,14:30:00,Yes,PetSmart,google
TEENIE,2026-05-17,15:33:00,No,Chewy,email
TEENIE,2026-05-17,16:36:00,Yes,Amazon,facebook
TEENIE,2026-05-17,17:39:00,No,Target,instagram
TEENIE,2026-05-17,18:42:00,Yes,Walmart,google
TEENIE,2026-05-17,19:45:00,No,PetSmart,email
TEENIE,2026-05-17,08:48:00,Yes,Chewy,facebook
TEENIE,2026-05-17,09:51:00,No,Amazon,instagram
TEENIE,2026-05-17,10:54:00,Yes,Target,google
TEENIE,2026-05-17,11:57:00,No,Walmart,email
TEENIE,2026-05-17,12:00:00,Yes,PetSmart,facebook
TEENIE,2026-05-17,13:03:00,No,Chewy,instagram
TEENIE,2026-05-17,14:06:00,Yes,Amazon,google
TEENIE,2026-05-17,15:09:00,No,Target,email
TEENIE,2026-05-17,16:12:00,Yes,Walmart,facebook
TEENIE,2026-05-17,17:15:00,No,PetSmart,instagram
TEENIE,2026-05-17,18:18:00,Yes,Chewy,google
TEENIE,2026-05-17,19:21:00,No,Amazon,email
TEENIE,2026-05-17,08:24:00,Yes,Target,facebook
TEENIE,2026-05-17,09:27:00,No,Walmart,instagram
TEENIE,2026-05-17,10:30:00,Yes,PetSmart,google
TEENIE,2026-05-17,11:33:00,No,Chewy,email
TEENIE,2026-05-17,12:36:00,Yes,Amazon,facebook
TEENIE,2026-05-17,13:39:00,No,Target,instagram
TEENIE,2026-05-17,14:42:00,Yes,Walmart,google
TEENIE,2026-05-17,15:45:00,No,PetSmart,email
TEENIE,2026-05-17,16:48:00,Yes,Chewy,facebook
TEENIE,2026-05-17,17:51:00,No,Amazon,instagram
TEENIE,2026-05-17,18:54:00,Yes,Target,google
TEENIE,2026-05-17,19:57:00,No,Walmart,email
TEENIE,2026-05-17,08:00:00,Yes,PetSmart,facebook
TEENIE,2026-05-17,09:03:00,No,Chewy,instagram
TEENIE,2026-05-17,10:06:00,Yes,Amazon,google
TEENIE,2026-05-17,11:09:00,No,Target,email
TEENIE,2026-05-17,12:12:00,Yes,Walmart,facebook
TEENIE,2026-05-17,13:15:00,No,PetSmart,instagram
TEENIE,2026-05-17,14:18:00,Yes,Chewy,google
TEENIE,2026-05-17,15:21:00,No,Amazon,email
TEENIE,2026-05-17,16:24:00,Yes,Target,facebook
TEENIE,2026-05-17,17:27:00,No,Walmart,instagram
TEENIE,2026-05-17,18:30:00,Yes,PetSmart,google
TEENIE,2026-05-17,19:33:00,No,Chewy,email
TEENIE,2026-05-17,08:36:00,Yes,Amazon,facebook
TEENIE,2026-05-17,09:39:00,No,Target,instagram
TEENIE,2026-05-17,10:42:00,Yes,Walmart,google
TEENIE,2026-05-17,11:45:00,No,PetSmart,email
TEENIE,2026-05-17,12:48:00,Yes,Chewy,facebook
TEENIE,2026-05-17,13:51:00,No,Amazon,instagram
TEENIE,2026-05-17,14:54:00,Yes,Target,google
TEENIE,2026-05-17,15:57:00,No,Walmart,email
TEENIE,2026-05-17,16:00:00,Yes,PetSmart,facebook
TEENIE,2026-05-17,17:03:00,No,Chewy,instagram
TEENIE,2026-05-17,18:06:00,Yes,Amazon,google
TEENIE,2026-05-17,19:09:00,No,Target,email
TEENIE,2026-05-17,08:12:00,Yes,Walmart,facebook
TEENIE,2026-05-17,09:15:00,No,PetSmart,instagram
TEENIE,2026-05-17,10:18:00,Yes,Chewy,google
TEENIE,2026-05-17,11:21:00,No,Amazon,email
TEENIE,2026-05-17,12:24:00,Yes,Target,facebook
TEENIE,2026-05-17,13:27:00,No,Walmart,instagram
TEENIE,2026-05-17,14:30:00,Yes,PetSmart,google
TEENIE,2026-05-17,15:33:00,No,Chewy,email
TEENIE,2026-05-17,16:36:00,Yes,Amazon,facebook
TEENIE,2026-05-17,17:39:00,No,Target,instagram
TEENIE,2026-05-17,18:42:00,Yes,Walmart,google
TEENIE,2026-05-17,19:45:00,No,PetSmart,email
TEENIE,2026-05-17,08:48:00,Yes,Chewy,facebook
TEENIE,2026-05-17,09:51:00,No,Amazon,instagram
TEENIE,2026-05-17,10:54:00,Yes,Target,google
TEENIE,2026-05-17,11:57:00,No,Walmart,email
TEENIE,2026-05-17,12:00:00,Yes,PetSmart,facebook
TEENIE,2026-05-17,13:03:00,No,Chewy,instagram
TEENIE,2026-05-17,14:06:00,Yes,Amazon,google
TEENIE,2026-05-17,15:09:00,No,Target,email
TEENIE,2026-05-17,16:12:00,Yes,Walmart,facebook
TEENIE,2026-05-17,17:15:00,No,PetSmart,instagram
TEENIE,2026-05-17,18:18:00,Yes,Chewy,google
TEENIE,2026-05-17,19:21:00,No,Amazon,email
TEENIE,2026-05-17,08:24:00,Yes,Target,facebook
TEENIE,2026-05-17,09:27:00,No,Walmart,instagram
TEENIE,2026-05-17,10:30:00,Yes,PetSmart,google
TEENIE,2026-05-17,11:33:00,No,Chewy,email
TEENIE,2026-05-17,12:36:00,Yes,Amazon,facebook
TEENIE,2026-05-17,13:39:00,No,Target,instagram
TEENIE,2026-05-17,14:42:00,Yes,Walmart,google
TEENIE,2026-05-17,15:45:00,No,PetSmart,email
TEENIE,2026-05-17,16:48:00,Yes,Chewy,facebook
TEENIE,2026-05-17,17:51:00,No,Amazon,instagram
TEENIE,2026-05-17,18:54:00,Yes,Target,google
TEENIE,2026-05-17,19:57:00,No,Walmart,email
Petite,2026-05-17,08:00:00,Yes,PetSmart,facebook
Petite,2026-05-17,09:03:00,No,Chewy,instagram
Petite,2026-05-17,10:06:00,Yes,Amazon,google
Petite,2026-05-17,11:09:00,No,Target,email
Petite,2026-05-17,12:12:00,Yes,Walmart,facebook
Petite,2026-05-17,13:15:00,No,PetSmart,instagram
Petite,2026-05-17,14:18:00,Yes,Chewy,google
Petite,2026-05-17,15:21:00,No,Amazon,email
Petite,2026-05-17,16:24:00,Yes,Target,facebook
Petite,2026-05-17,17:27:00,No,Walmart,instagram
Petite,2026-05-17,18:30:00,Yes,PetSmart,google
Petite,2026-05-17,19:33:00,No,Chewy,email
Petite,2026-05-17,08:36:00,Yes,Amazon,facebook
Petite,2026-05-17,09:39:00,No,Target,instagram
Petite,2026-05-17,10:42:00,Yes,Walmart,google
Petite,2026-05-17,11:45:00,No,PetSmart,email
Petite,2026-05-17,12:48:00,Yes,Chewy,facebook
Petite,2026-05-17,13:51:00,No,Amazon,instagram
Petite,2026-05-17,14:54:00,Yes,Target,google
Petite,2026-05-17,15:57:00,No,Walmart,email
Petite,2026-05-17,16:00:00,Yes,PetSmart,facebook
Petite,2026-05-17,17:03:00,No,Chewy,instagram
Petite,2026-05-17,18:06:00,Yes,Amazon,google
Petite,2026-05-17,19:09:00,No,Target,email
Petite,2026-05-17,08:12:00,Yes,Walmart,facebook
Petite,2026-05-17,09:15:00,No,PetSmart,instagram
Petite,2026-05-17,10:18:00,Yes,Chewy,google
Petite,2026-05-17,11:21:00,No,Amazon,email
Petite,2026-05-17,12:24:00,Yes,Target,facebook
Petite,2026-05-17,13:27:00,No,Walmart,instagram
Petite,2026-05-17,14:30:00,Yes,PetSmart,google
Petite,2026-05-17,15:33:00,No,Chewy,email
Petite,2026-05-17,16:36:00,Yes,Amazon,facebook
Petite,2026-05-17,17:39:00,No,Target,instagram
Petite,2026-05-17,18:42:00,Yes,Walmart,google
Petite,2026-05-17,19:45:00,No,PetSmart,email
Petite,2026-05-17,08:48:00,Yes,Chewy,facebook
Petite,2026-05-17,09:51:00,No,Amazon,instagram
Petite,2026-05-17,10:54:00,Yes,Target,google
Petite,2026-05-17,11:57:00,No,Walmart,email
Petite,2026-05-17,12:00:00,Yes,PetSmart,facebook
Petite,2026-05-17,13:03:00,No,Chewy,instagram
Petite,2026-05-17,14:06:00,Yes,Amazon,google
Petite,2026-05-17,15:09:00,No,Target,email
Petite,2026-05-17,16:12:00,Yes,Walmart,facebook
Petite,2026-05-17,17:15:00,No,PetSmart,instagram
Petite,2026-05-17,18:18:00,Yes,Chewy,google
Petite,2026-05-17,19:21:00,No,Amazon,email
Petite,2026-05-17,08:24:00,Yes,Target,facebook
Petite,2026-05-17,09:27:00,No,Walmart,instagram
Petite,2026-05-17,10:30:00,Yes,PetSmart,google
Petite,2026-05-17,11:33:00,No,Chewy,email
Petite,2026-05-17,12:36:00,Yes,Amazon,facebook
Petite,2026-05-17,13:39:00,No,Target,instagram
Petite,2026-05-17,14:42:00,Yes,Walmart,google
Petite,2026-05-17,15:45:00,No,PetSmart,email
Petite,2026-05-17,16:48:00,Yes,Chewy,facebook
Petite,2026-05-17,17:51:00,No,Amazon,instagram
Petite,2026-05-17,18:54:00,Yes,Target,google
Petite,2026-05-17,19:57:00,No,Walmart,email
Petite,2026-05-17,08:00:00,Yes,PetSmart,facebook
Petite,2026-05-17,09:03:00,No,Chewy,instagram
Petite,2026-05-17,10:06:00,Yes,Amazon,google
Petite,2026-05-17,11:09:00,No,Target,email
Petite,2026-05-17,12:12:00,Yes,Walmart,facebook
Petite,2026-05-17,13:15:00,No,PetSmart,instagram
Petite,2026-05-17,14:18:00,Yes,Chewy,google
Petite,2026-05-17,15:21:00,No,Amazon,email
Petite,2026-05-17,16:24:00,Yes,Target,facebook
Petite,2026-05-17,17:27:00,No,Walmart,instagram
Petite,2026-05-17,18:30:00,Yes,PetSmart,google
Petite,2026-05-17,19:33:00,No,Chewy,email
Petite,2026-05-17,08:36:00,Yes,Amazon,facebook
Petite,2026-05-17,09:39:00,No,Target,instagram
Petite,2026-05-17,10:42:00,Yes,Walmart,google
Petite,2026-05-17,11:45:00,No,PetSmart,email
Petite,2026-05-17,12:48:00,Yes,Chewy,facebook
Petite,2026-05-17,13:51:00,No,Amazon,instagram
Petite,2026-05-17,14:54:00,Yes,Target,google
Petite,2026-05-17,15:57:00,No,Walmart,email
Petite,2026-05-17,16:00:00,Yes,PetSmart,facebook
Petite,2026-05-17,17:03:00,No,Chewy,instagram
Petite,2026-05-17,18:06:00,Yes,Amazon,google
Petite,2026-05-17,19:09:00,No,Target,email
Petite,2026-05-17,08:12:00,Yes,Walmart,facebook
Petite,2026-05-17,09:15:00,No,PetSmart,instagram
Petite,2026-05-17,10:18:00,Yes,Chewy,google
Petite,2026-05-17,11:21:00,No,Amazon,email
Petite,2026-05-17,12:24:00,Yes,Target,facebook
Petite,2026-05-17,13:27:00,No,Walmart,instagram
Regular,2026-05-17,08:00:00,Yes,PetSmart,facebook
Regular,2026-05-17,09:03:00,No,Chewy,instagram
Regular,2026-05-17,10:06:00,Yes,Amazon,google
Regular,2026-05-17,11:09:00,No,Target,email
Regular,2026-05-17,12:12:00,Yes,Walmart,facebook
Regular,2026-05-17,13:15:00,No,PetSmart,instagram
Regular,2026-05-17,14:18:00,Yes,Chewy,google
Regular,2026-05-17,15:21:00,No,Amazon,email
Regular,2026-05-17,16:24:00,Yes,Target,facebook
Regular,2026-05-17,17:27:00,No,Walmart,instagram
Regular,2026-05-17,18:30:00,Yes,PetSmart,google
Regular,2026-05-17,19:33:00,No,Chewy,email
Regular,2026-05-17,08:36:00,Yes,Amazon,facebook
Regular,2026-05-17,09:39:00,No,Target,instagram
Regular,2026-05-17,10:42:00,Yes,Walmart,google
Regular,2026-05-17,11:45:00,No,PetSmart,email
Regular,2026-05-17,12:48:00,Yes,Chewy,facebook
Regular,2026-05-17,13:51:00,No,Amazon,instagram
Regular,2026-05-17,14:54:00,Yes,Target,google
Regular,2026-05-17,15:57:00,No,Walmart,email
Regular,2026-05-17,16:00:00,Yes,PetSmart,facebook
Regular,2026-05-17,17:03:00,No,Chewy,instagram
Regular,2026-05-17,18:06:00,Yes,Amazon,google
Regular,2026-05-17,19:09:00,No,Target,email
Regular,2026-05-17,08:12:00,Yes,Walmart,facebook
Regular,2026-05-17,09:15:00,No,PetSmart,instagram
Regular,2026-05-17,10:18:00,Yes,Chewy,google
Regular,2026-05-17,11:21:00,No,Amazon,email
Regular,2026-05-17,12:24:00,Yes,Target,facebook
Regular,2026-05-17,13:27:00,No,Walmart,instagram
Regular,2026-05-17,14:30:00,Yes,PetSmart,google
Regular,2026-05-17,15:33:00,No,Chewy,email
Regular,2026-05-17,16:36:00,Yes,Amazon,facebook
Regular,2026-05-17,17:39:00,No,Target,instagram
Regular,2026-05-17,18:42:00,Yes,Walmart,google
Regular,2026-05-17,19:45:00,No,PetSmart,email
Regular,2026-05-17,08:48:00,Yes,Chewy,facebook
Regular,2026-05-17,09:51:00,No,Amazon,instagram
Regular,2026-05-17,10:54:00,Yes,Target,google
Regular,2026-05-17,11:57:00,No,Walmart,email
Regular,2026-05-17,12:00:00,Yes,PetSmart,facebook
Regular,2026-05-17,13:03:00,No,Chewy,instagram
Regular,2026-05-17,14:06:00,Yes,Amazon,google
Regular,2026-05-17,15:09:00,No,Target,email
Regular,2026-05-17,16:12:00,Yes,Walmart,facebook
Regular,2026-05-17,17:15:00,No,PetSmart,instagram
Regular,2026-05-17,18:18:00,Yes,Chewy,google
Regular,2026-05-17,19:21:00,No,Amazon,email
Regular,2026-05-17,08:24:00,Yes,Target,facebook
Regular,2026-05-17,09:27:00,No,Walmart,instagram
Regular,2026-05-17,10:30:00,Yes,PetSmart,google
Regular,2026-05-17,11:33:00,No,Chewy,email
Regular,2026-05-17,12:36:00,Yes,Amazon,facebook
Regular,2026-05-17,13:39:00,No,Target,instagram
Regular,2026-05-17,14:42:00,Yes,Walmart,google
Regular,2026-05-17,15:45:00,No,PetSmart,email
Regular,2026-05-17,16:48:00,Yes,Chewy,facebook
Regular,2026-05-17,17:51:00,No,Amazon,instagram
Regular,2026-05-17,18:54:00,Yes,Target,google
Regular,2026-05-17,19:57:00,No,Walmart,email
Regular,2026-05-17,08:00:00,Yes,PetSmart,facebook
Regular,2026-05-17,09:03:00,No,Chewy,instagram
Regular,2026-05-17,10:06:00,Yes,Amazon,google
Regular,2026-05-17,11:09:00,No,Target,email
Regular,2026-05-17,12:12:00,Yes,Walmart,facebook
Regular,2026-05-17,13:15:00,No,PetSmart,instagram
Regular,2026-05-17,14:18:00,Yes,Chewy,google
Regular,2026-05-17,15:21:00,No,Amazon,email
Regular,2026-05-17,16:24:00,Yes,Target,facebook
Regular,2026-05-17,17:27:00,No,Walmart,instagram
Regular,2026-05-17,18:30:00,Yes,PetSmart,google
Regular,2026-05-17,19:33:00,No,Chewy,email
Regular,2026-05-17,08:36:00,Yes,Amazon,facebook
Regular,2026-05-17,09:39:00,No,Target,instagram
Regular,2026-05-17,10:42:00,Yes,Walmart,google
Regular,2026-05-17,11:45:00,No,PetSmart,email
Regular,2026-05-17,12:48:00,Yes,Chewy,facebook
Regular,2026-05-17,13:51:00,No,Amazon,instagram
Regular,2026-05-17,14:54:00,Yes,Target,google
Regular,2026-05-17,15:57:00,No,Walmart,email
Regular,2026-05-17,16:00:00,Yes,PetSmart,facebook
Regular,2026-05-17,17:03:00,No,Chewy,instagram
Regular,2026-05-17,18:06:00,Yes,Amazon,google
Regular,2026-05-17,19:09:00,No,Target,email
Regular,2026-05-17,08:12:00,Yes,Walmart,facebook
Regular,2026-05-17,09:15:00,No,PetSmart,instagram
Regular,2026-05-17,10:18:00,Yes,Chewy,google
Regular,2026-05-17,11:21:00,No,Amazon,email
Regular,2026-05-17,12:24:00,Yes,Target,facebook
Regular,2026-05-17,13:27:00,No,Walmart,instagram
Regular,2026-05-17,14:30:00,Yes,PetSmart,google
Regular,2026-05-17,15:33:00,No,Chewy,email
Regular,2026-05-17,16:36:00,Yes,Amazon,facebook
Regular,2026-05-17,17:39:00,No,Target,instagram
Regular,2026-05-17,18:42:00,Yes,Walmart,google
Regular,2026-05-17,19:45:00,No,PetSmart,email
Regular,2026-05-17,08:48:00,Yes,Chewy,facebook
Regular,2026-05-17,09:51:00,No,Amazon,instagram
Regular,2026-05-17,10:54:00,Yes,Target,google
Regular,2026-05-17,11:57:00,No,Walmart,email
Regular,2026-05-17,12:00:00,Yes,PetSmart,facebook
Regular,2026-05-17,13:03:00,No,Chewy,instagram
Regular,2026-05-17,14:06:00,Yes,Amazon,google
Regular,2026-05-17,15:09:00,No,Target,email
Regular,2026-05-17,16:12:00,Yes,Walmart,facebook
Regular,2026-05-17,17:15:00,No,PetSmart,instagram
Regular,2026-05-17,18:18:00,Yes,Chewy,google
Regular,2026-05-17,19:21:00,No,Amazon,email
Regular,2026-05-17,08:24:00,Yes,Target,facebook
Regular,2026-05-17,09:27:00,No,Walmart,instagram
Regular,2026-05-17,10:30:00,Yes,PetSmart,google
Regular,2026-05-17,11:33:00,No,Chewy,email
Regular,2026-05-17,12:36:00,Yes,Amazon,facebook
Regular,2026-05-17,13:39:00,No,Target,instagram
Regular,2026-05-17,14:42:00,Yes,Walmart,google
Regular,2026-05-17,15:45:00,No,PetSmart,email
Regular,2026-05-17,16:48:00,Yes,Chewy,facebook
Regular,2026-05-17,17:51:00,No,Amazon,instagram
Regular,2026-05-17,18:54:00,Yes,Target,google
Regular,2026-05-17,19:57:00,No,Walmart,email
Regular,2026-05-17,08:00:00,Yes,PetSmart,facebook
Regular,2026-05-17,09:03:00,No,Chewy,instagram
Regular,2026-05-17,10:06:00,Yes,Amazon,google
Regular,2026-05-17,11:09:00,No,Target,email
Regular,2026-05-17,12:12:00,Yes,Walmart,facebook
Regular,2026-05-17,13:15:00,No,PetSmart,instagram
Regular,2026-05-17,14:18:00,Yes,Chewy,google
Regular,2026-05-17,15:21:00,No,Amazon,email
Regular,2026-05-17,16:24:00,Yes,Target,facebook
Regular,2026-05-17,17:27:00,No,Walmart,instagram
Regular,2026-05-17,18:30:00,Yes,PetSmart,google
Regular,2026-05-17,19:33:00,No,Chewy,email
Regular,2026-05-17,08:36:00,Yes,Amazon,facebook
Regular,2026-05-17,09:39:00,No,Target,instagram
Regular,2026-05-17,10:42:00,Yes,Walmart,google
Regular,2026-05-17,11:45:00,No,PetSmart,email
Regular,2026-05-17,12:48:00,Yes,Chewy,facebook
Regular,2026-05-17,13:51:00,No,Amazon,instagram
Regular,2026-05-17,14:54:00,Yes,Target,google
Regular,2026-05-17,15:57:00,No,Walmart,email
Large,2026-05-17,08:00:00,Yes,PetSmart,facebook
Large,2026-05-17,09:03:00,No,Chewy,instagram
Large,2026-05-17,10:06:00,Yes,Amazon,google
Large,2026-05-17,11:09:00,No,Target,email
Large,2026-05-17,12:12:00,Yes,Walmart,facebook
Large,2026-05-17,13:15:00,No,PetSmart,instagram
Large,2026-05-17,14:18:00,Yes,Chewy,google
Large,2026-05-17,15:21:00,No,Amazon,email
Large,2026-05-17,16:24:00,Yes,Target,facebook
Large,2026-05-17,17:27:00,No,Walmart,instagram
Large,2026-05-17,18:30:00,Yes,PetSmart,google
Large,2026-05-17,19:33:00,No,Chewy,email
Large,2026-05-17,08:36:00,Yes,Amazon,facebook
Large,2026-05-17,09:39:00,No,Target,instagram
Large,2026-05-17,10:42:00,Yes,Walmart,google
Large,2026-05-17,11:45:00,No,PetSmart,email
Large,2026-05-17,12:48:00,Yes,Chewy,facebook
Large,2026-05-17,13:51:00,No,Amazon,instagram
Large,2026-05-17,14:54:00,Yes,Target,google
Large,2026-05-17,15:57:00,No,Walmart,email
Large,2026-05-17,16:00:00,Yes,PetSmart,facebook
Large,2026-05-17,17:03:00,No,Chewy,instagram
Large,2026-05-17,18:06:00,Yes,Amazon,google
Large,2026-05-17,19:09:00,No,Target,email
Large,2026-05-17,08:12:00,Yes,Walmart,facebook
Large,2026-05-17,09:15:00,No,PetSmart,instagram
Large,2026-05-17,10:18:00,Yes,Chewy,google
Large,2026-05-17,11:21:00,No,Amazon,email
Large,2026-05-17,12:24:00,Yes,Target,facebook
Large,2026-05-17,13:27:00,No,Walmart,instagram
Large,2026-05-17,14:30:00,Yes,PetSmart,google
Large,2026-05-17,15:33:00,No,Chewy,email
Large,2026-05-17,16:36:00,Yes,Amazon,facebook
Large,2026-05-17,17:39:00,No,Target,instagram
Large,2026-05-17,18:42:00,Yes,Walmart,google
Large,2026-05-17,19:45:00,No,PetSmart,email
Large,2026-05-17,08:48:00,Yes,Chewy,facebook
Large,2026-05-17,09:51:00,No,Amazon,instagram
Large,2026-05-17,10:54:00,Yes,Target,google
Large,2026-05-17,11:57:00,No,Walmart,email
Large,2026-05-17,12:00:00,Yes,PetSmart,facebook
Large,2026-05-17,13:03:00,No,Chewy,instagram
Large,2026-05-17,14:06:00,Yes,Amazon,google
Large,2026-05-17,15:09:00,No,Target,email
Large,2026-05-17,16:12:00,Yes,Walmart,facebook
Large,2026-05-17,17:15:00,No,PetSmart,instagram
Large,2026-05-17,18:18:00,Yes,Chewy,google
Large,2026-05-17,19:21:00,No,Amazon,email
Large,2026-05-17,08:24:00,Yes,Target,facebook
Large,2026-05-17,09:27:00,No,Walmart,instagram
Large,2026-05-17,10:30:00,Yes,PetSmart,google
Large,2026-05-17,11:33:00,No,Chewy,email
Large,2026-05-17,12:36:00,Yes,Amazon,facebook
Large,2026-05-17,13:39:00,No,Target,instagram
Large,2026-05-17,14:42:00,Yes,Walmart,google
Large,2026-05-17,15:45:00,No,PetSmart,email
Large,2026-05-17,16:48:00,Yes,Chewy,facebook
Large,2026-05-17,17:51:00,No,Amazon,instagram
Large,2026-05-17,18:54:00,Yes,Target,google
Large,2026-05-17,19:57:00,No,Walmart,email
Large,2026-05-17,08:00:00,Yes,PetSmart,facebook
Large,2026-05-17,09:03:00,No,Chewy,instagram
Large,2026-05-17,10:06:00,Yes,Amazon,google
Large,2026-05-17,11:09:00,No,Target,email
Large,2026-05-17,12:12:00,Yes,Walmart,facebook
Large,2026-05-17,13:15:00,No,PetSmart,instagram
Large,2026-05-17,14:18:00,Yes,Chewy,google
Large,2026-05-17,15:21:00,No,Amazon,email
Large,2026-05-17,16:24:00,Yes,Target,facebook
Large,2026-05-17,17:27:00,No,Walmart,instagram
Large,2026-05-17,18:30:00,Yes,PetSmart,google
Large,2026-05-17,19:33:00,No,Chewy,email
Large,2026-05-17,08:36:00,Yes,Amazon,facebook
Large,2026-05-17,09:39:00,No,Target,instagram
Large,2026-05-17,10:42:00,Yes,Walmart,google
Large,2026-05-17,11:45:00,No,PetSmart,email
Large,2026-05-17,12:48:00,Yes,Chewy,facebook
Large,2026-05-17,13:51:00,No,Amazon,instagram
Large,2026-05-17,14:54:00,Yes,Target,google
Large,2026-05-17,15:57:00,No,Walmart,email
Large,2026-05-17,16:00:00,Yes,PetSmart,facebook
Large,2026-05-17,17:03:00,No,Chewy,instagram
Large,2026-05-17,18:06:00,Yes,Amazon,google
Large,2026-05-17,19:09:00,No,Target,email
Large,2026-05-17,08:12:00,Yes,Walmart,facebook
Large,2026-05-17,09:15:00,No,PetSmart,instagram
Large,2026-05-17,10:18:00,Yes,Chewy,google
Large,2026-05-17,11:21:00,No,Amazon,email
Large,2026-05-17,12:24:00,Yes,Target,facebook
Large,2026-05-17,13:27:00,No,Walmart,instagram
Large,2026-05-17,14:30:00,Yes,PetSmart,google
Large,2026-05-17,15:33:00,No,Chewy,email
Large,2026-05-17,16:36:00,Yes,Amazon,facebook
Large,2026-05-17,17:39:00,No,Target,instagram
Large,2026-05-17,18:42:00,Yes,Walmart,google
Large,2026-05-17,19:45:00,No,PetSmart,email
Large,2026-05-17,08:48:00,Yes,Chewy,facebook
Large,2026-05-17,09:51:00,No,Amazon,instagram
Large,2026-05-17,10:54:00,Yes,Target,google
Large,2026-05-17,11:57:00,No,Walmart,email
Large,2026-05-17,12:00:00,Yes,PetSmart,facebook
Large,2026-05-17,13:03:00,No,Chewy,instagram
Large,2026-05-17,14:06:00,Yes,Amazon,google
Large,2026-05-17,15:09:00,No,Target,email
Large,2026-05-17,16:12:00,Yes,Walmart,facebook
Large,2026-05-17,17:15:00,No,PetSmart,instagram
Large,2026-05-17,18:18:00,Yes,Chewy,google
Large,2026-05-17,19:21:00,No,Amazon,email
Large,2026-05-17,08:24:00,Yes,Target,facebook
Large,2026-05-17,09:27:00,No,Walmart,instagram
Large,2026-05-17,10:30:00,Yes,PetSmart,google
Large,2026-05-17,11:33:00,No,Chewy,email
Large,2026-05-17,12:36:00,Yes,Amazon,facebook
Large,2026-05-17,13:39:00,No,Target,instagram
Large,2026-05-17,14:42:00,Yes,Walmart,google
Large,2026-05-17,15:45:00,No,PetSmart,email
Large,2026-05-17,16:48:00,Yes,Chewy,facebook
Large,2026-05-17,17:51:00,No,Amazon,instagram
Large,2026-05-17,18:54:00,Yes,Target,google
Large,2026-05-17,19:57:00,No,Walmart,email
Large,2026-05-17,08:00:00,Yes,PetSmart,facebook
Large,2026-05-17,09:03:00,No,Chewy,instagram
Large,2026-05-17,10:06:00,Yes,Amazon,google
Large,2026-05-17,11:09:00,No,Target,email
Large,2026-05-17,12:12:00,Yes,Walmart,facebook
Large,2026-05-17,13:15:00,No,PetSmart,instagram
Large,2026-05-17,14:18:00,Yes,Chewy,google
Large,2026-05-17,15:21:00,No,Amazon,email
Large,2026-05-17,16:24:00,Yes,Target,facebook
Large,2026-05-17,17:27:00,No,Walmart,instagram
Large,2026-05-17,18:30:00,Yes,PetSmart,google
Large,2026-05-17,19:33:00,No,Chewy,email
Large,2026-05-17,08:36:00,Yes,Amazon,facebook
Large,2026-05-17,09:39:00,No,Target,instagram
Large,2026-05-17,10:42:00,Yes,Walmart,google
Large,2026-05-17,11:45:00,No,PetSmart,email
Large,2026-05-17,12:48:00,Yes,Chewy,facebook
Large,2026-05-17,13:51:00,No,Amazon,instagram
Large,2026-05-17,14:54:00,Yes,Target,google
Large,2026-05-17,15:57:00,No,Walmart,email
Large,2026-05-17,16:00:00,Yes,PetSmart,facebook
Large,2026-05-17,17:03:00,No,Chewy,instagram
Large,2026-05-17,18:06:00,Yes,Amazon,google
Large,2026-05-17,19:09:00,No,Target,email
Large,2026-05-17,08:12:00,Yes,Walmart,facebook
Large,2026-05-17,09:15:00,No,PetSmart,instagram
Large,2026-05-17,10:18:00,Yes,Chewy,google
Large,2026-05-17,11:21:00,No,Amazon,email
Large,2026-05-17,12:24:00,Yes,Target,facebook
Large,2026-05-17,13:27:00,No,Walmart,instagram
Large,2026-05-17,14:30:00,Yes,PetSmart,google
Large,2026-05-17,15:33:00,No,Chewy,email
Large,2026-05-17,16:36:00,Yes,Amazon,facebook
Large,2026-05-17,17:39:00,No,Target,instagram
Large,2026-05-17,18:42:00,Yes,Walmart,google
Large,2026-05-17,19:45:00,No,PetSmart,email
Large,2026-05-17,08:48:00,Yes,Chewy,facebook
Large,2026-05-17,09:51:00,No,Amazon,instagram
Large,2026-05-17,10:54:00,Yes,Target,google
Large,2026-05-17,11:57:00,No,Walmart,email
Large,2026-05-17,12:00:00,Yes,PetSmart,facebook
Large,2026-05-17,13:03:00,No,Chewy,instagram
Large,2026-05-17,14:06:00,Yes,Amazon,google
Large,2026-05-17,15:09:00,No,Target,email
Large,2026-05-17,16:12:00,Yes,Walmart,facebook
Large,2026-05-17,17:15:00,No,PetSmart,instagram
Large,2026-05-17,18:18:00,Yes,Chewy,google
Large,2026-05-17,19:21:00,No,Amazon,email
Large,2026-05-17,08:24:00,Yes,Target,facebook
Large,2026-05-17,09:27:00,No,Walmart,instagram
Large,2026-05-17,10:30:00,Yes,PetSmart,google
Large,2026-05-17,11:33:00,No,Chewy,email
Large,2026-05-17,12:36:00,Yes,Amazon,facebook
Large,2026-05-17,13:39:00,No,Target,instagram
Large,2026-05-17,14:42:00,Yes,Walmart,google
Large,2026-05-17,15:45:00,No,PetSmart,email
Large,2026-05-17,16:48:00,Yes,Chewy,facebook
Large,2026-05-17,17:51:00,No,Amazon,instagram
Large,2026-05-17,18:54:00,Yes,Target,google
Large,2026-05-17,19:57:00,No,Walmart,email
TEENIE,2026-05-18,08:00:00,No,Chewy,instagram
TEENIE,2026-05-18,09:03:00,Yes,Amazon,google
TEENIE,2026-05-18,10:06:00,No,Target,email
TEENIE,2026-05-18,11:09:00,Yes,Walmart,facebook
TEENIE,2026-05-18,12:12:00,No,PetSmart,instagram
TEENIE,2026-05-18,13:15:00,Yes,Chewy,google
TEENIE,2026-05-18,14:18:00,No,Amazon,email
TEENIE,2026-05-18,15:21:00,Yes,Target,facebook
TEENIE,2026-05-18,16:24:00,No,Walmart,instagram
TEENIE,2026-05-18,17:27:00,Yes,PetSmart,google
TEENIE,2026-05-18,18:30:00,No,Chewy,email
TEENIE,2026-05-18,19:33:00,Yes,Amazon,facebook
TEENIE,2026-05-18,08:36:00,No,Target,instagram
TEENIE,2026-05-18,09:39:00,Yes,Walmart,google
TEENIE,2026-05-18,10:42:00,No,PetSmart,email
TEENIE,2026-05-18,11:45:00,Yes,Chewy,facebook
TEENIE,2026-05-18,12:48:00,No,Amazon,instagram
TEENIE,2026-05-18,13:51:00,Yes,Target,google
TEENIE,2026-05-18,14:54:00,No,Walmart,email
TEENIE,2026-05-18,15:57:00,Yes,PetSmart,facebook
TEENIE,2026-05-18,16:00:00,No,Chewy,instagram
TEENIE,2026-05-18,17:03:00,Yes,Amazon,google
TEENIE,2026-05-18,18:06:00,No,Target,email
TEENIE,2026-05-18,19:09:00,Yes,Walmart,facebook
TEENIE,2026-05-18,08:12:00,No,PetSmart,instagram
TEENIE,2026-05-18,09:15:00,Yes,Chewy,google
TEENIE,2026-05-18,10:18:00,No,Amazon,email
TEENIE,2026-05-18,11:21:00,Yes,Target,facebook
TEENIE,2026-05-18,12:24:00,No,Walmart,instagram
TEENIE,2026-05-18,13:27:00,Yes,PetSmart,google
TEENIE,2026-05-18,14:30:00,No,Chewy,email
TEENIE,2026-05-18,15:33:00,Yes,Amazon,facebook
TEENIE,2026-05-18,16:36:00,No,Target,instagram
TEENIE,2026-05-18,17:39:00,Yes,Walmart,google
TEENIE,2026-05-18,18:42:00,No,PetSmart,email
TEENIE,2026-05-18,19:45:00,Yes,Chewy,facebook
TEENIE,2026-05-18,08:48:00,No,Amazon,instagram
TEENIE,2026-05-18,09:51:00,Yes,Target,google
TEENIE,2026-05-18,10:54:00,No,Walmart,email
TEENIE,2026-05-18,11:57:00,Yes,PetSmart,facebook
TEENIE,2026-05-18,12:00:00,No,Chewy,instagram
TEENIE,2026-05-18,13:03:00,Yes,Amazon,google
TEENIE,2026-05-18,14:06:00,No,Target,email
TEENIE,2026-05-18,15:09:00,Yes,Walmart,facebook
TEENIE,2026-05-18,16:12:00,No,PetSmart,instagram
TEENIE,2026-05-18,17:15:00,Yes,Chewy,google
TEENIE,2026-05-18,18:18:00,No,Amazon,email
TEENIE,2026-05-18,19:21:00,Yes,Target,facebook
TEENIE,2026-05-18,08:24:00,No,Walmart,instagram
TEENIE,2026-05-18,09:27:00,Yes,PetSmart,google
TEENIE,2026-05-18,10:30:00,No,Chewy,email
TEENIE,2026-05-18,11:33:00,Yes,Amazon,facebook
TEENIE,2026-05-18,12:36:00,No,Target,instagram
TEENIE,2026-05-18,13:39:00,Yes,Walmart,google
TEENIE,2026-05-18,14:42:00,No,PetSmart,email
TEENIE,2026-05-18,15:45:00,Yes,Chewy,facebook
TEENIE,2026-05-18,16:48:00,No,Amazon,instagram
TEENIE,2026-05-18,17:51:00,Yes,Target,google
TEENIE,2026-05-18,18:54:00,No,Walmart,email
TEENIE,2026-05-18,19:57:00,Yes,PetSmart,facebook
TEENIE,2026-05-18,08:00:00,No,Chewy,instagram
TEENIE,2026-05-18,09:03:00,Yes,Amazon,google
TEENIE,2026-05-18,10:06:00,No,Target,email
TEENIE,2026-05-18,11:09:00,Yes,Walmart,facebook
TEENIE,2026-05-18,12:12:00,No,PetSmart,instagram
TEENIE,2026-05-18,13:15:00,Yes,Chewy,google
TEENIE,2026-05-18,14:18:00,No,Amazon,email
TEENIE,2026-05-18,15:21:00,Yes,Target,facebook
TEENIE,2026-05-18,16:24:00,No,Walmart,instagram
TEENIE,2026-05-18,17:27:00,Yes,PetSmart,google
TEENIE,2026-05-18,18:30:00,No,Chewy,email
TEENIE,2026-05-18,19:33:00,Yes,Amazon,facebook
TEENIE,2026-05-18,08:36:00,No,Target,instagram
TEENIE,2026-05-18,09:39:00,Yes,Walmart,google
TEENIE,2026-05-18,10:42:00,No,PetSmart,email
TEENIE,2026-05-18,11:45:00,Yes,Chewy,facebook
TEENIE,2026-05-18,12:48:00,No,Amazon,instagram
TEENIE,2026-05-18,13:51:00,Yes,Target,google
TEENIE,2026-05-18,14:54:00,No,Walmart,email
TEENIE,2026-05-18,15:57:00,Yes,PetSmart,facebook
TEENIE,2026-05-18,16:00:00,No,Chewy,instagram
TEENIE,2026-05-18,17:03:00,Yes,Amazon,google
TEENIE,2026-05-18,18:06:00,No,Target,email
TEENIE,2026-05-18,19:09:00,Yes,Walmart,facebook
TEENIE,2026-05-18,08:12:00,No,PetSmart,instagram
TEENIE,2026-05-18,09:15:00,Yes,Chewy,google
TEENIE,2026-05-18,10:18:00,No,Amazon,email
TEENIE,2026-05-18,11:21:00,Yes,Target,facebook
TEENIE,2026-05-18,12:24:00,No,Walmart,instagram
TEENIE,2026-05-18,13:27:00,Yes,PetSmart,google
TEENIE,2026-05-18,14:30:00,No,Chewy,email
TEENIE,2026-05-18,15:33:00,Yes,Amazon,facebook
TEENIE,2026-05-18,16:36:00,No,Target,instagram
TEENIE,2026-05-18,17:39:00,Yes,Walmart,google
TEENIE,2026-05-18,18:42:00,No,PetSmart,email
TEENIE,2026-05-18,19:45:00,Yes,Chewy,facebook
TEENIE,2026-05-18,08:48:00,No,Amazon,instagram
TEENIE,2026-05-18,09:51:00,Yes,Target,google
TEENIE,2026-05-18,10:54:00,No,Walmart,email
TEENIE,2026-05-18,11:57:00,Yes,PetSmart,facebook
TEENIE,2026-05-18,12:00:00,No,Chewy,instagram
TEENIE,2026-05-18,13:03:00,Yes,Amazon,google
TEENIE,2026-05-18,14:06:00,No,Target,email
TEENIE,2026-05-18,15:09:00,Yes,Walmart,facebook
TEENIE,2026-05-18,16:12:00,No,PetSmart,instagram
TEENIE,2026-05-18,17:15:00,Yes,Chewy,google
TEENIE,2026-05-18,18:18:00,No,Amazon,email
TEENIE,2026-05-18,19:21:00,Yes,Target,facebook
TEENIE,2026-05-18,08:24:00,No,Walmart,instagram
TEENIE,2026-05-18,09:27:00,Yes,PetSmart,google
TEENIE,2026-05-18,10:30:00,No,Chewy,email
TEENIE,2026-05-18,11:33:00,Yes,Amazon,facebook
TEENIE,2026-05-18,12:36:00,No,Target,instagram
TEENIE,2026-05-18,13:39:00,Yes,Walmart,google
TEENIE,2026-05-18,14:42:00,No,PetSmart,email
TEENIE,2026-05-18,15:45:00,Yes,Chewy,facebook
TEENIE,2026-05-18,16:48:00,No,Amazon,instagram
TEENIE,2026-05-18,17:51:00,Yes,Target,google
TEENIE,2026-05-18,18:54:00,No,Walmart,email
TEENIE,2026-05-18,19:57:00,Yes,PetSmart,facebook
TEENIE,2026-05-18,08:00:00,No,Chewy,instagram
TEENIE,2026-05-18,09:03:00,Yes,Amazon,google
TEENIE,2026-05-18,10:06:00,No,Target,email
TEENIE,2026-05-18,11:09:00,Yes,Walmart,facebook
TEENIE,2026-05-18,12:12:00,No,PetSmart,instagram
TEENIE,2026-05-18,13:15:00,Yes,Chewy,google
TEENIE,2026-05-18,14:18:00,No,Amazon,email
Petite,2026-05-18,08:00:00,No,Chewy,instagram
Petite,2026-05-18,09:03:00,Yes,Amazon,google
Petite,2026-05-18,10:06:00,No,Target,email
Petite,2026-05-18,11:09:00,Yes,Walmart,facebook
Petite,2026-05-18,12:12:00,No,PetSmart,instagram
Petite,2026-05-18,13:15:00,Yes,Chewy,google
Petite,2026-05-18,14:18:00,No,Amazon,email
Petite,2026-05-18,15:21:00,Yes,Target,facebook
Petite,2026-05-18,16:24:00,No,Walmart,instagram
Petite,2026-05-18,17:27:00,Yes,PetSmart,google
Petite,2026-05-18,18:30:00,No,Chewy,email
Petite,2026-05-18,19:33:00,Yes,Amazon,facebook
Petite,2026-05-18,08:36:00,No,Target,instagram
Petite,2026-05-18,09:39:00,Yes,Walmart,google
Petite,2026-05-18,10:42:00,No,PetSmart,email
Petite,2026-05-18,11:45:00,Yes,Chewy,facebook
Petite,2026-05-18,12:48:00,No,Amazon,instagram
Petite,2026-05-18,13:51:00,Yes,Target,google
Petite,2026-05-18,14:54:00,No,Walmart,email
Petite,2026-05-18,15:57:00,Yes,PetSmart,facebook
Petite,2026-05-18,16:00:00,No,Chewy,instagram
Petite,2026-05-18,17:03:00,Yes,Amazon,google
Petite,2026-05-18,18:06:00,No,Target,email
Petite,2026-05-18,19:09:00,Yes,Walmart,facebook
Petite,2026-05-18,08:12:00,No,PetSmart,instagram
Petite,2026-05-18,09:15:00,Yes,Chewy,google
Petite,2026-05-18,10:18:00,No,Amazon,email
Petite,2026-05-18,11:21:00,Yes,Target,facebook
Petite,2026-05-18,12:24:00,No,Walmart,instagram
Petite,2026-05-18,13:27:00,Yes,PetSmart,google
Petite,2026-05-18,14:30:00,No,Chewy,email
Petite,2026-05-18,15:33:00,Yes,Amazon,facebook
Petite,2026-05-18,16:36:00,No,Target,instagram
Petite,2026-05-18,17:39:00,Yes,Walmart,google
Petite,2026-05-18,18:42:00,No,PetSmart,email
Petite,2026-05-18,19:45:00,Yes,Chewy,facebook
Petite,2026-05-18,08:48:00,No,Amazon,instagram
Petite,2026-05-18,09:51:00,Yes,Target,google
Petite,2026-05-18,10:54:00,No,Walmart,email
Petite,2026-05-18,11:57:00,Yes,PetSmart,facebook
Petite,2026-05-18,12:00:00,No,Chewy,instagram
Petite,2026-05-18,13:03:00,Yes,Amazon,google
Petite,2026-05-18,14:06:00,No,Target,email
Petite,2026-05-18,15:09:00,Yes,Walmart,facebook
Petite,2026-05-18,16:12:00,No,PetSmart,instagram
Petite,2026-05-18,17:15:00,Yes,Chewy,google
Petite,2026-05-18,18:18:00,No,Amazon,email
Petite,2026-05-18,19:21:00,Yes,Target,facebook
Petite,2026-05-18,08:24:00,No,Walmart,instagram
Petite,2026-05-18,09:27:00,Yes,PetSmart,google
Petite,2026-05-18,10:30:00,No,Chewy,email
Petite,2026-05-18,11:33:00,Yes,Amazon,facebook
Petite,2026-05-18,12:36:00,No,Target,instagram
Petite,2026-05-18,13:39:00,Yes,Walmart,google
Petite,2026-05-18,14:42:00,No,PetSmart,email
Petite,2026-05-18,15:45:00,Yes,Chewy,facebook
Petite,2026-05-18,16:48:00,No,Amazon,instagram
Petite,2026-05-18,17:51:00,Yes,Target,google
Petite,2026-05-18,18:54:00,No,Walmart,email
Petite,2026-05-18,19:57:00,Yes,PetSmart,facebook
Petite,2026-05-18,08:00:00,No,Chewy,instagram
Petite,2026-05-18,09:03:00,Yes,Amazon,google
Petite,2026-05-18,10:06:00,No,Target,email
Petite,2026-05-18,11:09:00,Yes,Walmart,facebook
Petite,2026-05-18,12:12:00,No,PetSmart,instagram
Petite,2026-05-18,13:15:00,Yes,Chewy,google
Petite,2026-05-18,14:18:00,No,Amazon,email
Petite,2026-05-18,15:21:00,Yes,Target,facebook
Petite,2026-05-18,16:24:00,No,Walmart,instagram
Petite,2026-05-18,17:27:00,Yes,PetSmart,google
Petite,2026-05-18,18:30:00,No,Chewy,email
Petite,2026-05-18,19:33:00,Yes,Amazon,facebook
Petite,2026-05-18,08:36:00,No,Target,instagram
Petite,2026-05-18,09:39:00,Yes,Walmart,google
Petite,2026-05-18,10:42:00,No,PetSmart,email
Petite,2026-05-18,11:45:00,Yes,Chewy,facebook
Petite,2026-05-18,12:48:00,No,Amazon,instagram
Petite,2026-05-18,13:51:00,Yes,Target,google
Petite,2026-05-18,14:54:00,No,Walmart,email
Petite,2026-05-18,15:57:00,Yes,PetSmart,facebook
Petite,2026-05-18,16:00:00,No,Chewy,instagram
Petite,2026-05-18,17:03:00,Yes,Amazon,google
Petite,2026-05-18,18:06:00,No,Target,email
Petite,2026-05-18,19:09:00,Yes,Walmart,facebook
Petite,2026-05-18,08:12:00,No,PetSmart,instagram
Petite,2026-05-18,09:15:00,Yes,Chewy,google
Petite,2026-05-18,10:18:00,No,Amazon,email
Petite,2026-05-18,11:21:00,Yes,Target,facebook
Petite,2026-05-18,12:24:00,No,Walmart,instagram
Petite,2026-05-18,13:27:00,Yes,PetSmart,google
Petite,2026-05-18,14:30:00,No,Chewy,email
Petite,2026-05-18,15:33:00,Yes,Amazon,facebook
Petite,2026-05-18,16:36:00,No,Target,instagram
Petite,2026-05-18,17:39:00,Yes,Walmart,google
Petite,2026-05-18,18:42:00,No,PetSmart,email
Petite,2026-05-18,19:45:00,Yes,Chewy,facebook
Petite,2026-05-18,08:48:00,No,Amazon,instagram
Regular,2026-05-18,08:00:00,No,Chewy,instagram
Regular,2026-05-18,09:03:00,Yes,Amazon,google
Regular,2026-05-18,10:06:00,No,Target,email
Regular,2026-05-18,11:09:00,Yes,Walmart,facebook
Regular,2026-05-18,12:12:00,No,PetSmart,instagram
Regular,2026-05-18,13:15:00,Yes,Chewy,google
Regular,2026-05-18,14:18:00,No,Amazon,email
Regular,2026-05-18,15:21:00,Yes,Target,facebook
Regular,2026-05-18,16:24:00,No,Walmart,instagram
Regular,2026-05-18,17:27:00,Yes,PetSmart,google
Regular,2026-05-18,18:30:00,No,Chewy,email
Regular,2026-05-18,19:33:00,Yes,Amazon,facebook
Regular,2026-05-18,08:36:00,No,Target,instagram
Regular,2026-05-18,09:39:00,Yes,Walmart,google
Regular,2026-05-18,10:42:00,No,PetSmart,email
Regular,2026-05-18,11:45:00,Yes,Chewy,facebook
Regular,2026-05-18,12:48:00,No,Amazon,instagram
Regular,2026-05-18,13:51:00,Yes,Target,google
Regular,2026-05-18,14:54:00,No,Walmart,email
Regular,2026-05-18,15:57:00,Yes,PetSmart,facebook
Regular,2026-05-18,16:00:00,No,Chewy,instagram
Regular,2026-05-18,17:03:00,Yes,Amazon,google
Regular,2026-05-18,18:06:00,No,Target,email
Regular,2026-05-18,19:09:00,Yes,Walmart,facebook
Regular,2026-05-18,08:12:00,No,PetSmart,instagram
Regular,2026-05-18,09:15:00,Yes,Chewy,google
Regular,2026-05-18,10:18:00,No,Amazon,email
Regular,2026-05-18,11:21:00,Yes,Target,facebook
Regular,2026-05-18,12:24:00,No,Walmart,instagram
Regular,2026-05-18,13:27:00,Yes,PetSmart,google
Regular,2026-05-18,14:30:00,No,Chewy,email
Regular,2026-05-18,15:33:00,Yes,Amazon,facebook
Regular,2026-05-18,16:36:00,No,Target,instagram
Regular,2026-05-18,17:39:00,Yes,Walmart,google
Regular,2026-05-18,18:42:00,No,PetSmart,email
Regular,2026-05-18,19:45:00,Yes,Chewy,facebook
Regular,2026-05-18,08:48:00,No,Amazon,instagram
Regular,2026-05-18,09:51:00,Yes,Target,google
Regular,2026-05-18,10:54:00,No,Walmart,email
Regular,2026-05-18,11:57:00,Yes,PetSmart,facebook
Regular,2026-05-18,12:00:00,No,Chewy,instagram
Regular,2026-05-18,13:03:00,Yes,Amazon,google
Regular,2026-05-18,14:06:00,No,Target,email
Regular,2026-05-18,15:09:00,Yes,Walmart,facebook
Regular,2026-05-18,16:12:00,No,PetSmart,instagram
Regular,2026-05-18,17:15:00,Yes,Chewy,google
Regular,2026-05-18,18:18:00,No,Amazon,email
Regular,2026-05-18,19:21:00,Yes,Target,facebook
Regular,2026-05-18,08:24:00,No,Walmart,instagram
Regular,2026-05-18,09:27:00,Yes,PetSmart,google
Regular,2026-05-18,10:30:00,No,Chewy,email
Regular,2026-05-18,11:33:00,Yes,Amazon,facebook
Regular,2026-05-18,12:36:00,No,Target,instagram
Regular,2026-05-18,13:39:00,Yes,Walmart,google
Regular,2026-05-18,14:42:00,No,PetSmart,email
Regular,2026-05-18,15:45:00,Yes,Chewy,facebook
Regular,2026-05-18,16:48:00,No,Amazon,instagram
Regular,2026-05-18,17:51:00,Yes,Target,google
Regular,2026-05-18,18:54:00,No,Walmart,email
Regular,2026-05-18,19:57:00,Yes,PetSmart,facebook
Regular,2026-05-18,08:00:00,No,Chewy,instagram
Regular,2026-05-18,09:03:00,Yes,Amazon,google
Regular,2026-05-18,10:06:00,No,Target,email
Regular,2026-05-18,11:09:00,Yes,Walmart,facebook
Regular,2026-05-18,12:12:00,No,PetSmart,instagram
Regular,2026-05-18,13:15:00,Yes,Chewy,google
Regular,2026-05-18,14:18:00,No,Amazon,email
Regular,2026-05-18,15:21:00,Yes,Target,facebook
Regular,2026-05-18,16:24:00,No,Walmart,instagram
Regular,2026-05-18,17:27:00,Yes,PetSmart,google
Regular,2026-05-18,18:30:00,No,Chewy,email
Regular,2026-05-18,19:33:00,Yes,Amazon,facebook
Regular,2026-05-18,08:36:00,No,Target,instagram
Regular,2026-05-18,09:39:00,Yes,Walmart,google
Regular,2026-05-18,10:42:00,No,PetSmart,email
Regular,2026-05-18,11:45:00,Yes,Chewy,facebook
Regular,2026-05-18,12:48:00,No,Amazon,instagram
Regular,2026-05-18,13:51:00,Yes,Target,google
Regular,2026-05-18,14:54:00,No,Walmart,email
Regular,2026-05-18,15:57:00,Yes,PetSmart,facebook
Regular,2026-05-18,16:00:00,No,Chewy,instagram
Regular,2026-05-18,17:03:00,Yes,Amazon,google
Regular,2026-05-18,18:06:00,No,Target,email
Regular,2026-05-18,19:09:00,Yes,Walmart,facebook
Regular,2026-05-18,08:12:00,No,PetSmart,instagram
Regular,2026-05-18,09:15:00,Yes,Chewy,google
Regular,2026-05-18,10:18:00,No,Amazon,email
Regular,2026-05-18,11:21:00,Yes,Target,facebook
Regular,2026-05-18,12:24:00,No,Walmart,instagram
Regular,2026-05-18,13:27:00,Yes,PetSmart,google
Regular,2026-05-18,14:30:00,No,Chewy,email
Regular,2026-05-18,15:33:00,Yes,Amazon,facebook
Regular,2026-05-18,16:36:00,No,Target,instagram
Regular,2026-05-18,17:39:00,Yes,Walmart,google
Regular,2026-05-18,18:42:00,No,PetSmart,email
Regular,2026-05-18,19:45:00,Yes,Chewy,facebook
Regular,2026-05-18,08:48:00,No,Amazon,instagram
Regular,2026-05-18,09:51:00,Yes,Target,google
Regular,2026-05-18,10:54:00,No,Walmart,email
Regular,2026-05-18,11:57:00,Yes,PetSmart,facebook
Regular,2026-05-18,12:00:00,No,Chewy,instagram
Regular,2026-05-18,13:03:00,Yes,Amazon,google
Regular,2026-05-18,14:06:00,No,Target,email
Regular,2026-05-18,15:09:00,Yes,Walmart,facebook
Regular,2026-05-18,16:12:00,No,PetSmart,instagram
Regular,2026-05-18,17:15:00,Yes,Chewy,google
Regular,2026-05-18,18:18:00,No,Amazon,email
Regular,2026-05-18,19:21:00,Yes,Target,facebook
Regular,2026-05-18,08:24:00,No,Walmart,instagram
Regular,2026-05-18,09:27:00,Yes,PetSmart,google
Regular,2026-05-18,10:30:00,No,Chewy,email
Regular,2026-05-18,11:33:00,Yes,Amazon,facebook
Regular,2026-05-18,12:36:00,No,Target,instagram
Regular,2026-05-18,13:39:00,Yes,Walmart,google
Regular,2026-05-18,14:42:00,No,PetSmart,email
Regular,2026-05-18,15:45:00,Yes,Chewy,facebook
Regular,2026-05-18,16:48:00,No,Amazon,instagram
Regular,2026-05-18,17:51:00,Yes,Target,google
Regular,2026-05-18,18:54:00,No,Walmart,email
Regular,2026-05-18,19:57:00,Yes,PetSmart,facebook
Regular,2026-05-18,08:00:00,No,Chewy,instagram
Regular,2026-05-18,09:03:00,Yes,Amazon,google
Regular,2026-05-18,10:06:00,No,Target,email
Regular,2026-05-18,11:09:00,Yes,Walmart,facebook
Regular,2026-05-18,12:12:00,No,PetSmart,instagram
Regular,2026-05-18,13:15:00,Yes,Chewy,google
Regular,2026-05-18,14:18:00,No,Amazon,email
Regular,2026-05-18,15:21:00,Yes,Target,facebook
Regular,2026-05-18,16:24:00,No,Walmart,instagram
Regular,2026-05-18,17:27:00,Yes,PetSmart,google
Regular,2026-05-18,18:30:00,No,Chewy,email
Regular,2026-05-18,19:33:00,Yes,Amazon,facebook
Regular,2026-05-18,08:36:00,No,Target,instagram
Regular,2026-05-18,09:39:00,Yes,Walmart,google
Regular,2026-05-18,10:42:00,No,PetSmart,email
Regular,2026-05-18,11:45:00,Yes,Chewy,facebook
Regular,2026-05-18,12:48:00,No,Amazon,instagram
Regular,2026-05-18,13:51:00,Yes,Target,google
Regular,2026-05-18,14:54:00,No,Walmart,email
Regular,2026-05-18,15:57:00,Yes,PetSmart,facebook
Regular,2026-05-18,16:00:00,No,Chewy,instagram
Regular,2026-05-18,17:03:00,Yes,Amazon,google
Regular,2026-05-18,18:06:00,No,Target,email
Regular,2026-05-18,19:09:00,Yes,Walmart,facebook
Regular,2026-05-18,08:12:00,No,PetSmart,instagram
Regular,2026-05-18,09:15:00,Yes,Chewy,google
Regular,2026-05-18,10:18:00,No,Amazon,email
Large,2026-05-18,08:00:00,No,Chewy,instagram
Large,2026-05-18,09:03:00,Yes,Amazon,google
Large,2026-05-18,10:06:00,No,Target,email
Large,2026-05-18,11:09:00,Yes,Walmart,facebook
Large,2026-05-18,12:12:00,No,PetSmart,instagram
Large,2026-05-18,13:15:00,Yes,Chewy,google
Large,2026-05-18,14:18:00,No,Amazon,email
Large,2026-05-18,15:21:00,Yes,Target,facebook
Large,2026-05-18,16:24:00,No,Walmart,instagram
Large,2026-05-18,17:27:00,Yes,PetSmart,google
Large,2026-05-18,18:30:00,No,Chewy,email
Large,2026-05-18,19:33:00,Yes,Amazon,facebook
Large,2026-05-18,08:36:00,No,Target,instagram
Large,2026-05-18,09:39:00,Yes,Walmart,google
Large,2026-05-18,10:42:00,No,PetSmart,email
Large,2026-05-18,11:45:00,Yes,Chewy,facebook
Large,2026-05-18,12:48:00,No,Amazon,instagram
Large,2026-05-18,13:51:00,Yes,Target,google
Large,2026-05-18,14:54:00,No,Walmart,email
Large,2026-05-18,15:57:00,Yes,PetSmart,facebook
Large,2026-05-18,16:00:00,No,Chewy,instagram
Large,2026-05-18,17:03:00,Yes,Amazon,google
Large,2026-05-18,18:06:00,No,Target,email
Large,2026-05-18,19:09:00,Yes,Walmart,facebook
Large,2026-05-18,08:12:00,No,PetSmart,instagram
Large,2026-05-18,09:15:00,Yes,Chewy,google
Large,2026-05-18,10:18:00,No,Amazon,email
Large,2026-05-18,11:21:00,Yes,Target,facebook
Large,2026-05-18,12:24:00,No,Walmart,instagram
Large,2026-05-18,13:27:00,Yes,PetSmart,google
Large,2026-05-18,14:30:00,No,Chewy,email
Large,2026-05-18,15:33:00,Yes,Amazon,facebook
Large,2026-05-18,16:36:00,No,Target,instagram
Large,2026-05-18,17:39:00,Yes,Walmart,google
Large,2026-05-18,18:42:00,No,PetSmart,email
Large,2026-05-18,19:45:00,Yes,Chewy,facebook
Large,2026-05-18,08:48:00,No,Amazon,instagram
Large,2026-05-18,09:51:00,Yes,Target,google
Large,2026-05-18,10:54:00,No,Walmart,email
Large,2026-05-18,11:57:00,Yes,PetSmart,facebook
Large,2026-05-18,12:00:00,No,Chewy,instagram
Large,2026-05-18,13:03:00,Yes,Amazon,google
Large,2026-05-18,14:06:00,No,Target,email
Large,2026-05-18,15:09:00,Yes,Walmart,facebook
Large,2026-05-18,16:12:00,No,PetSmart,instagram
Large,2026-05-18,17:15:00,Yes,Chewy,google
Large,2026-05-18,18:18:00,No,Amazon,email
Large,2026-05-18,19:21:00,Yes,Target,facebook
Large,2026-05-18,08:24:00,No,Walmart,instagram
Large,2026-05-18,09:27:00,Yes,PetSmart,google
Large,2026-05-18,10:30:00,No,Chewy,email
Large,2026-05-18,11:33:00,Yes,Amazon,facebook
Large,2026-05-18,12:36:00,No,Target,instagram
Large,2026-05-18,13:39:00,Yes,Walmart,google
Large,2026-05-18,14:42:00,No,PetSmart,email
Large,2026-05-18,15:45:00,Yes,Chewy,facebook
Large,2026-05-18,16:48:00,No,Amazon,instagram
Large,2026-05-18,17:51:00,Yes,Target,google
Large,2026-05-18,18:54:00,No,Walmart,email
Large,2026-05-18,19:57:00,Yes,PetSmart,facebook
Large,2026-05-18,08:00:00,No,Chewy,instagram
Large,2026-05-18,09:03:00,Yes,Amazon,google
Large,2026-05-18,10:06:00,No,Target,email
Large,2026-05-18,11:09:00,Yes,Walmart,facebook
Large,2026-05-18,12:12:00,No,PetSmart,instagram
Large,2026-05-18,13:15:00,Yes,Chewy,google
Large,2026-05-18,14:18:00,No,Amazon,email
Large,2026-05-18,15:21:00,Yes,Target,facebook
Large,2026-05-18,16:24:00,No,Walmart,instagram
Large,2026-05-18,17:27:00,Yes,PetSmart,google
Large,2026-05-18,18:30:00,No,Chewy,email
Large,2026-05-18,19:33:00,Yes,Amazon,facebook
Large,2026-05-18,08:36:00,No,Target,instagram
Large,2026-05-18,09:39:00,Yes,Walmart,google
Large,2026-05-18,10:42:00,No,PetSmart,email
Large,2026-05-18,11:45:00,Yes,Chewy,facebook
Large,2026-05-18,12:48:00,No,Amazon,instagram
Large,2026-05-18,13:51:00,Yes,Target,google
Large,2026-05-18,14:54:00,No,Walmart,email
Large,2026-05-18,15:57:00,Yes,PetSmart,facebook
Large,2026-05-18,16:00:00,No,Chewy,instagram
Large,2026-05-18,17:03:00,Yes,Amazon,google
Large,2026-05-18,18:06:00,No,Target,email
Large,2026-05-18,19:09:00,Yes,Walmart,facebook
Large,2026-05-18,08:12:00,No,PetSmart,instagram
Large,2026-05-18,09:15:00,Yes,Chewy,google
Large,2026-05-18,10:18:00,No,Amazon,email
Large,2026-05-18,11:21:00,Yes,Target,facebook
Large,2026-05-18,12:24:00,No,Walmart,instagram
Large,2026-05-18,13:27:00,Yes,PetSmart,google
Large,2026-05-18,14:30:00,No,Chewy,email
Large,2026-05-18,15:33:00,Yes,Amazon,facebook
Large,2026-05-18,16:36:00,No,Target,instagram
Large,2026-05-18,17:39:00,Yes,Walmart,google
Large,2026-05-18,18:42:00,No,PetSmart,email
Large,2026-05-18,19:45:00,Yes,Chewy,facebook
Large,2026-05-18,08:48:00,No,Amazon,instagram
Large,2026-05-18,09:51:00,Yes,Target,google
Large,2026-05-18,10:54:00,No,Walmart,email
Large,2026-05-18,11:57:00,Yes,PetSmart,facebook
Large,2026-05-18,12:00:00,No,Chewy,instagram
Large,2026-05-18,13:03:00,Yes,Amazon,google
Large,2026-05-18,14:06:00,No,Target,email
Large,2026-05-18,15:09:00,Yes,Walmart,facebook
Large,2026-05-18,16:12:00,No,PetSmart,instagram
Large,2026-05-18,17:15:00,Yes,Chewy,google
Large,2026-05-18,18:18:00,No,Amazon,email
Large,2026-05-18,19:21:00,Yes,Target,facebook
Large,2026-05-18,08:24:00,No,Walmart,instagram
Large,2026-05-18,09:27:00,Yes,PetSmart,google
Large,2026-05-18,10:30:00,No,Chewy,email
Large,2026-05-18,11:33:00,Yes,Amazon,facebook
Large,2026-05-18,12:36:00,No,Target,instagram
Large,2026-05-18,13:39:00,Yes,Walmart,google
Large,2026-05-18,14:42:00,No,PetSmart,email
Large,2026-05-18,15:45:00,Yes,Chewy,facebook
Large,2026-05-18,16:48:00,No,Amazon,instagram
Large,2026-05-18,17:51:00,Yes,Target,google
Large,2026-05-18,18:54:00,No,Walmart,email
Large,2026-05-18,19:57:00,Yes,PetSmart,facebook
Large,2026-05-18,08:00:00,No,Chewy,instagram
Large,2026-05-18,09:03:00,Yes,Amazon,google
Large,2026-05-18,10:06:00,No,Target,email
Large,2026-05-18,11:09:00,Yes,Walmart,facebook
Large,2026-05-18,12:12:00,No,PetSmart,instagram
Large,2026-05-18,13:15:00,Yes,Chewy,google
Large,2026-05-18,14:18:00,No,Amazon,email
Large,2026-05-18,15:21:00,Yes,Target,facebook
Large,2026-05-18,16:24:00,No,Walmart,instagram
Large,2026-05-18,17:27:00,Yes,PetSmart,google
Large,2026-05-18,18:30:00,No,Chewy,email
Large,2026-05-18,19:33:00,Yes,Amazon,facebook
Large,2026-05-18,08:36:00,No,Target,instagram
Large,2026-05-18,09:39:00,Yes,Walmart,google
Large,2026-05-18,10:42:00,No,PetSmart,email
Large,2026-05-18,11:45:00,Yes,Chewy,facebook
Large,2026-05-18,12:48:00,No,Amazon,instagram
Large,2026-05-18,13:51:00,Yes,Target,google
Large,2026-05-18,14:54:00,No,Walmart,email
Large,2026-05-18,15:57:00,Yes,PetSmart,facebook
Large,2026-05-18,16:00:00,No,Chewy,instagram
Large,2026-05-18,17:03:00,Yes,Amazon,google
Large,2026-05-18,18:06:00,No,Target,email
Large,2026-05-18,19:09:00,Yes,Walmart,facebook
Large,2026-05-18,08:12:00,No,PetSmart,instagram
Large,2026-05-18,09:15:00,Yes,Chewy,google
Large,2026-05-18,10:18:00,No,Amazon,email
Large,2026-05-18,11:21:00,Yes,Target,facebook
Large,2026-05-18,12:24:00,No,Walmart,instagram
Large,2026-05-18,13:27:00,Yes,PetSmart,google
Large,2026-05-18,14:30:00,No,Chewy,email
Large,2026-05-18,15:33:00,Yes,Amazon,facebook
Large,2026-05-18,16:36:00,No,Target,instagram
Large,2026-05-18,17:39:00,Yes,Walmart,google
Large,2026-05-18,18:42:00,No,PetSmart,email
Large,2026-05-18,19:45:00,Yes,Chewy,facebook
Large,2026-05-18,08:48:00,No,Amazon,instagram
Large,2026-05-18,09:51:00,Yes,Target,google
Large,2026-05-18,10:54:00,No,Walmart,email
Large,2026-05-18,11:57:00,Yes,PetSmart,facebook
Large,2026-05-18,12:00:00,No,Chewy,instagram
Large,2026-05-18,13:03:00,Yes,Amazon,google
Large,2026-05-18,14:06:00,No,Target,email
Large,2026-05-18,15:09:00,Yes,Walmart,facebook
Large,2026-05-18,16:12:00,No,PetSmart,instagram
Large,2026-05-18,17:15:00,Yes,Chewy,google
Large,2026-05-18,18:18:00,No,Amazon,email
Large,2026-05-18,19:21:00,Yes,Target,facebook
Large,2026-05-18,08:24:00,No,Walmart,instagram
Large,2026-05-18,09:27:00,Yes,PetSmart,google
Large,2026-05-18,10:30:00,No,Chewy,email
Large,2026-05-18,11:33:00,Yes,Amazon,facebook
Large,2026-05-18,12:36:00,No,Target,instagram
Large,2026-05-18,13:39:00,Yes,Walmart,google
Large,2026-05-18,14:42:00,No,PetSmart,email
Large,2026-05-18,15:45:00,Yes,Chewy,facebook
Large,2026-05-18,16:48:00,No,Amazon,instagram
Large,2026-05-18,17:51:00,Yes,Target,google
Large,2026-05-18,18:54:00,No,Walmart,email
Large,2026-05-18,19:57:00,Yes,PetSmart,facebook
Large,2026-05-18,08:00:00,No,Chewy,instagram
Large,2026-05-18,09:03:00,Yes,Amazon,google
Large,2026-05-18,10:06:00,No,Target,email
Large,2026-05-18,11:09:00,Yes,Walmart,facebook
Large,2026-05-18,12:12:00,No,PetSmart,instagram
Large,2026-05-18,13:15:00,Yes,Chewy,google
Large,2026-05-18,14:18:00,No,Amazon,email
TEENIE,2026-05-19,08:00:00,Yes,Amazon,google
TEENIE,2026-05-19,09:03:00,No,Target,email
TEENIE,2026-05-19,10:06:00,Yes,Walmart,facebook
TEENIE,2026-05-19,11:09:00,No,PetSmart,instagram
TEENIE,2026-05-19,12:12:00,Yes,Chewy,google
TEENIE,2026-05-19,13:15:00,No,Amazon,email
TEENIE,2026-05-19,14:18:00,Yes,Target,facebook
TEENIE,2026-05-19,15:21:00,No,Walmart,instagram
TEENIE,2026-05-19,16:24:00,Yes,PetSmart,google
TEENIE,2026-05-19,17:27:00,No,Chewy,email
TEENIE,2026-05-19,18:30:00,Yes,Amazon,facebook
TEENIE,2026-05-19,19:33:00,No,Target,instagram
TEENIE,2026-05-19,08:36:00,Yes,Walmart,google
TEENIE,2026-05-19,09:39:00,No,PetSmart,email
TEENIE,2026-05-19,10:42:00,Yes,Chewy,facebook
TEENIE,2026-05-19,11:45:00,No,Amazon,instagram
TEENIE,2026-05-19,12:48:00,Yes,Target,google
TEENIE,2026-05-19,13:51:00,No,Walmart,email
TEENIE,2026-05-19,14:54:00,Yes,PetSmart,facebook
TEENIE,2026-05-19,15:57:00,No,Chewy,instagram
TEENIE,2026-05-19,16:00:00,Yes,Amazon,google
TEENIE,2026-05-19,17:03:00,No,Target,email
TEENIE,2026-05-19,18:06:00,Yes,Walmart,facebook
TEENIE,2026-05-19,19:09:00,No,PetSmart,instagram
TEENIE,2026-05-19,08:12:00,Yes,Chewy,google
TEENIE,2026-05-19,09:15:00,No,Amazon,email
TEENIE,2026-05-19,10:18:00,Yes,Target,facebook
TEENIE,2026-05-19,11:21:00,No,Walmart,instagram
TEENIE,2026-05-19,12:24:00,Yes,PetSmart,google
TEENIE,2026-05-19,13:27:00,No,Chewy,email
TEENIE,2026-05-19,14:30:00,Yes,Amazon,facebook
TEENIE,2026-05-19,15:33:00,No,Target,instagram
TEENIE,2026-05-19,16:36:00,Yes,Walmart,google
TEENIE,2026-05-19,17:39:00,No,PetSmart,email
TEENIE,2026-05-19,18:42:00,Yes,Chewy,facebook
TEENIE,2026-05-19,19:45:00,No,Amazon,instagram
TEENIE,2026-05-19,08:48:00,Yes,Target,google
TEENIE,2026-05-19,09:51:00,No,Walmart,email
TEENIE,2026-05-19,10:54:00,Yes,PetSmart,facebook
TEENIE,2026-05-19,11:57:00,No,Chewy,instagram
TEENIE,2026-05-19,12:00:00,Yes,Amazon,google
TEENIE,2026-05-19,13:03:00,No,Target,email
TEENIE,2026-05-19,14:06:00,Yes,Walmart,facebook
TEENIE,2026-05-19,15:09:00,No,PetSmart,instagram
TEENIE,2026-05-19,16:12:00,Yes,Chewy,google
TEENIE,2026-05-19,17:15:00,No,Amazon,email
TEENIE,2026-05-19,18:18:00,Yes,Target,facebook
TEENIE,2026-05-19,19:21:00,No,Walmart,instagram
TEENIE,2026-05-19,08:24:00,Yes,PetSmart,google
TEENIE,2026-05-19,09:27:00,No,Chewy,email
TEENIE,2026-05-19,10:30:00,Yes,Amazon,facebook
TEENIE,2026-05-19,11:33:00,No,Target,instagram
TEENIE,2026-05-19,12:36:00,Yes,Walmart,google
TEENIE,2026-05-19,13:39:00,No,PetSmart,email
TEENIE,2026-05-19,14:42:00,Yes,Chewy,facebook
TEENIE,2026-05-19,15:45:00,No,Amazon,instagram
TEENIE,2026-05-19,16:48:00,Yes,Target,google
TEENIE,2026-05-19,17:51:00,No,Walmart,email
TEENIE,2026-05-19,18:54:00,Yes,PetSmart,facebook
TEENIE,2026-05-19,19:57:00,No,Chewy,instagram
TEENIE,2026-05-19,08:00:00,Yes,Amazon,google
TEENIE,2026-05-19,09:03:00,No,Target,email
TEENIE,2026-05-19,10:06:00,Yes,Walmart,facebook
TEENIE,2026-05-19,11:09:00,No,PetSmart,instagram
TEENIE,2026-05-19,12:12:00,Yes,Chewy,google
TEENIE,2026-05-19,13:15:00,No,Amazon,email
TEENIE,2026-05-19,14:18:00,Yes,Target,facebook
TEENIE,2026-05-19,15:21:00,No,Walmart,instagram
TEENIE,2026-05-19,16:24:00,Yes,PetSmart,google
TEENIE,2026-05-19,17:27:00,No,Chewy,email
TEENIE,2026-05-19,18:30:00,Yes,Amazon,facebook
TEENIE,2026-05-19,19:33:00,No,Target,instagram
TEENIE,2026-05-19,08:36:00,Yes,Walmart,google
TEENIE,2026-05-19,09:39:00,No,PetSmart,email
TEENIE,2026-05-19,10:42:00,Yes,Chewy,facebook
TEENIE,2026-05-19,11:45:00,No,Amazon,instagram
TEENIE,2026-05-19,12:48:00,Yes,Target,google
TEENIE,2026-05-19,13:51:00,No,Walmart,email
TEENIE,2026-05-19,14:54:00,Yes,PetSmart,facebook
TEENIE,2026-05-19,15:57:00,No,Chewy,instagram
TEENIE,2026-05-19,16:00:00,Yes,Amazon,google
TEENIE,2026-05-19,17:03:00,No,Target,email
TEENIE,2026-05-19,18:06:00,Yes,Walmart,facebook
TEENIE,2026-05-19,19:09:00,No,PetSmart,instagram
TEENIE,2026-05-19,08:12:00,Yes,Chewy,google
TEENIE,2026-05-19,09:15:00,No,Amazon,email
TEENIE,2026-05-19,10:18:00,Yes,Target,facebook
TEENIE,2026-05-19,11:21:00,No,Walmart,instagram
TEENIE,2026-05-19,12:24:00,Yes,PetSmart,google
TEENIE,2026-05-19,13:27:00,No,Chewy,email
TEENIE,2026-05-19,14:30:00,Yes,Amazon,facebook
TEENIE,2026-05-19,15:33:00,No,Target,instagram
TEENIE,2026-05-19,16:36:00,Yes,Walmart,google
TEENIE,2026-05-19,17:39:00,No,PetSmart,email
TEENIE,2026-05-19,18:42:00,Yes,Chewy,facebook
TEENIE,2026-05-19,19:45:00,No,Amazon,instagram
TEENIE,2026-05-19,08:48:00,Yes,Target,google
TEENIE,2026-05-19,09:51:00,No,Walmart,email
TEENIE,2026-05-19,10:54:00,Yes,PetSmart,facebook
TEENIE,2026-05-19,11:57:00,No,Chewy,instagram
TEENIE,2026-05-19,12:00:00,Yes,Amazon,google
TEENIE,2026-05-19,13:03:00,No,Target,email
TEENIE,2026-05-19,14:06:00,Yes,Walmart,facebook
TEENIE,2026-05-19,15:09:00,No,PetSmart,instagram
TEENIE,2026-05-19,16:12:00,Yes,Chewy,google
TEENIE,2026-05-19,17:15:00,No,Amazon,email
TEENIE,2026-05-19,18:18:00,Yes,Target,facebook
TEENIE,2026-05-19,19:21:00,No,Walmart,instagram
TEENIE,2026-05-19,08:24:00,Yes,PetSmart,google
Petite,2026-05-19,08:00:00,Yes,Amazon,google
Petite,2026-05-19,09:03:00,No,Target,email
Petite,2026-05-19,10:06:00,Yes,Walmart,facebook
Petite,2026-05-19,11:09:00,No,PetSmart,instagram
Petite,2026-05-19,12:12:00,Yes,Chewy,google
Petite,2026-05-19,13:15:00,No,Amazon,email
Petite,2026-05-19,14:18:00,Yes,Target,facebook
Petite,2026-05-19,15:21:00,No,Walmart,instagram
Petite,2026-05-19,16:24:00,Yes,PetSmart,google
Petite,2026-05-19,17:27:00,No,Chewy,email
Petite,2026-05-19,18:30:00,Yes,Amazon,facebook
Petite,2026-05-19,19:33:00,No,Target,instagram
Petite,2026-05-19,08:36:00,Yes,Walmart,google
Petite,2026-05-19,09:39:00,No,PetSmart,email
Petite,2026-05-19,10:42:00,Yes,Chewy,facebook
Petite,2026-05-19,11:45:00,No,Amazon,instagram
Petite,2026-05-19,12:48:00,Yes,Target,google
Petite,2026-05-19,13:51:00,No,Walmart,email
Petite,2026-05-19,14:54:00,Yes,PetSmart,facebook
Petite,2026-05-19,15:57:00,No,Chewy,instagram
Petite,2026-05-19,16:00:00,Yes,Amazon,google
Petite,2026-05-19,17:03:00,No,Target,email
Petite,2026-05-19,18:06:00,Yes,Walmart,facebook
Petite,2026-05-19,19:09:00,No,PetSmart,instagram
Petite,2026-05-19,08:12:00,Yes,Chewy,google
Petite,2026-05-19,09:15:00,No,Amazon,email
Petite,2026-05-19,10:18:00,Yes,Target,facebook
Petite,2026-05-19,11:21:00,No,Walmart,instagram
Petite,2026-05-19,12:24:00,Yes,PetSmart,google
Petite,2026-05-19,13:27:00,No,Chewy,email
Petite,2026-05-19,14:30:00,Yes,Amazon,facebook
Petite,2026-05-19,15:33:00,No,Target,instagram
Petite,2026-05-19,16:36:00,Yes,Walmart,google
Petite,2026-05-19,17:39:00,No,PetSmart,email
Petite,2026-05-19,18:42:00,Yes,Chewy,facebook
Petite,2026-05-19,19:45:00,No,Amazon,instagram
Petite,2026-05-19,08:48:00,Yes,Target,google
Petite,2026-05-19,09:51:00,No,Walmart,email
Petite,2026-05-19,10:54:00,Yes,PetSmart,facebook
Petite,2026-05-19,11:57:00,No,Chewy,instagram
Petite,2026-05-19,12:00:00,Yes,Amazon,google
Petite,2026-05-19,13:03:00,No,Target,email
Petite,2026-05-19,14:06:00,Yes,Walmart,facebook
Petite,2026-05-19,15:09:00,No,PetSmart,instagram
Petite,2026-05-19,16:12:00,Yes,Chewy,google
Petite,2026-05-19,17:15:00,No,Amazon,email
Petite,2026-05-19,18:18:00,Yes,Target,facebook
Petite,2026-05-19,19:21:00,No,Walmart,instagram
Petite,2026-05-19,08:24:00,Yes,PetSmart,google
Petite,2026-05-19,09:27:00,No,Chewy,email
Petite,2026-05-19,10:30:00,Yes,Amazon,facebook
Petite,2026-05-19,11:33:00,No,Target,instagram
Petite,2026-05-19,12:36:00,Yes,Walmart,google
Petite,2026-05-19,13:39:00,No,PetSmart,email
Petite,2026-05-19,14:42:00,Yes,Chewy,facebook
Petite,2026-05-19,15:45:00,No,Amazon,instagram
Petite,2026-05-19,16:48:00,Yes,Target,google
Petite,2026-05-19,17:51:00,No,Walmart,email
Petite,2026-05-19,18:54:00,Yes,PetSmart,facebook
Petite,2026-05-19,19:57:00,No,Chewy,instagram
Petite,2026-05-19,08:00:00,Yes,Amazon,google
Petite,2026-05-19,09:03:00,No,Target,email
Petite,2026-05-19,10:06:00,Yes,Walmart,facebook
Petite,2026-05-19,11:09:00,No,PetSmart,instagram
Petite,2026-05-19,12:12:00,Yes,Chewy,google
Petite,2026-05-19,13:15:00,No,Amazon,email
Petite,2026-05-19,14:18:00,Yes,Target,facebook
Petite,2026-05-19,15:21:00,No,Walmart,instagram
Petite,2026-05-19,16:24:00,Yes,PetSmart,google
Petite,2026-05-19,17:27:00,No,Chewy,email
Petite,2026-05-19,18:30:00,Yes,Amazon,facebook
Petite,2026-05-19,19:33:00,No,Target,instagram
Petite,2026-05-19,08:36:00,Yes,Walmart,google
Petite,2026-05-19,09:39:00,No,PetSmart,email
Petite,2026-05-19,10:42:00,Yes,Chewy,facebook
Petite,2026-05-19,11:45:00,No,Amazon,instagram
Petite,2026-05-19,12:48:00,Yes,Target,google
Petite,2026-05-19,13:51:00,No,Walmart,email
Petite,2026-05-19,14:54:00,Yes,PetSmart,facebook
Regular,2026-05-19,08:00:00,Yes,Amazon,google
Regular,2026-05-19,09:03:00,No,Target,email
Regular,2026-05-19,10:06:00,Yes,Walmart,facebook
Regular,2026-05-19,11:09:00,No,PetSmart,instagram
Regular,2026-05-19,12:12:00,Yes,Chewy,google
Regular,2026-05-19,13:15:00,No,Amazon,email
Regular,2026-05-19,14:18:00,Yes,Target,facebook
Regular,2026-05-19,15:21:00,No,Walmart,instagram
Regular,2026-05-19,16:24:00,Yes,PetSmart,google
Regular,2026-05-19,17:27:00,No,Chewy,email
Regular,2026-05-19,18:30:00,Yes,Amazon,facebook
Regular,2026-05-19,19:33:00,No,Target,instagram
Regular,2026-05-19,08:36:00,Yes,Walmart,google
Regular,2026-05-19,09:39:00,No,PetSmart,email
Regular,2026-05-19,10:42:00,Yes,Chewy,facebook
Regular,2026-05-19,11:45:00,No,Amazon,instagram
Regular,2026-05-19,12:48:00,Yes,Target,google
Regular,2026-05-19,13:51:00,No,Walmart,email
Regular,2026-05-19,14:54:00,Yes,PetSmart,facebook
Regular,2026-05-19,15:57:00,No,Chewy,instagram
Regular,2026-05-19,16:00:00,Yes,Amazon,google
Regular,2026-05-19,17:03:00,No,Target,email
Regular,2026-05-19,18:06:00,Yes,Walmart,facebook
Regular,2026-05-19,19:09:00,No,PetSmart,instagram
Regular,2026-05-19,08:12:00,Yes,Chewy,google
Regular,2026-05-19,09:15:00,No,Amazon,email
Regular,2026-05-19,10:18:00,Yes,Target,facebook
Regular,2026-05-19,11:21:00,No,Walmart,instagram
Regular,2026-05-19,12:24:00,Yes,PetSmart,google
Regular,2026-05-19,13:27:00,No,Chewy,email
Regular,2026-05-19,14:30:00,Yes,Amazon,facebook
Regular,2026-05-19,15:33:00,No,Target,instagram
Regular,2026-05-19,16:36:00,Yes,Walmart,google
Regular,2026-05-19,17:39:00,No,PetSmart,email
Regular,2026-05-19,18:42:00,Yes,Chewy,facebook
Regular,2026-05-19,19:45:00,No,Amazon,instagram
Regular,2026-05-19,08:48:00,Yes,Target,google
Regular,2026-05-19,09:51:00,No,Walmart,email
Regular,2026-05-19,10:54:00,Yes,PetSmart,facebook
Regular,2026-05-19,11:57:00,No,Chewy,instagram
Regular,2026-05-19,12:00:00,Yes,Amazon,google
Regular,2026-05-19,13:03:00,No,Target,email
Regular,2026-05-19,14:06:00,Yes,Walmart,facebook
Regular,2026-05-19,15:09:00,No,PetSmart,instagram
Regular,2026-05-19,16:12:00,Yes,Chewy,google
Regular,2026-05-19,17:15:00,No,Amazon,email
Regular,2026-05-19,18:18:00,Yes,Target,facebook
Regular,2026-05-19,19:21:00,No,Walmart,instagram
Regular,2026-05-19,08:24:00,Yes,PetSmart,google
Regular,2026-05-19,09:27:00,No,Chewy,email
Regular,2026-05-19,10:30:00,Yes,Amazon,facebook
Regular,2026-05-19,11:33:00,No,Target,instagram
Regular,2026-05-19,12:36:00,Yes,Walmart,google
Regular,2026-05-19,13:39:00,No,PetSmart,email
Regular,2026-05-19,14:42:00,Yes,Chewy,facebook
Regular,2026-05-19,15:45:00,No,Amazon,instagram
Regular,2026-05-19,16:48:00,Yes,Target,google
Regular,2026-05-19,17:51:00,No,Walmart,email
Regular,2026-05-19,18:54:00,Yes,PetSmart,facebook
Regular,2026-05-19,19:57:00,No,Chewy,instagram
Regular,2026-05-19,08:00:00,Yes,Amazon,google
Regular,2026-05-19,09:03:00,No,Target,email
Regular,2026-05-19,10:06:00,Yes,Walmart,facebook
Regular,2026-05-19,11:09:00,No,PetSmart,instagram
Regular,2026-05-19,12:12:00,Yes,Chewy,google
Regular,2026-05-19,13:15:00,No,Amazon,email
Regular,2026-05-19,14:18:00,Yes,Target,facebook
Regular,2026-05-19,15:21:00,No,Walmart,instagram
Regular,2026-05-19,16:24:00,Yes,PetSmart,google
Regular,2026-05-19,17:27:00,No,Chewy,email
Regular,2026-05-19,18:30:00,Yes,Amazon,facebook
Regular,2026-05-19,19:33:00,No,Target,instagram
Regular,2026-05-19,08:36:00,Yes,Walmart,google
Regular,2026-05-19,09:39:00,No,PetSmart,email
Regular,2026-05-19,10:42:00,Yes,Chewy,facebook
Regular,2026-05-19,11:45:00,No,Amazon,instagram
Regular,2026-05-19,12:48:00,Yes,Target,google
Regular,2026-05-19,13:51:00,No,Walmart,email
Regular,2026-05-19,14:54:00,Yes,PetSmart,facebook
Regular,2026-05-19,15:57:00,No,Chewy,instagram
Regular,2026-05-19,16:00:00,Yes,Amazon,google
Regular,2026-05-19,17:03:00,No,Target,email
Regular,2026-05-19,18:06:00,Yes,Walmart,facebook
Regular,2026-05-19,19:09:00,No,PetSmart,instagram
Regular,2026-05-19,08:12:00,Yes,Chewy,google
Regular,2026-05-19,09:15:00,No,Amazon,email
Regular,2026-05-19,10:18:00,Yes,Target,facebook
Regular,2026-05-19,11:21:00,No,Walmart,instagram
Regular,2026-05-19,12:24:00,Yes,PetSmart,google
Regular,2026-05-19,13:27:00,No,Chewy,email
Regular,2026-05-19,14:30:00,Yes,Amazon,facebook
Regular,2026-05-19,15:33:00,No,Target,instagram
Regular,2026-05-19,16:36:00,Yes,Walmart,google
Regular,2026-05-19,17:39:00,No,PetSmart,email
Regular,2026-05-19,18:42:00,Yes,Chewy,facebook
Regular,2026-05-19,19:45:00,No,Amazon,instagram
Regular,2026-05-19,08:48:00,Yes,Target,google
Regular,2026-05-19,09:51:00,No,Walmart,email
Regular,2026-05-19,10:54:00,Yes,PetSmart,facebook
Regular,2026-05-19,11:57:00,No,Chewy,instagram
Regular,2026-05-19,12:00:00,Yes,Amazon,google
Regular,2026-05-19,13:03:00,No,Target,email
Regular,2026-05-19,14:06:00,Yes,Walmart,facebook
Regular,2026-05-19,15:09:00,No,PetSmart,instagram
Regular,2026-05-19,16:12:00,Yes,Chewy,google
Regular,2026-05-19,17:15:00,No,Amazon,email
Regular,2026-05-19,18:18:00,Yes,Target,facebook
Regular,2026-05-19,19:21:00,No,Walmart,instagram
Regular,2026-05-19,08:24:00,Yes,PetSmart,google
Regular,2026-05-19,09:27:00,No,Chewy,email
Regular,2026-05-19,10:30:00,Yes,Amazon,facebook
Regular,2026-05-19,11:33:00,No,Target,instagram
Regular,2026-05-19,12:36:00,Yes,Walmart,google
Regular,2026-05-19,13:39:00,No,PetSmart,email
Regular,2026-05-19,14:42:00,Yes,Chewy,facebook
Regular,2026-05-19,15:45:00,No,Amazon,instagram
Regular,2026-05-19,16:48:00,Yes,Target,google
Regular,2026-05-19,17:51:00,No,Walmart,email
Regular,2026-05-19,18:54:00,Yes,PetSmart,facebook
Regular,2026-05-19,19:57:00,No,Chewy,instagram
Regular,2026-05-19,08:00:00,Yes,Amazon,google
Regular,2026-05-19,09:03:00,No,Target,email
Regular,2026-05-19,10:06:00,Yes,Walmart,facebook
Regular,2026-05-19,11:09:00,No,PetSmart,instagram
Regular,2026-05-19,12:12:00,Yes,Chewy,google
Regular,2026-05-19,13:15:00,No,Amazon,email
Regular,2026-05-19,14:18:00,Yes,Target,facebook
Regular,2026-05-19,15:21:00,No,Walmart,instagram
Regular,2026-05-19,16:24:00,Yes,PetSmart,google
Large,2026-05-19,08:00:00,Yes,Amazon,google
Large,2026-05-19,09:03:00,No,Target,email
Large,2026-05-19,10:06:00,Yes,Walmart,facebook
Large,2026-05-19,11:09:00,No,PetSmart,instagram
Large,2026-05-19,12:12:00,Yes,Chewy,google
Large,2026-05-19,13:15:00,No,Amazon,email
Large,2026-05-19,14:18:00,Yes,Target,facebook
Large,2026-05-19,15:21:00,No,Walmart,instagram
Large,2026-05-19,16:24:00,Yes,PetSmart,google
Large,2026-05-19,17:27:00,No,Chewy,email
Large,2026-05-19,18:30:00,Yes,Amazon,facebook
Large,2026-05-19,19:33:00,No,Target,instagram
Large,2026-05-19,08:36:00,Yes,Walmart,google
Large,2026-05-19,09:39:00,No,PetSmart,email
Large,2026-05-19,10:42:00,Yes,Chewy,facebook
Large,2026-05-19,11:45:00,No,Amazon,instagram
Large,2026-05-19,12:48:00,Yes,Target,google
Large,2026-05-19,13:51:00,No,Walmart,email
Large,2026-05-19,14:54:00,Yes,PetSmart,facebook
Large,2026-05-19,15:57:00,No,Chewy,instagram
Large,2026-05-19,16:00:00,Yes,Amazon,google
Large,2026-05-19,17:03:00,No,Target,email
Large,2026-05-19,18:06:00,Yes,Walmart,facebook
Large,2026-05-19,19:09:00,No,PetSmart,instagram
Large,2026-05-19,08:12:00,Yes,Chewy,google
Large,2026-05-19,09:15:00,No,Amazon,email
Large,2026-05-19,10:18:00,Yes,Target,facebook
Large,2026-05-19,11:21:00,No,Walmart,instagram
Large,2026-05-19,12:24:00,Yes,PetSmart,google
Large,2026-05-19,13:27:00,No,Chewy,email
Large,2026-05-19,14:30:00,Yes,Amazon,facebook
Large,2026-05-19,15:33:00,No,Target,instagram
Large,2026-05-19,16:36:00,Yes,Walmart,google
Large,2026-05-19,17:39:00,No,PetSmart,email
Large,2026-05-19,18:42:00,Yes,Chewy,facebook
Large,2026-05-19,19:45:00,No,Amazon,instagram
Large,2026-05-19,08:48:00,Yes,Target,google
Large,2026-05-19,09:51:00,No,Walmart,email
Large,2026-05-19,10:54:00,Yes,PetSmart,facebook
Large,2026-05-19,11:57:00,No,Chewy,instagram
Large,2026-05-19,12:00:00,Yes,Amazon,google
Large,2026-05-19,13:03:00,No,Target,email
Large,2026-05-19,14:06:00,Yes,Walmart,facebook
Large,2026-05-19,15:09:00,No,PetSmart,instagram
Large,2026-05-19,16:12:00,Yes,Chewy,google
Large,2026-05-19,17:15:00,No,Amazon,email
Large,2026-05-19,18:18:00,Yes,Target,facebook
Large,2026-05-19,19:21:00,No,Walmart,instagram
Large,2026-05-19,08:24:00,Yes,PetSmart,google
Large,2026-05-19,09:27:00,No,Chewy,email
Large,2026-05-19,10:30:00,Yes,Amazon,facebook
Large,2026-05-19,11:33:00,No,Target,instagram
Large,2026-05-19,12:36:00,Yes,Walmart,google
Large,2026-05-19,13:39:00,No,PetSmart,email
Large,2026-05-19,14:42:00,Yes,Chewy,facebook
Large,2026-05-19,15:45:00,No,Amazon,instagram
Large,2026-05-19,16:48:00,Yes,Target,google
Large,2026-05-19,17:51:00,No,Walmart,email
Large,2026-05-19,18:54:00,Yes,PetSmart,facebook
Large,2026-05-19,19:57:00,No,Chewy,instagram
Large,2026-05-19,08:00:00,Yes,Amazon,google
Large,2026-05-19,09:03:00,No,Target,email
Large,2026-05-19,10:06:00,Yes,Walmart,facebook
Large,2026-05-19,11:09:00,No,PetSmart,instagram
Large,2026-05-19,12:12:00,Yes,Chewy,google
Large,2026-05-19,13:15:00,No,Amazon,email
Large,2026-05-19,14:18:00,Yes,Target,facebook
Large,2026-05-19,15:21:00,No,Walmart,instagram
Large,2026-05-19,16:24:00,Yes,PetSmart,google
Large,2026-05-19,17:27:00,No,Chewy,email
Large,2026-05-19,18:30:00,Yes,Amazon,facebook
Large,2026-05-19,19:33:00,No,Target,instagram
Large,2026-05-19,08:36:00,Yes,Walmart,google
Large,2026-05-19,09:39:00,No,PetSmart,email
Large,2026-05-19,10:42:00,Yes,Chewy,facebook
Large,2026-05-19,11:45:00,No,Amazon,instagram
Large,2026-05-19,12:48:00,Yes,Target,google
Large,2026-05-19,13:51:00,No,Walmart,email
Large,2026-05-19,14:54:00,Yes,PetSmart,facebook
Large,2026-05-19,15:57:00,No,Chewy,instagram
Large,2026-05-19,16:00:00,Yes,Amazon,google
Large,2026-05-19,17:03:00,No,Target,email
Large,2026-05-19,18:06:00,Yes,Walmart,facebook
Large,2026-05-19,19:09:00,No,PetSmart,instagram
Large,2026-05-19,08:12:00,Yes,Chewy,google
Large,2026-05-19,09:15:00,No,Amazon,email
Large,2026-05-19,10:18:00,Yes,Target,facebook
Large,2026-05-19,11:21:00,No,Walmart,instagram
Large,2026-05-19,12:24:00,Yes,PetSmart,google
Large,2026-05-19,13:27:00,No,Chewy,email
Large,2026-05-19,14:30:00,Yes,Amazon,facebook
Large,2026-05-19,15:33:00,No,Target,instagram
Large,2026-05-19,16:36:00,Yes,Walmart,google
Large,2026-05-19,17:39:00,No,PetSmart,email
Large,2026-05-19,18:42:00,Yes,Chewy,facebook
Large,2026-05-19,19:45:00,No,Amazon,instagram
Large,2026-05-19,08:48:00,Yes,Target,google
Large,2026-05-19,09:51:00,No,Walmart,email
Large,2026-05-19,10:54:00,Yes,PetSmart,facebook
Large,2026-05-19,11:57:00,No,Chewy,instagram
Large,2026-05-19,12:00:00,Yes,Amazon,google
Large,2026-05-19,13:03:00,No,Target,email
Large,2026-05-19,14:06:00,Yes,Walmart,facebook
Large,2026-05-19,15:09:00,No,PetSmart,instagram
Large,2026-05-19,16:12:00,Yes,Chewy,google
Large,2026-05-19,17:15:00,No,Amazon,email
Large,2026-05-19,18:18:00,Yes,Target,facebook
Large,2026-05-19,19:21:00,No,Walmart,instagram
Large,2026-05-19,08:24:00,Yes,PetSmart,google
Large,2026-05-19,09:27:00,No,Chewy,email
Large,2026-05-19,10:30:00,Yes,Amazon,facebook
Large,2026-05-19,11:33:00,No,Target,instagram
Large,2026-05-19,12:36:00,Yes,Walmart,google
Large,2026-05-19,13:39:00,No,PetSmart,email
Large,2026-05-19,14:42:00,Yes,Chewy,facebook
Large,2026-05-19,15:45:00,No,Amazon,instagram
Large,2026-05-19,16:48:00,Yes,Target,google
Large,2026-05-19,17:51:00,No,Walmart,email
Large,2026-05-19,18:54:00,Yes,PetSmart,facebook
Large,2026-05-19,19:57:00,No,Chewy,instagram
Large,2026-05-19,08:00:00,Yes,Amazon,google
Large,2026-05-19,09:03:00,No,Target,email
Large,2026-05-19,10:06:00,Yes,Walmart,facebook
Large,2026-05-19,11:09:00,No,PetSmart,instagram
Large,2026-05-19,12:12:00,Yes,Chewy,google
Large,2026-05-19,13:15:00,No,Amazon,email
Large,2026-05-19,14:18:00,Yes,Target,facebook
Large,2026-05-19,15:21:00,No,Walmart,instagram
Large,2026-05-19,16:24:00,Yes,PetSmart,google
Large,2026-05-19,17:27:00,No,Chewy,email
Large,2026-05-19,18:30:00,Yes,Amazon,facebook
Large,2026-05-19,19:33:00,No,Target,instagram
Large,2026-05-19,08:36:00,Yes,Walmart,google
Large,2026-05-19,09:39:00,No,PetSmart,email
Large,2026-05-19,10:42:00,Yes,Chewy,facebook
Large,2026-05-19,11:45:00,No,Amazon,instagram
Large,2026-05-19,12:48:00,Yes,Target,google
Large,2026-05-19,13:51:00,No,Walmart,email
Large,2026-05-19,14:54:00,Yes,PetSmart,facebook
Large,2026-05-19,15:57:00,No,Chewy,instagram
Large,2026-05-19,16:00:00,Yes,Amazon,google
Large,2026-05-19,17:03:00,No,Target,email
Large,2026-05-19,18:06:00,Yes,Walmart,facebook
Large,2026-05-19,19:09:00,No,PetSmart,instagram
Large,2026-05-19,08:12:00,Yes,Chewy,google
Large,2026-05-19,09:15:00,No,Amazon,email
Large,2026-05-19,10:18:00,Yes,Target,facebook
Large,2026-05-19,11:21:00,No,Walmart,instagram
Large,2026-05-19,12:24:00,Yes,PetSmart,google
Large,2026-05-19,13:27:00,No,Chewy,email
Large,2026-05-19,14:30:00,Yes,Amazon,facebook
Large,2026-05-19,15:33:00,No,Target,instagram
Large,2026-05-19,16:36:00,Yes,Walmart,google
Large,2026-05-19,17:39:00,No,PetSmart,email
Large,2026-05-19,18:42:00,Yes,Chewy,facebook
Large,2026-05-19,19:45:00,No,Amazon,instagram
Large,2026-05-19,08:48:00,Yes,Target,google
Large,2026-05-19,09:51:00,No,Walmart,email
Large,2026-05-19,10:54:00,Yes,PetSmart,facebook
Large,2026-05-19,11:57:00,No,Chewy,instagram
Large,2026-05-19,12:00:00,Yes,Amazon,google
Large,2026-05-19,13:03:00,No,Target,email
Large,2026-05-19,14:06:00,Yes,Walmart,facebook
Large,2026-05-19,15:09:00,No,PetSmart,instagram
Large,2026-05-19,16:12:00,Yes,Chewy,google
Large,2026-05-19,17:15:00,No,Amazon,email
Large,2026-05-19,18:18:00,Yes,Target,facebook
Large,2026-05-19,19:21:00,No,Walmart,instagram
Large,2026-05-19,08:24:00,Yes,PetSmart,google
TEENIE,2026-05-20,08:00:00,No,Target,email
TEENIE,2026-05-20,09:03:00,Yes,Walmart,facebook
TEENIE,2026-05-20,10:06:00,No,PetSmart,instagram
TEENIE,2026-05-20,11:09:00,Yes,Chewy,google
TEENIE,2026-05-20,12:12:00,No,Amazon,email
TEENIE,2026-05-20,13:15:00,Yes,Target,facebook
TEENIE,2026-05-20,14:18:00,No,Walmart,instagram
TEENIE,2026-05-20,15:21:00,Yes,PetSmart,google
TEENIE,2026-05-20,16:24:00,No,Chewy,email
TEENIE,2026-05-20,17:27:00,Yes,Amazon,facebook
TEENIE,2026-05-20,18:30:00,No,Target,instagram
TEENIE,2026-05-20,19:33:00,Yes,Walmart,google
TEENIE,2026-05-20,08:36:00,No,PetSmart,email
TEENIE,2026-05-20,09:39:00,Yes,Chewy,facebook
TEENIE,2026-05-20,10:42:00,No,Amazon,instagram
TEENIE,2026-05-20,11:45:00,Yes,Target,google
TEENIE,2026-05-20,12:48:00,No,Walmart,email
TEENIE,2026-05-20,13:51:00,Yes,PetSmart,facebook
TEENIE,2026-05-20,14:54:00,No,Chewy,instagram
TEENIE,2026-05-20,15:57:00,Yes,Amazon,google
TEENIE,2026-05-20,16:00:00,No,Target,email
TEENIE,2026-05-20,17:03:00,Yes,Walmart,facebook
TEENIE,2026-05-20,18:06:00,No,PetSmart,instagram
TEENIE,2026-05-20,19:09:00,Yes,Chewy,google
TEENIE,2026-05-20,08:12:00,No,Amazon,email
TEENIE,2026-05-20,09:15:00,Yes,Target,facebook
TEENIE,2026-05-20,10:18:00,No,Walmart,instagram
TEENIE,2026-05-20,11:21:00,Yes,PetSmart,google
TEENIE,2026-05-20,12:24:00,No,Chewy,email
TEENIE,2026-05-20,13:27:00,Yes,Amazon,facebook
TEENIE,2026-05-20,14:30:00,No,Target,instagram
TEENIE,2026-05-20,15:33:00,Yes,Walmart,google
TEENIE,2026-05-20,16:36:00,No,PetSmart,email
TEENIE,2026-05-20,17:39:00,Yes,Chewy,facebook
TEENIE,2026-05-20,18:42:00,No,Amazon,instagram
TEENIE,2026-05-20,19:45:00,Yes,Target,google
TEENIE,2026-05-20,08:48:00,No,Walmart,email
TEENIE,2026-05-20,09:51:00,Yes,PetSmart,facebook
TEENIE,2026-05-20,10:54:00,No,Chewy,instagram
TEENIE,2026-05-20,11:57:00,Yes,Amazon,google
TEENIE,2026-05-20,12:00:00,No,Target,email
TEENIE,2026-05-20,13:03:00,Yes,Walmart,facebook
TEENIE,2026-05-20,14:06:00,No,PetSmart,instagram
TEENIE,2026-05-20,15:09:00,Yes,Chewy,google
TEENIE,2026-05-20,16:12:00,No,Amazon,email
TEENIE,2026-05-20,17:15:00,Yes,Target,facebook
TEENIE,2026-05-20,18:18:00,No,Walmart,instagram
TEENIE,2026-05-20,19:21:00,Yes,PetSmart,google
TEENIE,2026-05-20,08:24:00,No,Chewy,email
TEENIE,2026-05-20,09:27:00,Yes,Amazon,facebook
TEENIE,2026-05-20,10:30:00,No,Target,instagram
TEENIE,2026-05-20,11:33:00,Yes,Walmart,google
TEENIE,2026-05-20,12:36:00,No,PetSmart,email
TEENIE,2026-05-20,13:39:00,Yes,Chewy,facebook
TEENIE,2026-05-20,14:42:00,No,Amazon,instagram
TEENIE,2026-05-20,15:45:00,Yes,Target,google
TEENIE,2026-05-20,16:48:00,No,Walmart,email
TEENIE,2026-05-20,17:51:00,Yes,PetSmart,facebook
TEENIE,2026-05-20,18:54:00,No,Chewy,instagram
TEENIE,2026-05-20,19:57:00,Yes,Amazon,google
TEENIE,2026-05-20,08:00:00,No,Target,email
TEENIE,2026-05-20,09:03:00,Yes,Walmart,facebook
TEENIE,2026-05-20,10:06:00,No,PetSmart,instagram
TEENIE,2026-05-20,11:09:00,Yes,Chewy,google
TEENIE,2026-05-20,12:12:00,No,Amazon,email
TEENIE,2026-05-20,13:15:00,Yes,Target,facebook
TEENIE,2026-05-20,14:18:00,No,Walmart,instagram
TEENIE,2026-05-20,15:21:00,Yes,PetSmart,google
TEENIE,2026-05-20,16:24:00,No,Chewy,email
TEENIE,2026-05-20,17:27:00,Yes,Amazon,facebook
TEENIE,2026-05-20,18:30:00,No,Target,instagram
TEENIE,2026-05-20,19:33:00,Yes,Walmart,google
TEENIE,2026-05-20,08:36:00,No,PetSmart,email
TEENIE,2026-05-20,09:39:00,Yes,Chewy,facebook
TEENIE,2026-05-20,10:42:00,No,Amazon,instagram
TEENIE,2026-05-20,11:45:00,Yes,Target,google
TEENIE,2026-05-20,12:48:00,No,Walmart,email
TEENIE,2026-05-20,13:51:00,Yes,PetSmart,facebook
TEENIE,2026-05-20,14:54:00,No,Chewy,instagram
TEENIE,2026-05-20,15:57:00,Yes,Amazon,google
TEENIE,2026-05-20,16:00:00,No,Target,email
TEENIE,2026-05-20,17:03:00,Yes,Walmart,facebook
TEENIE,2026-05-20,18:06:00,No,PetSmart,instagram
TEENIE,2026-05-20,19:09:00,Yes,Chewy,google
TEENIE,2026-05-20,08:12:00,No,Amazon,email
TEENIE,2026-05-20,09:15:00,Yes,Target,facebook
TEENIE,2026-05-20,10:18:00,No,Walmart,instagram
TEENIE,2026-05-20,11:21:00,Yes,PetSmart,google
TEENIE,2026-05-20,12:24:00,No,Chewy,email
TEENIE,2026-05-20,13:27:00,Yes,Amazon,facebook
TEENIE,2026-05-20,14:30:00,No,Target,instagram
TEENIE,2026-05-20,15:33:00,Yes,Walmart,google
TEENIE,2026-05-20,16:36:00,No,PetSmart,email
TEENIE,2026-05-20,17:39:00,Yes,Chewy,facebook
TEENIE,2026-05-20,18:42:00,No,Amazon,instagram
TEENIE,2026-05-20,19:45:00,Yes,Target,google
TEENIE,2026-05-20,08:48:00,No,Walmart,email
TEENIE,2026-05-20,09:51:00,Yes,PetSmart,facebook
TEENIE,2026-05-20,10:54:00,No,Chewy,instagram
TEENIE,2026-05-20,11:57:00,Yes,Amazon,google
TEENIE,2026-05-20,12:00:00,No,Target,email
TEENIE,2026-05-20,13:03:00,Yes,Walmart,facebook
TEENIE,2026-05-20,14:06:00,No,PetSmart,instagram
TEENIE,2026-05-20,15:09:00,Yes,Chewy,google
TEENIE,2026-05-20,16:12:00,No,Amazon,email
TEENIE,2026-05-20,17:15:00,Yes,Target,facebook
TEENIE,2026-05-20,18:18:00,No,Walmart,instagram
TEENIE,2026-05-20,19:21:00,Yes,PetSmart,google
TEENIE,2026-05-20,08:24:00,No,Chewy,email
TEENIE,2026-05-20,09:27:00,Yes,Amazon,facebook
TEENIE,2026-05-20,10:30:00,No,Target,instagram
TEENIE,2026-05-20,11:33:00,Yes,Walmart,google
TEENIE,2026-05-20,12:36:00,No,PetSmart,email
TEENIE,2026-05-20,13:39:00,Yes,Chewy,facebook
TEENIE,2026-05-20,14:42:00,No,Amazon,instagram
TEENIE,2026-05-20,15:45:00,Yes,Target,google
Petite,2026-05-20,08:00:00,No,Target,email
Petite,2026-05-20,09:03:00,Yes,Walmart,facebook
Petite,2026-05-20,10:06:00,No,PetSmart,instagram
Petite,2026-05-20,11:09:00,Yes,Chewy,google
Petite,2026-05-20,12:12:00,No,Amazon,email
Petite,2026-05-20,13:15:00,Yes,Target,facebook
Petite,2026-05-20,14:18:00,No,Walmart,instagram
Petite,2026-05-20,15:21:00,Yes,PetSmart,google
Petite,2026-05-20,16:24:00,No,Chewy,email
Petite,2026-05-20,17:27:00,Yes,Amazon,facebook
Petite,2026-05-20,18:30:00,No,Target,instagram
Petite,2026-05-20,19:33:00,Yes,Walmart,google
Petite,2026-05-20,08:36:00,No,PetSmart,email
Petite,2026-05-20,09:39:00,Yes,Chewy,facebook
Petite,2026-05-20,10:42:00,No,Amazon,instagram
Petite,2026-05-20,11:45:00,Yes,Target,google
Petite,2026-05-20,12:48:00,No,Walmart,email
Petite,2026-05-20,13:51:00,Yes,PetSmart,facebook
Petite,2026-05-20,14:54:00,No,Chewy,instagram
Petite,2026-05-20,15:57:00,Yes,Amazon,google
Petite,2026-05-20,16:00:00,No,Target,email
Petite,2026-05-20,17:03:00,Yes,Walmart,facebook
Petite,2026-05-20,18:06:00,No,PetSmart,instagram
Petite,2026-05-20,19:09:00,Yes,Chewy,google
Petite,2026-05-20,08:12:00,No,Amazon,email
Petite,2026-05-20,09:15:00,Yes,Target,facebook
Petite,2026-05-20,10:18:00,No,Walmart,instagram
Petite,2026-05-20,11:21:00,Yes,PetSmart,google
Petite,2026-05-20,12:24:00,No,Chewy,email
Petite,2026-05-20,13:27:00,Yes,Amazon,facebook
Petite,2026-05-20,14:30:00,No,Target,instagram
Petite,2026-05-20,15:33:00,Yes,Walmart,google
Petite,2026-05-20,16:36:00,No,PetSmart,email
Petite,2026-05-20,17:39:00,Yes,Chewy,facebook
Petite,2026-05-20,18:42:00,No,Amazon,instagram
Petite,2026-05-20,19:45:00,Yes,Target,google
Petite,2026-05-20,08:48:00,No,Walmart,email
Petite,2026-05-20,09:51:00,Yes,PetSmart,facebook
Petite,2026-05-20,10:54:00,No,Chewy,instagram
Petite,2026-05-20,11:57:00,Yes,Amazon,google
Petite,2026-05-20,12:00:00,No,Target,email
Petite,2026-05-20,13:03:00,Yes,Walmart,facebook
Petite,2026-05-20,14:06:00,No,PetSmart,instagram
Petite,2026-05-20,15:09:00,Yes,Chewy,google
Petite,2026-05-20,16:12:00,No,Amazon,email
Petite,2026-05-20,17:15:00,Yes,Target,facebook
Petite,2026-05-20,18:18:00,No,Walmart,instagram
Petite,2026-05-20,19:21:00,Yes,PetSmart,google
Petite,2026-05-20,08:24:00,No,Chewy,email
Petite,2026-05-20,09:27:00,Yes,Amazon,facebook
Petite,2026-05-20,10:30:00,No,Target,instagram
Petite,2026-05-20,11:33:00,Yes,Walmart,google
Petite,2026-05-20,12:36:00,No,PetSmart,email
Petite,2026-05-20,13:39:00,Yes,Chewy,facebook
Petite,2026-05-20,14:42:00,No,Amazon,instagram
Petite,2026-05-20,15:45:00,Yes,Target,google
Petite,2026-05-20,16:48:00,No,Walmart,email
Petite,2026-05-20,17:51:00,Yes,PetSmart,facebook
Petite,2026-05-20,18:54:00,No,Chewy,instagram
Petite,2026-05-20,19:57:00,Yes,Amazon,google
Petite,2026-05-20,08:00:00,No,Target,email
Petite,2026-05-20,09:03:00,Yes,Walmart,facebook
Petite,2026-05-20,10:06:00,No,PetSmart,instagram
Petite,2026-05-20,11:09:00,Yes,Chewy,google
Petite,2026-05-20,12:12:00,No,Amazon,email
Petite,2026-05-20,13:15:00,Yes,Target,facebook
Petite,2026-05-20,14:18:00,No,Walmart,instagram
Petite,2026-05-20,15:21:00,Yes,PetSmart,google
Petite,2026-05-20,16:24:00,No,Chewy,email
Petite,2026-05-20,17:27:00,Yes,Amazon,facebook
Petite,2026-05-20,18:30:00,No,Target,instagram
Petite,2026-05-20,19:33:00,Yes,Walmart,google
Petite,2026-05-20,08:36:00,No,PetSmart,email
Petite,2026-05-20,09:39:00,Yes,Chewy,facebook
Petite,2026-05-20,10:42:00,No,Amazon,instagram
Petite,2026-05-20,11:45:00,Yes,Target,google
Petite,2026-05-20,12:48:00,No,Walmart,email
Petite,2026-05-20,13:51:00,Yes,PetSmart,facebook
Petite,2026-05-20,14:54:00,No,Chewy,instagram
Petite,2026-05-20,15:57:00,Yes,Amazon,google
Petite,2026-05-20,16:00:00,No,Target,email
Petite,2026-05-20,17:03:00,Yes,Walmart,facebook
Petite,2026-05-20,18:06:00,No,PetSmart,instagram
Petite,2026-05-20,19:09:00,Yes,Chewy,google
Petite,2026-05-20,08:12:00,No,Amazon,email
Petite,2026-05-20,09:15:00,Yes,Target,facebook
Regular,2026-05-20,08:00:00,No,Target,email
Regular,2026-05-20,09:03:00,Yes,Walmart,facebook
Regular,2026-05-20,10:06:00,No,PetSmart,instagram
Regular,2026-05-20,11:09:00,Yes,Chewy,google
Regular,2026-05-20,12:12:00,No,Amazon,email
Regular,2026-05-20,13:15:00,Yes,Target,facebook
Regular,2026-05-20,14:18:00,No,Walmart,instagram
Regular,2026-05-20,15:21:00,Yes,PetSmart,google
Regular,2026-05-20,16:24:00,No,Chewy,email
Regular,2026-05-20,17:27:00,Yes,Amazon,facebook
Regular,2026-05-20,18:30:00,No,Target,instagram
Regular,2026-05-20,19:33:00,Yes,Walmart,google
Regular,2026-05-20,08:36:00,No,PetSmart,email
Regular,2026-05-20,09:39:00,Yes,Chewy,facebook
Regular,2026-05-20,10:42:00,No,Amazon,instagram
Regular,2026-05-20,11:45:00,Yes,Target,google
Regular,2026-05-20,12:48:00,No,Walmart,email
Regular,2026-05-20,13:51:00,Yes,PetSmart,facebook
Regular,2026-05-20,14:54:00,No,Chewy,instagram
Regular,2026-05-20,15:57:00,Yes,Amazon,google
Regular,2026-05-20,16:00:00,No,Target,email
Regular,2026-05-20,17:03:00,Yes,Walmart,facebook
Regular,2026-05-20,18:06:00,No,PetSmart,instagram
Regular,2026-05-20,19:09:00,Yes,Chewy,google
Regular,2026-05-20,08:12:00,No,Amazon,email
Regular,2026-05-20,09:15:00,Yes,Target,facebook
Regular,2026-05-20,10:18:00,No,Walmart,instagram
Regular,2026-05-20,11:21:00,Yes,PetSmart,google
Regular,2026-05-20,12:24:00,No,Chewy,email
Regular,2026-05-20,13:27:00,Yes,Amazon,facebook
Regular,2026-05-20,14:30:00,No,Target,instagram
Regular,2026-05-20,15:33:00,Yes,Walmart,google
Regular,2026-05-20,16:36:00,No,PetSmart,email
Regular,2026-05-20,17:39:00,Yes,Chewy,facebook
Regular,2026-05-20,18:42:00,No,Amazon,instagram
Regular,2026-05-20,19:45:00,Yes,Target,google
Regular,2026-05-20,08:48:00,No,Walmart,email
Regular,2026-05-20,09:51:00,Yes,PetSmart,facebook
Regular,2026-05-20,10:54:00,No,Chewy,instagram
Regular,2026-05-20,11:57:00,Yes,Amazon,google
Regular,2026-05-20,12:00:00,No,Target,email
Regular,2026-05-20,13:03:00,Yes,Walmart,facebook
Regular,2026-05-20,14:06:00,No,PetSmart,instagram
Regular,2026-05-20,15:09:00,Yes,Chewy,google
Regular,2026-05-20,16:12:00,No,Amazon,email
Regular,2026-05-20,17:15:00,Yes,Target,facebook
Regular,2026-05-20,18:18:00,No,Walmart,instagram
Regular,2026-05-20,19:21:00,Yes,PetSmart,google
Regular,2026-05-20,08:24:00,No,Chewy,email
Regular,2026-05-20,09:27:00,Yes,Amazon,facebook
Regular,2026-05-20,10:30:00,No,Target,instagram
Regular,2026-05-20,11:33:00,Yes,Walmart,google
Regular,2026-05-20,12:36:00,No,PetSmart,email
Regular,2026-05-20,13:39:00,Yes,Chewy,facebook
Regular,2026-05-20,14:42:00,No,Amazon,instagram
Regular,2026-05-20,15:45:00,Yes,Target,google
Regular,2026-05-20,16:48:00,No,Walmart,email
Regular,2026-05-20,17:51:00,Yes,PetSmart,facebook
Regular,2026-05-20,18:54:00,No,Chewy,instagram
Regular,2026-05-20,19:57:00,Yes,Amazon,google
Regular,2026-05-20,08:00:00,No,Target,email
Regular,2026-05-20,09:03:00,Yes,Walmart,facebook
Regular,2026-05-20,10:06:00,No,PetSmart,instagram
Regular,2026-05-20,11:09:00,Yes,Chewy,google
Regular,2026-05-20,12:12:00,No,Amazon,email
Regular,2026-05-20,13:15:00,Yes,Target,facebook
Regular,2026-05-20,14:18:00,No,Walmart,instagram
Regular,2026-05-20,15:21:00,Yes,PetSmart,google
Regular,2026-05-20,16:24:00,No,Chewy,email
Regular,2026-05-20,17:27:00,Yes,Amazon,facebook
Regular,2026-05-20,18:30:00,No,Target,instagram
Regular,2026-05-20,19:33:00,Yes,Walmart,google
Regular,2026-05-20,08:36:00,No,PetSmart,email
Regular,2026-05-20,09:39:00,Yes,Chewy,facebook
Regular,2026-05-20,10:42:00,No,Amazon,instagram
Regular,2026-05-20,11:45:00,Yes,Target,google
Regular,2026-05-20,12:48:00,No,Walmart,email
Regular,2026-05-20,13:51:00,Yes,PetSmart,facebook
Regular,2026-05-20,14:54:00,No,Chewy,instagram
Regular,2026-05-20,15:57:00,Yes,Amazon,google
Regular,2026-05-20,16:00:00,No,Target,email
Regular,2026-05-20,17:03:00,Yes,Walmart,facebook
Regular,2026-05-20,18:06:00,No,PetSmart,instagram
Regular,2026-05-20,19:09:00,Yes,Chewy,google
Regular,2026-05-20,08:12:00,No,Amazon,email
Regular,2026-05-20,09:15:00,Yes,Target,facebook
Regular,2026-05-20,10:18:00,No,Walmart,instagram
Regular,2026-05-20,11:21:00,Yes,PetSmart,google
Regular,2026-05-20,12:24:00,No,Chewy,email
Regular,2026-05-20,13:27:00,Yes,Amazon,facebook
Regular,2026-05-20,14:30:00,No,Target,instagram
Regular,2026-05-20,15:33:00,Yes,Walmart,google
Regular,2026-05-20,16:36:00,No,PetSmart,email
Regular,2026-05-20,17:39:00,Yes,Chewy,facebook
Regular,2026-05-20,18:42:00,No,Amazon,instagram
Regular,2026-05-20,19:45:00,Yes,Target,google
Regular,2026-05-20,08:48:00,No,Walmart,email
Regular,2026-05-20,09:51:00,Yes,PetSmart,facebook
Regular,2026-05-20,10:54:00,No,Chewy,instagram
Regular,2026-05-20,11:57:00,Yes,Amazon,google
Regular,2026-05-20,12:00:00,No,Target,email
Regular,2026-05-20,13:03:00,Yes,Walmart,facebook
Regular,2026-05-20,14:06:00,No,PetSmart,instagram
Regular,2026-05-20,15:09:00,Yes,Chewy,google
Regular,2026-05-20,16:12:00,No,Amazon,email
Regular,2026-05-20,17:15:00,Yes,Target,facebook
Regular,2026-05-20,18:18:00,No,Walmart,instagram
Regular,2026-05-20,19:21:00,Yes,PetSmart,google
Regular,2026-05-20,08:24:00,No,Chewy,email
Regular,2026-05-20,09:27:00,Yes,Amazon,facebook
Regular,2026-05-20,10:30:00,No,Target,instagram
Regular,2026-05-20,11:33:00,Yes,Walmart,google
Regular,2026-05-20,12:36:00,No,PetSmart,email
Regular,2026-05-20,13:39:00,Yes,Chewy,facebook
Regular,2026-05-20,14:42:00,No,Amazon,instagram
Regular,2026-05-20,15:45:00,Yes,Target,google
Regular,2026-05-20,16:48:00,No,Walmart,email
Regular,2026-05-20,17:51:00,Yes,PetSmart,facebook
Regular,2026-05-20,18:54:00,No,Chewy,instagram
Regular,2026-05-20,19:57:00,Yes,Amazon,google
Regular,2026-05-20,08:00:00,No,Target,email
Regular,2026-05-20,09:03:00,Yes,Walmart,facebook
Regular,2026-05-20,10:06:00,No,PetSmart,instagram
Regular,2026-05-20,11:09:00,Yes,Chewy,google
Regular,2026-05-20,12:12:00,No,Amazon,email
Regular,2026-05-20,13:15:00,Yes,Target,facebook
Regular,2026-05-20,14:18:00,No,Walmart,instagram
Regular,2026-05-20,15:21:00,Yes,PetSmart,google
Regular,2026-05-20,16:24:00,No,Chewy,email
Regular,2026-05-20,17:27:00,Yes,Amazon,facebook
Regular,2026-05-20,18:30:00,No,Target,instagram
Regular,2026-05-20,19:33:00,Yes,Walmart,google
Regular,2026-05-20,08:36:00,No,PetSmart,email
Regular,2026-05-20,09:39:00,Yes,Chewy,facebook
Regular,2026-05-20,10:42:00,No,Amazon,instagram
Regular,2026-05-20,11:45:00,Yes,Target,google
Large,2026-05-20,08:00:00,No,Target,email
Large,2026-05-20,09:03:00,Yes,Walmart,facebook
Large,2026-05-20,10:06:00,No,PetSmart,instagram
Large,2026-05-20,11:09:00,Yes,Chewy,google
Large,2026-05-20,12:12:00,No,Amazon,email
Large,2026-05-20,13:15:00,Yes,Target,facebook
Large,2026-05-20,14:18:00,No,Walmart,instagram
Large,2026-05-20,15:21:00,Yes,PetSmart,google
Large,2026-05-20,16:24:00,No,Chewy,email
Large,2026-05-20,17:27:00,Yes,Amazon,facebook
Large,2026-05-20,18:30:00,No,Target,instagram
Large,2026-05-20,19:33:00,Yes,Walmart,google
Large,2026-05-20,08:36:00,No,PetSmart,email
Large,2026-05-20,09:39:00,Yes,Chewy,facebook
Large,2026-05-20,10:42:00,No,Amazon,instagram
Large,2026-05-20,11:45:00,Yes,Target,google
Large,2026-05-20,12:48:00,No,Walmart,email
Large,2026-05-20,13:51:00,Yes,PetSmart,facebook
Large,2026-05-20,14:54:00,No,Chewy,instagram
Large,2026-05-20,15:57:00,Yes,Amazon,google
Large,2026-05-20,16:00:00,No,Target,email
Large,2026-05-20,17:03:00,Yes,Walmart,facebook
Large,2026-05-20,18:06:00,No,PetSmart,instagram
Large,2026-05-20,19:09:00,Yes,Chewy,google
Large,2026-05-20,08:12:00,No,Amazon,email
Large,2026-05-20,09:15:00,Yes,Target,facebook
Large,2026-05-20,10:18:00,No,Walmart,instagram
Large,2026-05-20,11:21:00,Yes,PetSmart,google
Large,2026-05-20,12:24:00,No,Chewy,email
Large,2026-05-20,13:27:00,Yes,Amazon,facebook
Large,2026-05-20,14:30:00,No,Target,instagram
Large,2026-05-20,15:33:00,Yes,Walmart,google
Large,2026-05-20,16:36:00,No,PetSmart,email
Large,2026-05-20,17:39:00,Yes,Chewy,facebook
Large,2026-05-20,18:42:00,No,Amazon,instagram
Large,2026-05-20,19:45:00,Yes,Target,google
Large,2026-05-20,08:48:00,No,Walmart,email
Large,2026-05-20,09:51:00,Yes,PetSmart,facebook
Large,2026-05-20,10:54:00,No,Chewy,instagram
Large,2026-05-20,11:57:00,Yes,Amazon,google
Large,2026-05-20,12:00:00,No,Target,email
Large,2026-05-20,13:03:00,Yes,Walmart,facebook
Large,2026-05-20,14:06:00,No,PetSmart,instagram
Large,2026-05-20,15:09:00,Yes,Chewy,google
Large,2026-05-20,16:12:00,No,Amazon,email
Large,2026-05-20,17:15:00,Yes,Target,facebook
Large,2026-05-20,18:18:00,No,Walmart,instagram
Large,2026-05-20,19:21:00,Yes,PetSmart,google
Large,2026-05-20,08:24:00,No,Chewy,email
Large,2026-05-20,09:27:00,Yes,Amazon,facebook
Large,2026-05-20,10:30:00,No,Target,instagram
Large,2026-05-20,11:33:00,Yes,Walmart,google
Large,2026-05-20,12:36:00,No,PetSmart,email
Large,2026-05-20,13:39:00,Yes,Chewy,facebook
Large,2026-05-20,14:42:00,No,Amazon,instagram
Large,2026-05-20,15:45:00,Yes,Target,google
Large,2026-05-20,16:48:00,No,Walmart,email
Large,2026-05-20,17:51:00,Yes,PetSmart,facebook
Large,2026-05-20,18:54:00,No,Chewy,instagram
Large,2026-05-20,19:57:00,Yes,Amazon,google
Large,2026-05-20,08:00:00,No,Target,email
Large,2026-05-20,09:03:00,Yes,Walmart,facebook
Large,2026-05-20,10:06:00,No,PetSmart,instagram
Large,2026-05-20,11:09:00,Yes,Chewy,google
Large,2026-05-20,12:12:00,No,Amazon,email
Large,2026-05-20,13:15:00,Yes,Target,facebook
Large,2026-05-20,14:18:00,No,Walmart,instagram
Large,2026-05-20,15:21:00,Yes,PetSmart,google
Large,2026-05-20,16:24:00,No,Chewy,email
Large,2026-05-20,17:27:00,Yes,Amazon,facebook
Large,2026-05-20,18:30:00,No,Target,instagram
Large,2026-05-20,19:33:00,Yes,Walmart,google
Large,2026-05-20,08:36:00,No,PetSmart,email
Large,2026-05-20,09:39:00,Yes,Chewy,facebook
Large,2026-05-20,10:42:00,No,Amazon,instagram
Large,2026-05-20,11:45:00,Yes,Target,google
Large,2026-05-20,12:48:00,No,Walmart,email
Large,2026-05-20,13:51:00,Yes,PetSmart,facebook
Large,2026-05-20,14:54:00,No,Chewy,instagram
Large,2026-05-20,15:57:00,Yes,Amazon,google
Large,2026-05-20,16:00:00,No,Target,email
Large,2026-05-20,17:03:00,Yes,Walmart,facebook
Large,2026-05-20,18:06:00,No,PetSmart,instagram
Large,2026-05-20,19:09:00,Yes,Chewy,google
Large,2026-05-20,08:12:00,No,Amazon,email
Large,2026-05-20,09:15:00,Yes,Target,facebook
Large,2026-05-20,10:18:00,No,Walmart,instagram
Large,2026-05-20,11:21:00,Yes,PetSmart,google
Large,2026-05-20,12:24:00,No,Chewy,email
Large,2026-05-20,13:27:00,Yes,Amazon,facebook
Large,2026-05-20,14:30:00,No,Target,instagram
Large,2026-05-20,15:33:00,Yes,Walmart,google
Large,2026-05-20,16:36:00,No,PetSmart,email
Large,2026-05-20,17:39:00,Yes,Chewy,facebook
Large,2026-05-20,18:42:00,No,Amazon,instagram
Large,2026-05-20,19:45:00,Yes,Target,google
Large,2026-05-20,08:48:00,No,Walmart,email
Large,2026-05-20,09:51:00,Yes,PetSmart,facebook
Large,2026-05-20,10:54:00,No,Chewy,instagram
Large,2026-05-20,11:57:00,Yes,Amazon,google
Large,2026-05-20,12:00:00,No,Target,email
Large,2026-05-20,13:03:00,Yes,Walmart,facebook
Large,2026-05-20,14:06:00,No,PetSmart,instagram
Large,2026-05-20,15:09:00,Yes,Chewy,google
Large,2026-05-20,16:12:00,No,Amazon,email
Large,2026-05-20,17:15:00,Yes,Target,facebook
Large,2026-05-20,18:18:00,No,Walmart,instagram
Large,2026-05-20,19:21:00,Yes,PetSmart,google
Large,2026-05-20,08:24:00,No,Chewy,email
Large,2026-05-20,09:27:00,Yes,Amazon,facebook
Large,2026-05-20,10:30:00,No,Target,instagram
Large,2026-05-20,11:33:00,Yes,Walmart,google
Large,2026-05-20,12:36:00,No,PetSmart,email
Large,2026-05-20,13:39:00,Yes,Chewy,facebook
Large,2026-05-20,14:42:00,No,Amazon,instagram
Large,2026-05-20,15:45:00,Yes,Target,google
Large,2026-05-20,16:48:00,No,Walmart,email
Large,2026-05-20,17:51:00,Yes,PetSmart,facebook
Large,2026-05-20,18:54:00,No,Chewy,instagram
Large,2026-05-20,19:57:00,Yes,Amazon,google
Large,2026-05-20,08:00:00,No,Target,email
Large,2026-05-20,09:03:00,Yes,Walmart,facebook
Large,2026-05-20,10:06:00,No,PetSmart,instagram
Large,2026-05-20,11:09:00,Yes,Chewy,google
Large,2026-05-20,12:12:00,No,Amazon,email
Large,2026-05-20,13:15:00,Yes,Target,facebook
Large,2026-05-20,14:18:00,No,Walmart,instagram
Large,2026-05-20,15:21:00,Yes,PetSmart,google
Large,2026-05-20,16:24:00,No,Chewy,email
Large,2026-05-20,17:27:00,Yes,Amazon,facebook
Large,2026-05-20,18:30:00,No,Target,instagram
Large,2026-05-20,19:33:00,Yes,Walmart,google
Large,2026-05-20,08:36:00,No,PetSmart,email
Large,2026-05-20,09:39:00,Yes,Chewy,facebook
Large,2026-05-20,10:42:00,No,Amazon,instagram
Large,2026-05-20,11:45:00,Yes,Target,google
Large,2026-05-20,12:48:00,No,Walmart,email
Large,2026-05-20,13:51:00,Yes,PetSmart,facebook
Large,2026-05-20,14:54:00,No,Chewy,instagram
Large,2026-05-20,15:57:00,Yes,Amazon,google
Large,2026-05-20,16:00:00,No,Target,email
Large,2026-05-20,17:03:00,Yes,Walmart,facebook
Large,2026-05-20,18:06:00,No,PetSmart,instagram
Large,2026-05-20,19:09:00,Yes,Chewy,google
Large,2026-05-20,08:12:00,No,Amazon,email
Large,2026-05-20,09:15:00,Yes,Target,facebook
Large,2026-05-20,10:18:00,No,Walmart,instagram
Large,2026-05-20,11:21:00,Yes,PetSmart,google
Large,2026-05-20,12:24:00,No,Chewy,email
Large,2026-05-20,13:27:00,Yes,Amazon,facebook
Large,2026-05-20,14:30:00,No,Target,instagram
Large,2026-05-20,15:33:00,Yes,Walmart,google
Large,2026-05-20,16:36:00,No,PetSmart,email
Large,2026-05-20,17:39:00,Yes,Chewy,facebook
Large,2026-05-20,18:42:00,No,Amazon,instagram
Large,2026-05-20,19:45:00,Yes,Target,google
Large,2026-05-20,08:48:00,No,Walmart,email
Large,2026-05-20,09:51:00,Yes,PetSmart,facebook
Large,2026-05-20,10:54:00,No,Chewy,instagram
Large,2026-05-20,11:57:00,Yes,Amazon,google
Large,2026-05-20,12:00:00,No,Target,email
Large,2026-05-20,13:03:00,Yes,Walmart,facebook
Large,2026-05-20,14:06:00,No,PetSmart,instagram
Large,2026-05-20,15:09:00,Yes,Chewy,google
Large,2026-05-20,16:12:00,No,Amazon,email
Large,2026-05-20,17:15:00,Yes,Target,facebook
Large,2026-05-20,18:18:00,No,Walmart,instagram
Large,2026-05-20,19:21:00,Yes,PetSmart,google
Large,2026-05-20,08:24:00,No,Chewy,email
Large,2026-05-20,09:27:00,Yes,Amazon,facebook
Large,2026-05-20,10:30:00,No,Target,instagram
Large,2026-05-20,11:33:00,Yes,Walmart,google
Large,2026-05-20,12:36:00,No,PetSmart,email
Large,2026-05-20,13:39:00,Yes,Chewy,facebook
Large,2026-05-20,14:42:00,No,Amazon,instagram
Large,2026-05-20,15:45:00,Yes,Target,google
TEENIE,2026-05-21,08:00:00,Yes,Walmart,facebook
TEENIE,2026-05-21,09:03:00,No,PetSmart,instagram
TEENIE,2026-05-21,10:06:00,Yes,Chewy,google
TEENIE,2026-05-21,11:09:00,No,Amazon,email
TEENIE,2026-05-21,12:12:00,Yes,Target,facebook
TEENIE,2026-05-21,13:15:00,No,Walmart,instagram
TEENIE,2026-05-21,14:18:00,Yes,PetSmart,google
TEENIE,2026-05-21,15:21:00,No,Chewy,email
TEENIE,2026-05-21,16:24:00,Yes,Amazon,facebook
TEENIE,2026-05-21,17:27:00,No,Target,instagram
TEENIE,2026-05-21,18:30:00,Yes,Walmart,google
TEENIE,2026-05-21,19:33:00,No,PetSmart,email
TEENIE,2026-05-21,08:36:00,Yes,Chewy,facebook
TEENIE,2026-05-21,09:39:00,No,Amazon,instagram
TEENIE,2026-05-21,10:42:00,Yes,Target,google
TEENIE,2026-05-21,11:45:00,No,Walmart,email
TEENIE,2026-05-21,12:48:00,Yes,PetSmart,facebook
TEENIE,2026-05-21,13:51:00,No,Chewy,instagram
TEENIE,2026-05-21,14:54:00,Yes,Amazon,google
TEENIE,2026-05-21,15:57:00,No,Target,email
TEENIE,2026-05-21,16:00:00,Yes,Walmart,facebook
TEENIE,2026-05-21,17:03:00,No,PetSmart,instagram
TEENIE,2026-05-21,18:06:00,Yes,Chewy,google
TEENIE,2026-05-21,19:09:00,No,Amazon,email
TEENIE,2026-05-21,08:12:00,Yes,Target,facebook
TEENIE,2026-05-21,09:15:00,No,Walmart,instagram
TEENIE,2026-05-21,10:18:00,Yes,PetSmart,google
TEENIE,2026-05-21,11:21:00,No,Chewy,email
TEENIE,2026-05-21,12:24:00,Yes,Amazon,facebook
TEENIE,2026-05-21,13:27:00,No,Target,instagram
TEENIE,2026-05-21,14:30:00,Yes,Walmart,google
TEENIE,2026-05-21,15:33:00,No,PetSmart,email
TEENIE,2026-05-21,16:36:00,Yes,Chewy,facebook
TEENIE,2026-05-21,17:39:00,No,Amazon,instagram
TEENIE,2026-05-21,18:42:00,Yes,Target,google
TEENIE,2026-05-21,19:45:00,No,Walmart,email
TEENIE,2026-05-21,08:48:00,Yes,PetSmart,facebook
TEENIE,2026-05-21,09:51:00,No,Chewy,instagram
TEENIE,2026-05-21,10:54:00,Yes,Amazon,google
TEENIE,2026-05-21,11:57:00,No,Target,email
TEENIE,2026-05-21,12:00:00,Yes,Walmart,facebook
TEENIE,2026-05-21,13:03:00,No,PetSmart,instagram
TEENIE,2026-05-21,14:06:00,Yes,Chewy,google
TEENIE,2026-05-21,15:09:00,No,Amazon,email
TEENIE,2026-05-21,16:12:00,Yes,Target,facebook
TEENIE,2026-05-21,17:15:00,No,Walmart,instagram
TEENIE,2026-05-21,18:18:00,Yes,PetSmart,google
TEENIE,2026-05-21,19:21:00,No,Chewy,email
TEENIE,2026-05-21,08:24:00,Yes,Amazon,facebook
TEENIE,2026-05-21,09:27:00,No,Target,instagram
TEENIE,2026-05-21,10:30:00,Yes,Walmart,google
TEENIE,2026-05-21,11:33:00,No,PetSmart,email
TEENIE,2026-05-21,12:36:00,Yes,Chewy,facebook
TEENIE,2026-05-21,13:39:00,No,Amazon,instagram
TEENIE,2026-05-21,14:42:00,Yes,Target,google
TEENIE,2026-05-21,15:45:00,No,Walmart,email
TEENIE,2026-05-21,16:48:00,Yes,PetSmart,facebook
TEENIE,2026-05-21,17:51:00,No,Chewy,instagram
TEENIE,2026-05-21,18:54:00,Yes,Amazon,google
TEENIE,2026-05-21,19:57:00,No,Target,email
TEENIE,2026-05-21,08:00:00,Yes,Walmart,facebook
TEENIE,2026-05-21,09:03:00,No,PetSmart,instagram
TEENIE,2026-05-21,10:06:00,Yes,Chewy,google
TEENIE,2026-05-21,11:09:00,No,Amazon,email
TEENIE,2026-05-21,12:12:00,Yes,Target,facebook
TEENIE,2026-05-21,13:15:00,No,Walmart,instagram
TEENIE,2026-05-21,14:18:00,Yes,PetSmart,google
TEENIE,2026-05-21,15:21:00,No,Chewy,email
TEENIE,2026-05-21,16:24:00,Yes,Amazon,facebook
TEENIE,2026-05-21,17:27:00,No,Target,instagram
TEENIE,2026-05-21,18:30:00,Yes,Walmart,google
TEENIE,2026-05-21,19:33:00,No,PetSmart,email
TEENIE,2026-05-21,08:36:00,Yes,Chewy,facebook
TEENIE,2026-05-21,09:39:00,No,Amazon,instagram
TEENIE,2026-05-21,10:42:00,Yes,Target,google
TEENIE,2026-05-21,11:45:00,No,Walmart,email
TEENIE,2026-05-21,12:48:00,Yes,PetSmart,facebook
TEENIE,2026-05-21,13:51:00,No,Chewy,instagram
TEENIE,2026-05-21,14:54:00,Yes,Amazon,google
TEENIE,2026-05-21,15:57:00,No,Target,email
TEENIE,2026-05-21,16:00:00,Yes,Walmart,facebook
TEENIE,2026-05-21,17:03:00,No,PetSmart,instagram
TEENIE,2026-05-21,18:06:00,Yes,Chewy,google
TEENIE,2026-05-21,19:09:00,No,Amazon,email
TEENIE,2026-05-21,08:12:00,Yes,Target,facebook
TEENIE,2026-05-21,09:15:00,No,Walmart,instagram
TEENIE,2026-05-21,10:18:00,Yes,PetSmart,google
TEENIE,2026-05-21,11:21:00,No,Chewy,email
TEENIE,2026-05-21,12:24:00,Yes,Amazon,facebook
TEENIE,2026-05-21,13:27:00,No,Target,instagram
TEENIE,2026-05-21,14:30:00,Yes,Walmart,google
TEENIE,2026-05-21,15:33:00,No,PetSmart,email
TEENIE,2026-05-21,16:36:00,Yes,Chewy,facebook
TEENIE,2026-05-21,17:39:00,No,Amazon,instagram
TEENIE,2026-05-21,18:42:00,Yes,Target,google
TEENIE,2026-05-21,19:45:00,No,Walmart,email
TEENIE,2026-05-21,08:48:00,Yes,PetSmart,facebook
TEENIE,2026-05-21,09:51:00,No,Chewy,instagram
TEENIE,2026-05-21,10:54:00,Yes,Amazon,google
TEENIE,2026-05-21,11:57:00,No,Target,email
TEENIE,2026-05-21,12:00:00,Yes,Walmart,facebook
TEENIE,2026-05-21,13:03:00,No,PetSmart,instagram
TEENIE,2026-05-21,14:06:00,Yes,Chewy,google
TEENIE,2026-05-21,15:09:00,No,Amazon,email
TEENIE,2026-05-21,16:12:00,Yes,Target,facebook
TEENIE,2026-05-21,17:15:00,No,Walmart,instagram
TEENIE,2026-05-21,18:18:00,Yes,PetSmart,google
TEENIE,2026-05-21,19:21:00,No,Chewy,email
TEENIE,2026-05-21,08:24:00,Yes,Amazon,facebook
TEENIE,2026-05-21,09:27:00,No,Target,instagram
TEENIE,2026-05-21,10:30:00,Yes,Walmart,google
TEENIE,2026-05-21,11:33:00,No,PetSmart,email
TEENIE,2026-05-21,12:36:00,Yes,Chewy,facebook
TEENIE,2026-05-21,13:39:00,No,Amazon,instagram
TEENIE,2026-05-21,14:42:00,Yes,Target,google
TEENIE,2026-05-21,15:45:00,No,Walmart,email
TEENIE,2026-05-21,16:48:00,Yes,PetSmart,facebook
TEENIE,2026-05-21,17:51:00,No,Chewy,instagram
TEENIE,2026-05-21,18:54:00,Yes,Amazon,google
TEENIE,2026-05-21,19:57:00,No,Target,email
TEENIE,2026-05-21,08:00:00,Yes,Walmart,facebook
TEENIE,2026-05-21,09:03:00,No,PetSmart,instagram
TEENIE,2026-05-21,10:06:00,Yes,Chewy,google
Petite,2026-05-21,08:00:00,Yes,Walmart,facebook
Petite,2026-05-21,09:03:00,No,PetSmart,instagram
Petite,2026-05-21,10:06:00,Yes,Chewy,google
Petite,2026-05-21,11:09:00,No,Amazon,email
Petite,2026-05-21,12:12:00,Yes,Target,facebook
Petite,2026-05-21,13:15:00,No,Walmart,instagram
Petite,2026-05-21,14:18:00,Yes,PetSmart,google
Petite,2026-05-21,15:21:00,No,Chewy,email
Petite,2026-05-21,16:24:00,Yes,Amazon,facebook
Petite,2026-05-21,17:27:00,No,Target,instagram
Petite,2026-05-21,18:30:00,Yes,Walmart,google
Petite,2026-05-21,19:33:00,No,PetSmart,email
Petite,2026-05-21,08:36:00,Yes,Chewy,facebook
Petite,2026-05-21,09:39:00,No,Amazon,instagram
Petite,2026-05-21,10:42:00,Yes,Target,google
Petite,2026-05-21,11:45:00,No,Walmart,email
Petite,2026-05-21,12:48:00,Yes,PetSmart,facebook
Petite,2026-05-21,13:51:00,No,Chewy,instagram
Petite,2026-05-21,14:54:00,Yes,Amazon,google
Petite,2026-05-21,15:57:00,No,Target,email
Petite,2026-05-21,16:00:00,Yes,Walmart,facebook
Petite,2026-05-21,17:03:00,No,PetSmart,instagram
Petite,2026-05-21,18:06:00,Yes,Chewy,google
Petite,2026-05-21,19:09:00,No,Amazon,email
Petite,2026-05-21,08:12:00,Yes,Target,facebook
Petite,2026-05-21,09:15:00,No,Walmart,instagram
Petite,2026-05-21,10:18:00,Yes,PetSmart,google
Petite,2026-05-21,11:21:00,No,Chewy,email
Petite,2026-05-21,12:24:00,Yes,Amazon,facebook
Petite,2026-05-21,13:27:00,No,Target,instagram
Petite,2026-05-21,14:30:00,Yes,Walmart,google
Petite,2026-05-21,15:33:00,No,PetSmart,email
Petite,2026-05-21,16:36:00,Yes,Chewy,facebook
Petite,2026-05-21,17:39:00,No,Amazon,instagram
Petite,2026-05-21,18:42:00,Yes,Target,google
Petite,2026-05-21,19:45:00,No,Walmart,email
Petite,2026-05-21,08:48:00,Yes,PetSmart,facebook
Petite,2026-05-21,09:51:00,No,Chewy,instagram
Petite,2026-05-21,10:54:00,Yes,Amazon,google
Petite,2026-05-21,11:57:00,No,Target,email
Petite,2026-05-21,12:00:00,Yes,Walmart,facebook
Petite,2026-05-21,13:03:00,No,PetSmart,instagram
Petite,2026-05-21,14:06:00,Yes,Chewy,google
Petite,2026-05-21,15:09:00,No,Amazon,email
Petite,2026-05-21,16:12:00,Yes,Target,facebook
Petite,2026-05-21,17:15:00,No,Walmart,instagram
Petite,2026-05-21,18:18:00,Yes,PetSmart,google
Petite,2026-05-21,19:21:00,No,Chewy,email
Petite,2026-05-21,08:24:00,Yes,Amazon,facebook
Petite,2026-05-21,09:27:00,No,Target,instagram
Petite,2026-05-21,10:30:00,Yes,Walmart,google
Petite,2026-05-21,11:33:00,No,PetSmart,email
Petite,2026-05-21,12:36:00,Yes,Chewy,facebook
Petite,2026-05-21,13:39:00,No,Amazon,instagram
Petite,2026-05-21,14:42:00,Yes,Target,google
Petite,2026-05-21,15:45:00,No,Walmart,email
Petite,2026-05-21,16:48:00,Yes,PetSmart,facebook
Petite,2026-05-21,17:51:00,No,Chewy,instagram
Petite,2026-05-21,18:54:00,Yes,Amazon,google
Petite,2026-05-21,19:57:00,No,Target,email
Petite,2026-05-21,08:00:00,Yes,Walmart,facebook
Petite,2026-05-21,09:03:00,No,PetSmart,instagram
Petite,2026-05-21,10:06:00,Yes,Chewy,google
Petite,2026-05-21,11:09:00,No,Amazon,email
Petite,2026-05-21,12:12:00,Yes,Target,facebook
Petite,2026-05-21,13:15:00,No,Walmart,instagram
Petite,2026-05-21,14:18:00,Yes,PetSmart,google
Petite,2026-05-21,15:21:00,No,Chewy,email
Petite,2026-05-21,16:24:00,Yes,Amazon,facebook
Petite,2026-05-21,17:27:00,No,Target,instagram
Petite,2026-05-21,18:30:00,Yes,Walmart,google
Petite,2026-05-21,19:33:00,No,PetSmart,email
Petite,2026-05-21,08:36:00,Yes,Chewy,facebook
Petite,2026-05-21,09:39:00,No,Amazon,instagram
Petite,2026-05-21,10:42:00,Yes,Target,google
Petite,2026-05-21,11:45:00,No,Walmart,email
Petite,2026-05-21,12:48:00,Yes,PetSmart,facebook
Petite,2026-05-21,13:51:00,No,Chewy,instagram
Petite,2026-05-21,14:54:00,Yes,Amazon,google
Petite,2026-05-21,15:57:00,No,Target,email
Petite,2026-05-21,16:00:00,Yes,Walmart,facebook
Petite,2026-05-21,17:03:00,No,PetSmart,instagram
Petite,2026-05-21,18:06:00,Yes,Chewy,google
Petite,2026-05-21,19:09:00,No,Amazon,email
Petite,2026-05-21,08:12:00,Yes,Target,facebook
Petite,2026-05-21,09:15:00,No,Walmart,instagram
Petite,2026-05-21,10:18:00,Yes,PetSmart,google
Petite,2026-05-21,11:21:00,No,Chewy,email
Petite,2026-05-21,12:24:00,Yes,Amazon,facebook
Petite,2026-05-21,13:27:00,No,Target,instagram
Petite,2026-05-21,14:30:00,Yes,Walmart,google
Petite,2026-05-21,15:33:00,No,PetSmart,email
Petite,2026-05-21,16:36:00,Yes,Chewy,facebook
Regular,2026-05-21,08:00:00,Yes,Walmart,facebook
Regular,2026-05-21,09:03:00,No,PetSmart,instagram
Regular,2026-05-21,10:06:00,Yes,Chewy,google
Regular,2026-05-21,11:09:00,No,Amazon,email
Regular,2026-05-21,12:12:00,Yes,Target,facebook
Regular,2026-05-21,13:15:00,No,Walmart,instagram
Regular,2026-05-21,14:18:00,Yes,PetSmart,google
Regular,2026-05-21,15:21:00,No,Chewy,email
Regular,2026-05-21,16:24:00,Yes,Amazon,facebook
Regular,2026-05-21,17:27:00,No,Target,instagram
Regular,2026-05-21,18:30:00,Yes,Walmart,google
Regular,2026-05-21,19:33:00,No,PetSmart,email
Regular,2026-05-21,08:36:00,Yes,Chewy,facebook
Regular,2026-05-21,09:39:00,No,Amazon,instagram
Regular,2026-05-21,10:42:00,Yes,Target,google
Regular,2026-05-21,11:45:00,No,Walmart,email
Regular,2026-05-21,12:48:00,Yes,PetSmart,facebook
Regular,2026-05-21,13:51:00,No,Chewy,instagram
Regular,2026-05-21,14:54:00,Yes,Amazon,google
Regular,2026-05-21,15:57:00,No,Target,email
Regular,2026-05-21,16:00:00,Yes,Walmart,facebook
Regular,2026-05-21,17:03:00,No,PetSmart,instagram
Regular,2026-05-21,18:06:00,Yes,Chewy,google
Regular,2026-05-21,19:09:00,No,Amazon,email
Regular,2026-05-21,08:12:00,Yes,Target,facebook
Regular,2026-05-21,09:15:00,No,Walmart,instagram
Regular,2026-05-21,10:18:00,Yes,PetSmart,google
Regular,2026-05-21,11:21:00,No,Chewy,email
Regular,2026-05-21,12:24:00,Yes,Amazon,facebook
Regular,2026-05-21,13:27:00,No,Target,instagram
Regular,2026-05-21,14:30:00,Yes,Walmart,google
Regular,2026-05-21,15:33:00,No,PetSmart,email
Regular,2026-05-21,16:36:00,Yes,Chewy,facebook
Regular,2026-05-21,17:39:00,No,Amazon,instagram
Regular,2026-05-21,18:42:00,Yes,Target,google
Regular,2026-05-21,19:45:00,No,Walmart,email
Regular,2026-05-21,08:48:00,Yes,PetSmart,facebook
Regular,2026-05-21,09:51:00,No,Chewy,instagram
Regular,2026-05-21,10:54:00,Yes,Amazon,google
Regular,2026-05-21,11:57:00,No,Target,email
Regular,2026-05-21,12:00:00,Yes,Walmart,facebook
Regular,2026-05-21,13:03:00,No,PetSmart,instagram
Regular,2026-05-21,14:06:00,Yes,Chewy,google
Regular,2026-05-21,15:09:00,No,Amazon,email
Regular,2026-05-21,16:12:00,Yes,Target,facebook
Regular,2026-05-21,17:15:00,No,Walmart,instagram
Regular,2026-05-21,18:18:00,Yes,PetSmart,google
Regular,2026-05-21,19:21:00,No,Chewy,email
Regular,2026-05-21,08:24:00,Yes,Amazon,facebook
Regular,2026-05-21,09:27:00,No,Target,instagram
Regular,2026-05-21,10:30:00,Yes,Walmart,google
Regular,2026-05-21,11:33:00,No,PetSmart,email
Regular,2026-05-21,12:36:00,Yes,Chewy,facebook
Regular,2026-05-21,13:39:00,No,Amazon,instagram
Regular,2026-05-21,14:42:00,Yes,Target,google
Regular,2026-05-21,15:45:00,No,Walmart,email
Regular,2026-05-21,16:48:00,Yes,PetSmart,facebook
Regular,2026-05-21,17:51:00,No,Chewy,instagram
Regular,2026-05-21,18:54:00,Yes,Amazon,google
Regular,2026-05-21,19:57:00,No,Target,email
Regular,2026-05-21,08:00:00,Yes,Walmart,facebook
Regular,2026-05-21,09:03:00,No,PetSmart,instagram
Regular,2026-05-21,10:06:00,Yes,Chewy,google
Regular,2026-05-21,11:09:00,No,Amazon,email
Regular,2026-05-21,12:12:00,Yes,Target,facebook
Regular,2026-05-21,13:15:00,No,Walmart,instagram
Regular,2026-05-21,14:18:00,Yes,PetSmart,google
Regular,2026-05-21,15:21:00,No,Chewy,email
Regular,2026-05-21,16:24:00,Yes,Amazon,facebook
Regular,2026-05-21,17:27:00,No,Target,instagram
Regular,2026-05-21,18:30:00,Yes,Walmart,google
Regular,2026-05-21,19:33:00,No,PetSmart,email
Regular,2026-05-21,08:36:00,Yes,Chewy,facebook
Regular,2026-05-21,09:39:00,No,Amazon,instagram
Regular,2026-05-21,10:42:00,Yes,Target,google
Regular,2026-05-21,11:45:00,No,Walmart,email
Regular,2026-05-21,12:48:00,Yes,PetSmart,facebook
Regular,2026-05-21,13:51:00,No,Chewy,instagram
Regular,2026-05-21,14:54:00,Yes,Amazon,google
Regular,2026-05-21,15:57:00,No,Target,email
Regular,2026-05-21,16:00:00,Yes,Walmart,facebook
Regular,2026-05-21,17:03:00,No,PetSmart,instagram
Regular,2026-05-21,18:06:00,Yes,Chewy,google
Regular,2026-05-21,19:09:00,No,Amazon,email
Regular,2026-05-21,08:12:00,Yes,Target,facebook
Regular,2026-05-21,09:15:00,No,Walmart,instagram
Regular,2026-05-21,10:18:00,Yes,PetSmart,google
Regular,2026-05-21,11:21:00,No,Chewy,email
Regular,2026-05-21,12:24:00,Yes,Amazon,facebook
Regular,2026-05-21,13:27:00,No,Target,instagram
Regular,2026-05-21,14:30:00,Yes,Walmart,google
Regular,2026-05-21,15:33:00,No,PetSmart,email
Regular,2026-05-21,16:36:00,Yes,Chewy,facebook
Regular,2026-05-21,17:39:00,No,Amazon,instagram
Regular,2026-05-21,18:42:00,Yes,Target,google
Regular,2026-05-21,19:45:00,No,Walmart,email
Regular,2026-05-21,08:48:00,Yes,PetSmart,facebook
Regular,2026-05-21,09:51:00,No,Chewy,instagram
Regular,2026-05-21,10:54:00,Yes,Amazon,google
Regular,2026-05-21,11:57:00,No,Target,email
Regular,2026-05-21,12:00:00,Yes,Walmart,facebook
Regular,2026-05-21,13:03:00,No,PetSmart,instagram
Regular,2026-05-21,14:06:00,Yes,Chewy,google
Regular,2026-05-21,15:09:00,No,Amazon,email
Regular,2026-05-21,16:12:00,Yes,Target,facebook
Regular,2026-05-21,17:15:00,No,Walmart,instagram
Regular,2026-05-21,18:18:00,Yes,PetSmart,google
Regular,2026-05-21,19:21:00,No,Chewy,email
Regular,2026-05-21,08:24:00,Yes,Amazon,facebook
Regular,2026-05-21,09:27:00,No,Target,instagram
Regular,2026-05-21,10:30:00,Yes,Walmart,google
Regular,2026-05-21,11:33:00,No,PetSmart,email
Regular,2026-05-21,12:36:00,Yes,Chewy,facebook
Regular,2026-05-21,13:39:00,No,Amazon,instagram
Regular,2026-05-21,14:42:00,Yes,Target,google
Regular,2026-05-21,15:45:00,No,Walmart,email
Regular,2026-05-21,16:48:00,Yes,PetSmart,facebook
Regular,2026-05-21,17:51:00,No,Chewy,instagram
Regular,2026-05-21,18:54:00,Yes,Amazon,google
Regular,2026-05-21,19:57:00,No,Target,email
Regular,2026-05-21,08:00:00,Yes,Walmart,facebook
Regular,2026-05-21,09:03:00,No,PetSmart,instagram
Regular,2026-05-21,10:06:00,Yes,Chewy,google
Regular,2026-05-21,11:09:00,No,Amazon,email
Regular,2026-05-21,12:12:00,Yes,Target,facebook
Regular,2026-05-21,13:15:00,No,Walmart,instagram
Regular,2026-05-21,14:18:00,Yes,PetSmart,google
Regular,2026-05-21,15:21:00,No,Chewy,email
Regular,2026-05-21,16:24:00,Yes,Amazon,facebook
Regular,2026-05-21,17:27:00,No,Target,instagram
Regular,2026-05-21,18:30:00,Yes,Walmart,google
Regular,2026-05-21,19:33:00,No,PetSmart,email
Regular,2026-05-21,08:36:00,Yes,Chewy,facebook
Regular,2026-05-21,09:39:00,No,Amazon,instagram
Regular,2026-05-21,10:42:00,Yes,Target,google
Regular,2026-05-21,11:45:00,No,Walmart,email
Regular,2026-05-21,12:48:00,Yes,PetSmart,facebook
Regular,2026-05-21,13:51:00,No,Chewy,instagram
Regular,2026-05-21,14:54:00,Yes,Amazon,google
Regular,2026-05-21,15:57:00,No,Target,email
Regular,2026-05-21,16:00:00,Yes,Walmart,facebook
Regular,2026-05-21,17:03:00,No,PetSmart,instagram
Regular,2026-05-21,18:06:00,Yes,Chewy,google
Large,2026-05-21,08:00:00,Yes,Walmart,facebook
Large,2026-05-21,09:03:00,No,PetSmart,instagram
Large,2026-05-21,10:06:00,Yes,Chewy,google
Large,2026-05-21,11:09:00,No,Amazon,email
Large,2026-05-21,12:12:00,Yes,Target,facebook
Large,2026-05-21,13:15:00,No,Walmart,instagram
Large,2026-05-21,14:18:00,Yes,PetSmart,google
Large,2026-05-21,15:21:00,No,Chewy,email
Large,2026-05-21,16:24:00,Yes,Amazon,facebook
Large,2026-05-21,17:27:00,No,Target,instagram
Large,2026-05-21,18:30:00,Yes,Walmart,google
Large,2026-05-21,19:33:00,No,PetSmart,email
Large,2026-05-21,08:36:00,Yes,Chewy,facebook
Large,2026-05-21,09:39:00,No,Amazon,instagram
Large,2026-05-21,10:42:00,Yes,Target,google
Large,2026-05-21,11:45:00,No,Walmart,email
Large,2026-05-21,12:48:00,Yes,PetSmart,facebook
Large,2026-05-21,13:51:00,No,Chewy,instagram
Large,2026-05-21,14:54:00,Yes,Amazon,google
Large,2026-05-21,15:57:00,No,Target,email
Large,2026-05-21,16:00:00,Yes,Walmart,facebook
Large,2026-05-21,17:03:00,No,PetSmart,instagram
Large,2026-05-21,18:06:00,Yes,Chewy,google
Large,2026-05-21,19:09:00,No,Amazon,email
Large,2026-05-21,08:12:00,Yes,Target,facebook
Large,2026-05-21,09:15:00,No,Walmart,instagram
Large,2026-05-21,10:18:00,Yes,PetSmart,google
Large,2026-05-21,11:21:00,No,Chewy,email
Large,2026-05-21,12:24:00,Yes,Amazon,facebook
Large,2026-05-21,13:27:00,No,Target,instagram
Large,2026-05-21,14:30:00,Yes,Walmart,google
Large,2026-05-21,15:33:00,No,PetSmart,email
Large,2026-05-21,16:36:00,Yes,Chewy,facebook
Large,2026-05-21,17:39:00,No,Amazon,instagram
Large,2026-05-21,18:42:00,Yes,Target,google
Large,2026-05-21,19:45:00,No,Walmart,email
Large,2026-05-21,08:48:00,Yes,PetSmart,facebook
Large,2026-05-21,09:51:00,No,Chewy,instagram
Large,2026-05-21,10:54:00,Yes,Amazon,google
Large,2026-05-21,11:57:00,No,Target,email
Large,2026-05-21,12:00:00,Yes,Walmart,facebook
Large,2026-05-21,13:03:00,No,PetSmart,instagram
Large,2026-05-21,14:06:00,Yes,Chewy,google
Large,2026-05-21,15:09:00,No,Amazon,email
Large,2026-05-21,16:12:00,Yes,Target,facebook
Large,2026-05-21,17:15:00,No,Walmart,instagram
Large,2026-05-21,18:18:00,Yes,PetSmart,google
Large,2026-05-21,19:21:00,No,Chewy,email
Large,2026-05-21,08:24:00,Yes,Amazon,facebook
Large,2026-05-21,09:27:00,No,Target,instagram
Large,2026-05-21,10:30:00,Yes,Walmart,google
Large,2026-05-21,11:33:00,No,PetSmart,email
Large,2026-05-21,12:36:00,Yes,Chewy,facebook
Large,2026-05-21,13:39:00,No,Amazon,instagram
Large,2026-05-21,14:42:00,Yes,Target,google
Large,2026-05-21,15:45:00,No,Walmart,email
Large,2026-05-21,16:48:00,Yes,PetSmart,facebook
Large,2026-05-21,17:51:00,No,Chewy,instagram
Large,2026-05-21,18:54:00,Yes,Amazon,google
Large,2026-05-21,19:57:00,No,Target,email
Large,2026-05-21,08:00:00,Yes,Walmart,facebook
Large,2026-05-21,09:03:00,No,PetSmart,instagram
Large,2026-05-21,10:06:00,Yes,Chewy,google
Large,2026-05-21,11:09:00,No,Amazon,email
Large,2026-05-21,12:12:00,Yes,Target,facebook
Large,2026-05-21,13:15:00,No,Walmart,instagram
Large,2026-05-21,14:18:00,Yes,PetSmart,google
Large,2026-05-21,15:21:00,No,Chewy,email
Large,2026-05-21,16:24:00,Yes,Amazon,facebook
Large,2026-05-21,17:27:00,No,Target,instagram
Large,2026-05-21,18:30:00,Yes,Walmart,google
Large,2026-05-21,19:33:00,No,PetSmart,email
Large,2026-05-21,08:36:00,Yes,Chewy,facebook
Large,2026-05-21,09:39:00,No,Amazon,instagram
Large,2026-05-21,10:42:00,Yes,Target,google
Large,2026-05-21,11:45:00,No,Walmart,email
Large,2026-05-21,12:48:00,Yes,PetSmart,facebook
Large,2026-05-21,13:51:00,No,Chewy,instagram
Large,2026-05-21,14:54:00,Yes,Amazon,google
Large,2026-05-21,15:57:00,No,Target,email
Large,2026-05-21,16:00:00,Yes,Walmart,facebook
Large,2026-05-21,17:03:00,No,PetSmart,instagram
Large,2026-05-21,18:06:00,Yes,Chewy,google
Large,2026-05-21,19:09:00,No,Amazon,email
Large,2026-05-21,08:12:00,Yes,Target,facebook
Large,2026-05-21,09:15:00,No,Walmart,instagram
Large,2026-05-21,10:18:00,Yes,PetSmart,google
Large,2026-05-21,11:21:00,No,Chewy,email
Large,2026-05-21,12:24:00,Yes,Amazon,facebook
Large,2026-05-21,13:27:00,No,Target,instagram
Large,2026-05-21,14:30:00,Yes,Walmart,google
Large,2026-05-21,15:33:00,No,PetSmart,email
Large,2026-05-21,16:36:00,Yes,Chewy,facebook
Large,2026-05-21,17:39:00,No,Amazon,instagram
Large,2026-05-21,18:42:00,Yes,Target,google
Large,2026-05-21,19:45:00,No,Walmart,email
Large,2026-05-21,08:48:00,Yes,PetSmart,facebook
Large,2026-05-21,09:51:00,No,Chewy,instagram
Large,2026-05-21,10:54:00,Yes,Amazon,google
Large,2026-05-21,11:57:00,No,Target,email
Large,2026-05-21,12:00:00,Yes,Walmart,facebook
Large,2026-05-21,13:03:00,No,PetSmart,instagram
Large,2026-05-21,14:06:00,Yes,Chewy,google
Large,2026-05-21,15:09:00,No,Amazon,email
Large,2026-05-21,16:12:00,Yes,Target,facebook
Large,2026-05-21,17:15:00,No,Walmart,instagram
Large,2026-05-21,18:18:00,Yes,PetSmart,google
Large,2026-05-21,19:21:00,No,Chewy,email
Large,2026-05-21,08:24:00,Yes,Amazon,facebook
Large,2026-05-21,09:27:00,No,Target,instagram
Large,2026-05-21,10:30:00,Yes,Walmart,google
Large,2026-05-21,11:33:00,No,PetSmart,email
Large,2026-05-21,12:36:00,Yes,Chewy,facebook
Large,2026-05-21,13:39:00,No,Amazon,instagram
Large,2026-05-21,14:42:00,Yes,Target,google
Large,2026-05-21,15:45:00,No,Walmart,email
Large,2026-05-21,16:48:00,Yes,PetSmart,facebook
Large,2026-05-21,17:51:00,No,Chewy,instagram
Large,2026-05-21,18:54:00,Yes,Amazon,google
Large,2026-05-21,19:57:00,No,Target,email
Large,2026-05-21,08:00:00,Yes,Walmart,facebook
Large,2026-05-21,09:03:00,No,PetSmart,instagram
Large,2026-05-21,10:06:00,Yes,Chewy,google
Large,2026-05-21,11:09:00,No,Amazon,email
Large,2026-05-21,12:12:00,Yes,Target,facebook
Large,2026-05-21,13:15:00,No,Walmart,instagram
Large,2026-05-21,14:18:00,Yes,PetSmart,google
Large,2026-05-21,15:21:00,No,Chewy,email
Large,2026-05-21,16:24:00,Yes,Amazon,facebook
Large,2026-05-21,17:27:00,No,Target,instagram
Large,2026-05-21,18:30:00,Yes,Walmart,google
Large,2026-05-21,19:33:00,No,PetSmart,email
Large,2026-05-21,08:36:00,Yes,Chewy,facebook
Large,2026-05-21,09:39:00,No,Amazon,instagram
Large,2026-05-21,10:42:00,Yes,Target,google
Large,2026-05-21,11:45:00,No,Walmart,email
Large,2026-05-21,12:48:00,Yes,PetSmart,facebook
Large,2026-05-21,13:51:00,No,Chewy,instagram
Large,2026-05-21,14:54:00,Yes,Amazon,google
Large,2026-05-21,15:57:00,No,Target,email
Large,2026-05-21,16:00:00,Yes,Walmart,facebook
Large,2026-05-21,17:03:00,No,PetSmart,instagram
Large,2026-05-21,18:06:00,Yes,Chewy,google
Large,2026-05-21,19:09:00,No,Amazon,email
Large,2026-05-21,08:12:00,Yes,Target,facebook
Large,2026-05-21,09:15:00,No,Walmart,instagram
Large,2026-05-21,10:18:00,Yes,PetSmart,google
Large,2026-05-21,11:21:00,No,Chewy,email
Large,2026-05-21,12:24:00,Yes,Amazon,facebook
Large,2026-05-21,13:27:00,No,Target,instagram
Large,2026-05-21,14:30:00,Yes,Walmart,google
Large,2026-05-21,15:33:00,No,PetSmart,email
Large,2026-05-21,16:36:00,Yes,Chewy,facebook
Large,2026-05-21,17:39:00,No,Amazon,instagram
Large,2026-05-21,18:42:00,Yes,Target,google
Large,2026-05-21,19:45:00,No,Walmart,email
Large,2026-05-21,08:48:00,Yes,PetSmart,facebook
Large,2026-05-21,09:51:00,No,Chewy,instagram
Large,2026-05-21,10:54:00,Yes,Amazon,google
Large,2026-05-21,11:57:00,No,Target,email
Large,2026-05-21,12:00:00,Yes,Walmart,facebook
Large,2026-05-21,13:03:00,No,PetSmart,instagram
Large,2026-05-21,14:06:00,Yes,Chewy,google
Large,2026-05-21,15:09:00,No,Amazon,email
Large,2026-05-21,16:12:00,Yes,Target,facebook
Large,2026-05-21,17:15:00,No,Walmart,instagram
Large,2026-05-21,18:18:00,Yes,PetSmart,google
Large,2026-05-21,19:21:00,No,Chewy,email
Large,2026-05-21,08:24:00,Yes,Amazon,facebook
Large,2026-05-21,09:27:00,No,Target,instagram
Large,2026-05-21,10:30:00,Yes,Walmart,google
Large,2026-05-21,11:33:00,No,PetSmart,email
Large,2026-05-21,12:36:00,Yes,Chewy,facebook
Large,2026-05-21,13:39:00,No,Amazon,instagram
Large,2026-05-21,14:42:00,Yes,Target,google
Large,2026-05-21,15:45:00,No,Walmart,email
Large,2026-05-21,16:48:00,Yes,PetSmart,facebook
Large,2026-05-21,17:51:00,No,Chewy,instagram
Large,2026-05-21,18:54:00,Yes,Amazon,google
Large,2026-05-21,19:57:00,No,Target,email
Large,2026-05-21,08:00:00,Yes,Walmart,facebook
Large,2026-05-21,09:03:00,No,PetSmart,instagram
Large,2026-05-21,10:06:00,Yes,Chewy,google
TEENIE,2026-05-22,08:00:00,No,PetSmart,instagram
TEENIE,2026-05-22,09:03:00,Yes,Chewy,google
TEENIE,2026-05-22,10:06:00,No,Amazon,email
TEENIE,2026-05-22,11:09:00,Yes,Target,facebook
TEENIE,2026-05-22,12:12:00,No,Walmart,instagram
TEENIE,2026-05-22,13:15:00,Yes,PetSmart,google
TEENIE,2026-05-22,14:18:00,No,Chewy,email
TEENIE,2026-05-22,15:21:00,Yes,Amazon,facebook
TEENIE,2026-05-22,16:24:00,No,Target,instagram
TEENIE,2026-05-22,17:27:00,Yes,Walmart,google
TEENIE,2026-05-22,18:30:00,No,PetSmart,email
TEENIE,2026-05-22,19:33:00,Yes,Chewy,facebook
TEENIE,2026-05-22,08:36:00,No,Amazon,instagram
TEENIE,2026-05-22,09:39:00,Yes,Target,google
TEENIE,2026-05-22,10:42:00,No,Walmart,email
TEENIE,2026-05-22,11:45:00,Yes,PetSmart,facebook
TEENIE,2026-05-22,12:48:00,No,Chewy,instagram
TEENIE,2026-05-22,13:51:00,Yes,Amazon,google
TEENIE,2026-05-22,14:54:00,No,Target,email
TEENIE,2026-05-22,15:57:00,Yes,Walmart,facebook
TEENIE,2026-05-22,16:00:00,No,PetSmart,instagram
TEENIE,2026-05-22,17:03:00,Yes,Chewy,google
TEENIE,2026-05-22,18:06:00,No,Amazon,email
TEENIE,2026-05-22,19:09:00,Yes,Target,facebook
TEENIE,2026-05-22,08:12:00,No,Walmart,instagram
TEENIE,2026-05-22,09:15:00,Yes,PetSmart,google
TEENIE,2026-05-22,10:18:00,No,Chewy,email
TEENIE,2026-05-22,11:21:00,Yes,Amazon,facebook
TEENIE,2026-05-22,12:24:00,No,Target,instagram
TEENIE,2026-05-22,13:27:00,Yes,Walmart,google
TEENIE,2026-05-22,14:30:00,No,PetSmart,email
TEENIE,2026-05-22,15:33:00,Yes,Chewy,facebook
TEENIE,2026-05-22,16:36:00,No,Amazon,instagram
TEENIE,2026-05-22,17:39:00,Yes,Target,google
TEENIE,2026-05-22,18:42:00,No,Walmart,email
TEENIE,2026-05-22,19:45:00,Yes,PetSmart,facebook
TEENIE,2026-05-22,08:48:00,No,Chewy,instagram
TEENIE,2026-05-22,09:51:00,Yes,Amazon,google
TEENIE,2026-05-22,10:54:00,No,Target,email
TEENIE,2026-05-22,11:57:00,Yes,Walmart,facebook
TEENIE,2026-05-22,12:00:00,No,PetSmart,instagram
TEENIE,2026-05-22,13:03:00,Yes,Chewy,google
TEENIE,2026-05-22,14:06:00,No,Amazon,email
TEENIE,2026-05-22,15:09:00,Yes,Target,facebook
TEENIE,2026-05-22,16:12:00,No,Walmart,instagram
TEENIE,2026-05-22,17:15:00,Yes,PetSmart,google
TEENIE,2026-05-22,18:18:00,No,Chewy,email
TEENIE,2026-05-22,19:21:00,Yes,Amazon,facebook
TEENIE,2026-05-22,08:24:00,No,Target,instagram
TEENIE,2026-05-22,09:27:00,Yes,Walmart,google
TEENIE,2026-05-22,10:30:00,No,PetSmart,email
TEENIE,2026-05-22,11:33:00,Yes,Chewy,facebook
TEENIE,2026-05-22,12:36:00,No,Amazon,instagram
TEENIE,2026-05-22,13:39:00,Yes,Target,google
TEENIE,2026-05-22,14:42:00,No,Walmart,email
TEENIE,2026-05-22,15:45:00,Yes,PetSmart,facebook
TEENIE,2026-05-22,16:48:00,No,Chewy,instagram
TEENIE,2026-05-22,17:51:00,Yes,Amazon,google
TEENIE,2026-05-22,18:54:00,No,Target,email
TEENIE,2026-05-22,19:57:00,Yes,Walmart,facebook
TEENIE,2026-05-22,08:00:00,No,PetSmart,instagram
TEENIE,2026-05-22,09:03:00,Yes,Chewy,google
TEENIE,2026-05-22,10:06:00,No,Amazon,email
TEENIE,2026-05-22,11:09:00,Yes,Target,facebook
TEENIE,2026-05-22,12:12:00,No,Walmart,instagram
TEENIE,2026-05-22,13:15:00,Yes,PetSmart,google
TEENIE,2026-05-22,14:18:00,No,Chewy,email
TEENIE,2026-05-22,15:21:00,Yes,Amazon,facebook
TEENIE,2026-05-22,16:24:00,No,Target,instagram
TEENIE,2026-05-22,17:27:00,Yes,Walmart,google
TEENIE,2026-05-22,18:30:00,No,PetSmart,email
TEENIE,2026-05-22,19:33:00,Yes,Chewy,facebook
TEENIE,2026-05-22,08:36:00,No,Amazon,instagram
TEENIE,2026-05-22,09:39:00,Yes,Target,google
TEENIE,2026-05-22,10:42:00,No,Walmart,email
TEENIE,2026-05-22,11:45:00,Yes,PetSmart,facebook
TEENIE,2026-05-22,12:48:00,No,Chewy,instagram
TEENIE,2026-05-22,13:51:00,Yes,Amazon,google
TEENIE,2026-05-22,14:54:00,No,Target,email
TEENIE,2026-05-22,15:57:00,Yes,Walmart,facebook
TEENIE,2026-05-22,16:00:00,No,PetSmart,instagram
TEENIE,2026-05-22,17:03:00,Yes,Chewy,google
TEENIE,2026-05-22,18:06:00,No,Amazon,email
TEENIE,2026-05-22,19:09:00,Yes,Target,facebook
TEENIE,2026-05-22,08:12:00,No,Walmart,instagram
TEENIE,2026-05-22,09:15:00,Yes,PetSmart,google
TEENIE,2026-05-22,10:18:00,No,Chewy,email
TEENIE,2026-05-22,11:21:00,Yes,Amazon,facebook
TEENIE,2026-05-22,12:24:00,No,Target,instagram
TEENIE,2026-05-22,13:27:00,Yes,Walmart,google
TEENIE,2026-05-22,14:30:00,No,PetSmart,email
TEENIE,2026-05-22,15:33:00,Yes,Chewy,facebook
TEENIE,2026-05-22,16:36:00,No,Amazon,instagram
TEENIE,2026-05-22,17:39:00,Yes,Target,google
TEENIE,2026-05-22,18:42:00,No,Walmart,email
TEENIE,2026-05-22,19:45:00,Yes,PetSmart,facebook
TEENIE,2026-05-22,08:48:00,No,Chewy,instagram
TEENIE,2026-05-22,09:51:00,Yes,Amazon,google
TEENIE,2026-05-22,10:54:00,No,Target,email
TEENIE,2026-05-22,11:57:00,Yes,Walmart,facebook
TEENIE,2026-05-22,12:00:00,No,PetSmart,instagram
TEENIE,2026-05-22,13:03:00,Yes,Chewy,google
TEENIE,2026-05-22,14:06:00,No,Amazon,email
TEENIE,2026-05-22,15:09:00,Yes,Target,facebook
TEENIE,2026-05-22,16:12:00,No,Walmart,instagram
TEENIE,2026-05-22,17:15:00,Yes,PetSmart,google
TEENIE,2026-05-22,18:18:00,No,Chewy,email
TEENIE,2026-05-22,19:21:00,Yes,Amazon,facebook
TEENIE,2026-05-22,08:24:00,No,Target,instagram
TEENIE,2026-05-22,09:27:00,Yes,Walmart,google
TEENIE,2026-05-22,10:30:00,No,PetSmart,email
TEENIE,2026-05-22,11:33:00,Yes,Chewy,facebook
TEENIE,2026-05-22,12:36:00,No,Amazon,instagram
TEENIE,2026-05-22,13:39:00,Yes,Target,google
TEENIE,2026-05-22,14:42:00,No,Walmart,email
TEENIE,2026-05-22,15:45:00,Yes,PetSmart,facebook
TEENIE,2026-05-22,16:48:00,No,Chewy,instagram
TEENIE,2026-05-22,17:51:00,Yes,Amazon,google
TEENIE,2026-05-22,18:54:00,No,Target,email
TEENIE,2026-05-22,19:57:00,Yes,Walmart,facebook
TEENIE,2026-05-22,08:00:00,No,PetSmart,instagram
TEENIE,2026-05-22,09:03:00,Yes,Chewy,google
TEENIE,2026-05-22,10:06:00,No,Amazon,email
TEENIE,2026-05-22,11:09:00,Yes,Target,facebook
TEENIE,2026-05-22,12:12:00,No,Walmart,instagram
TEENIE,2026-05-22,13:15:00,Yes,PetSmart,google
TEENIE,2026-05-22,14:18:00,No,Chewy,email
TEENIE,2026-05-22,15:21:00,Yes,Amazon,facebook
TEENIE,2026-05-22,16:24:00,No,Target,instagram
TEENIE,2026-05-22,17:27:00,Yes,Walmart,google
Petite,2026-05-22,08:00:00,No,PetSmart,instagram
Petite,2026-05-22,09:03:00,Yes,Chewy,google
Petite,2026-05-22,10:06:00,No,Amazon,email
Petite,2026-05-22,11:09:00,Yes,Target,facebook
Petite,2026-05-22,12:12:00,No,Walmart,instagram
Petite,2026-05-22,13:15:00,Yes,PetSmart,google
Petite,2026-05-22,14:18:00,No,Chewy,email
Petite,2026-05-22,15:21:00,Yes,Amazon,facebook
Petite,2026-05-22,16:24:00,No,Target,instagram
Petite,2026-05-22,17:27:00,Yes,Walmart,google
Petite,2026-05-22,18:30:00,No,PetSmart,email
Petite,2026-05-22,19:33:00,Yes,Chewy,facebook
Petite,2026-05-22,08:36:00,No,Amazon,instagram
Petite,2026-05-22,09:39:00,Yes,Target,google
Petite,2026-05-22,10:42:00,No,Walmart,email
Petite,2026-05-22,11:45:00,Yes,PetSmart,facebook
Petite,2026-05-22,12:48:00,No,Chewy,instagram
Petite,2026-05-22,13:51:00,Yes,Amazon,google
Petite,2026-05-22,14:54:00,No,Target,email
Petite,2026-05-22,15:57:00,Yes,Walmart,facebook
Petite,2026-05-22,16:00:00,No,PetSmart,instagram
Petite,2026-05-22,17:03:00,Yes,Chewy,google
Petite,2026-05-22,18:06:00,No,Amazon,email
Petite,2026-05-22,19:09:00,Yes,Target,facebook
Petite,2026-05-22,08:12:00,No,Walmart,instagram
Petite,2026-05-22,09:15:00,Yes,PetSmart,google
Petite,2026-05-22,10:18:00,No,Chewy,email
Petite,2026-05-22,11:21:00,Yes,Amazon,facebook
Petite,2026-05-22,12:24:00,No,Target,instagram
Petite,2026-05-22,13:27:00,Yes,Walmart,google
Petite,2026-05-22,14:30:00,No,PetSmart,email
Petite,2026-05-22,15:33:00,Yes,Chewy,facebook
Petite,2026-05-22,16:36:00,No,Amazon,instagram
Petite,2026-05-22,17:39:00,Yes,Target,google
Petite,2026-05-22,18:42:00,No,Walmart,email
Petite,2026-05-22,19:45:00,Yes,PetSmart,facebook
Petite,2026-05-22,08:48:00,No,Chewy,instagram
Petite,2026-05-22,09:51:00,Yes,Amazon,google
Petite,2026-05-22,10:54:00,No,Target,email
Petite,2026-05-22,11:57:00,Yes,Walmart,facebook
Petite,2026-05-22,12:00:00,No,PetSmart,instagram
Petite,2026-05-22,13:03:00,Yes,Chewy,google
Petite,2026-05-22,14:06:00,No,Amazon,email
Petite,2026-05-22,15:09:00,Yes,Target,facebook
Petite,2026-05-22,16:12:00,No,Walmart,instagram
Petite,2026-05-22,17:15:00,Yes,PetSmart,google
Petite,2026-05-22,18:18:00,No,Chewy,email
Petite,2026-05-22,19:21:00,Yes,Amazon,facebook
Petite,2026-05-22,08:24:00,No,Target,instagram
Petite,2026-05-22,09:27:00,Yes,Walmart,google
Petite,2026-05-22,10:30:00,No,PetSmart,email
Petite,2026-05-22,11:33:00,Yes,Chewy,facebook
Petite,2026-05-22,12:36:00,No,Amazon,instagram
Petite,2026-05-22,13:39:00,Yes,Target,google
Petite,2026-05-22,14:42:00,No,Walmart,email
Petite,2026-05-22,15:45:00,Yes,PetSmart,facebook
Petite,2026-05-22,16:48:00,No,Chewy,instagram
Petite,2026-05-22,17:51:00,Yes,Amazon,google
Petite,2026-05-22,18:54:00,No,Target,email
Petite,2026-05-22,19:57:00,Yes,Walmart,facebook
Petite,2026-05-22,08:00:00,No,PetSmart,instagram
Petite,2026-05-22,09:03:00,Yes,Chewy,google
Petite,2026-05-22,10:06:00,No,Amazon,email
Petite,2026-05-22,11:09:00,Yes,Target,facebook
Petite,2026-05-22,12:12:00,No,Walmart,instagram
Petite,2026-05-22,13:15:00,Yes,PetSmart,google
Petite,2026-05-22,14:18:00,No,Chewy,email
Petite,2026-05-22,15:21:00,Yes,Amazon,facebook
Petite,2026-05-22,16:24:00,No,Target,instagram
Petite,2026-05-22,17:27:00,Yes,Walmart,google
Petite,2026-05-22,18:30:00,No,PetSmart,email
Petite,2026-05-22,19:33:00,Yes,Chewy,facebook
Petite,2026-05-22,08:36:00,No,Amazon,instagram
Petite,2026-05-22,09:39:00,Yes,Target,google
Petite,2026-05-22,10:42:00,No,Walmart,email
Petite,2026-05-22,11:45:00,Yes,PetSmart,facebook
Petite,2026-05-22,12:48:00,No,Chewy,instagram
Petite,2026-05-22,13:51:00,Yes,Amazon,google
Petite,2026-05-22,14:54:00,No,Target,email
Petite,2026-05-22,15:57:00,Yes,Walmart,facebook
Petite,2026-05-22,16:00:00,No,PetSmart,instagram
Petite,2026-05-22,17:03:00,Yes,Chewy,google
Petite,2026-05-22,18:06:00,No,Amazon,email
Petite,2026-05-22,19:09:00,Yes,Target,facebook
Petite,2026-05-22,08:12:00,No,Walmart,instagram
Petite,2026-05-22,09:15:00,Yes,PetSmart,google
Petite,2026-05-22,10:18:00,No,Chewy,email
Petite,2026-05-22,11:21:00,Yes,Amazon,facebook
Petite,2026-05-22,12:24:00,No,Target,instagram
Petite,2026-05-22,13:27:00,Yes,Walmart,google
Petite,2026-05-22,14:30:00,No,PetSmart,email
Petite,2026-05-22,15:33:00,Yes,Chewy,facebook
Petite,2026-05-22,16:36:00,No,Amazon,instagram
Petite,2026-05-22,17:39:00,Yes,Target,google
Petite,2026-05-22,18:42:00,No,Walmart,email
Petite,2026-05-22,19:45:00,Yes,PetSmart,facebook
Petite,2026-05-22,08:48:00,No,Chewy,instagram
Petite,2026-05-22,09:51:00,Yes,Amazon,google
Petite,2026-05-22,10:54:00,No,Target,email
Petite,2026-05-22,11:57:00,Yes,Walmart,facebook
Regular,2026-05-22,08:00:00,No,PetSmart,instagram
Regular,2026-05-22,09:03:00,Yes,Chewy,google
Regular,2026-05-22,10:06:00,No,Amazon,email
Regular,2026-05-22,11:09:00,Yes,Target,facebook
Regular,2026-05-22,12:12:00,No,Walmart,instagram
Regular,2026-05-22,13:15:00,Yes,PetSmart,google
Regular,2026-05-22,14:18:00,No,Chewy,email
Regular,2026-05-22,15:21:00,Yes,Amazon,facebook
Regular,2026-05-22,16:24:00,No,Target,instagram
Regular,2026-05-22,17:27:00,Yes,Walmart,google
Regular,2026-05-22,18:30:00,No,PetSmart,email
Regular,2026-05-22,19:33:00,Yes,Chewy,facebook
Regular,2026-05-22,08:36:00,No,Amazon,instagram
Regular,2026-05-22,09:39:00,Yes,Target,google
Regular,2026-05-22,10:42:00,No,Walmart,email
Regular,2026-05-22,11:45:00,Yes,PetSmart,facebook
Regular,2026-05-22,12:48:00,No,Chewy,instagram
Regular,2026-05-22,13:51:00,Yes,Amazon,google
Regular,2026-05-22,14:54:00,No,Target,email
Regular,2026-05-22,15:57:00,Yes,Walmart,facebook
Regular,2026-05-22,16:00:00,No,PetSmart,instagram
Regular,2026-05-22,17:03:00,Yes,Chewy,google
Regular,2026-05-22,18:06:00,No,Amazon,email
Regular,2026-05-22,19:09:00,Yes,Target,facebook
Regular,2026-05-22,08:12:00,No,Walmart,instagram
Regular,2026-05-22,09:15:00,Yes,PetSmart,google
Regular,2026-05-22,10:18:00,No,Chewy,email
Regular,2026-05-22,11:21:00,Yes,Amazon,facebook
Regular,2026-05-22,12:24:00,No,Target,instagram
Regular,2026-05-22,13:27:00,Yes,Walmart,google
Regular,2026-05-22,14:30:00,No,PetSmart,email
Regular,2026-05-22,15:33:00,Yes,Chewy,facebook
Regular,2026-05-22,16:36:00,No,Amazon,instagram
Regular,2026-05-22,17:39:00,Yes,Target,google
Regular,2026-05-22,18:42:00,No,Walmart,email
Regular,2026-05-22,19:45:00,Yes,PetSmart,facebook
Regular,2026-05-22,08:48:00,No,Chewy,instagram
Regular,2026-05-22,09:51:00,Yes,Amazon,google
Regular,2026-05-22,10:54:00,No,Target,email
Regular,2026-05-22,11:57:00,Yes,Walmart,facebook
Regular,2026-05-22,12:00:00,No,PetSmart,instagram
Regular,2026-05-22,13:03:00,Yes,Chewy,google
Regular,2026-05-22,14:06:00,No,Amazon,email
Regular,2026-05-22,15:09:00,Yes,Target,facebook
Regular,2026-05-22,16:12:00,No,Walmart,instagram
Regular,2026-05-22,17:15:00,Yes,PetSmart,google
Regular,2026-05-22,18:18:00,No,Chewy,email
Regular,2026-05-22,19:21:00,Yes,Amazon,facebook
Regular,2026-05-22,08:24:00,No,Target,instagram
Regular,2026-05-22,09:27:00,Yes,Walmart,google
Regular,2026-05-22,10:30:00,No,PetSmart,email
Regular,2026-05-22,11:33:00,Yes,Chewy,facebook
Regular,2026-05-22,12:36:00,No,Amazon,instagram
Regular,2026-05-22,13:39:00,Yes,Target,google
Regular,2026-05-22,14:42:00,No,Walmart,email
Regular,2026-05-22,15:45:00,Yes,PetSmart,facebook
Regular,2026-05-22,16:48:00,No,Chewy,instagram
Regular,2026-05-22,17:51:00,Yes,Amazon,google
Regular,2026-05-22,18:54:00,No,Target,email
Regular,2026-05-22,19:57:00,Yes,Walmart,facebook
Regular,2026-05-22,08:00:00,No,PetSmart,instagram
Regular,2026-05-22,09:03:00,Yes,Chewy,google
Regular,2026-05-22,10:06:00,No,Amazon,email
Regular,2026-05-22,11:09:00,Yes,Target,facebook
Regular,2026-05-22,12:12:00,No,Walmart,instagram
Regular,2026-05-22,13:15:00,Yes,PetSmart,google
Regular,2026-05-22,14:18:00,No,Chewy,email
Regular,2026-05-22,15:21:00,Yes,Amazon,facebook
Regular,2026-05-22,16:24:00,No,Target,instagram
Regular,2026-05-22,17:27:00,Yes,Walmart,google
Regular,2026-05-22,18:30:00,No,PetSmart,email
Regular,2026-05-22,19:33:00,Yes,Chewy,facebook
Regular,2026-05-22,08:36:00,No,Amazon,instagram
Regular,2026-05-22,09:39:00,Yes,Target,google
Regular,2026-05-22,10:42:00,No,Walmart,email
Regular,2026-05-22,11:45:00,Yes,PetSmart,facebook
Regular,2026-05-22,12:48:00,No,Chewy,instagram
Regular,2026-05-22,13:51:00,Yes,Amazon,google
Regular,2026-05-22,14:54:00,No,Target,email
Regular,2026-05-22,15:57:00,Yes,Walmart,facebook
Regular,2026-05-22,16:00:00,No,PetSmart,instagram
Regular,2026-05-22,17:03:00,Yes,Chewy,google
Regular,2026-05-22,18:06:00,No,Amazon,email
Regular,2026-05-22,19:09:00,Yes,Target,facebook
Regular,2026-05-22,08:12:00,No,Walmart,instagram
Regular,2026-05-22,09:15:00,Yes,PetSmart,google
Regular,2026-05-22,10:18:00,No,Chewy,email
Regular,2026-05-22,11:21:00,Yes,Amazon,facebook
Regular,2026-05-22,12:24:00,No,Target,instagram
Regular,2026-05-22,13:27:00,Yes,Walmart,google
Regular,2026-05-22,14:30:00,No,PetSmart,email
Regular,2026-05-22,15:33:00,Yes,Chewy,facebook
Regular,2026-05-22,16:36:00,No,Amazon,instagram
Regular,2026-05-22,17:39:00,Yes,Target,google
Regular,2026-05-22,18:42:00,No,Walmart,email
Regular,2026-05-22,19:45:00,Yes,PetSmart,facebook
Regular,2026-05-22,08:48:00,No,Chewy,instagram
Regular,2026-05-22,09:51:00,Yes,Amazon,google
Regular,2026-05-22,10:54:00,No,Target,email
Regular,2026-05-22,11:57:00,Yes,Walmart,facebook
Regular,2026-05-22,12:00:00,No,PetSmart,instagram
Regular,2026-05-22,13:03:00,Yes,Chewy,google
Regular,2026-05-22,14:06:00,No,Amazon,email
Regular,2026-05-22,15:09:00,Yes,Target,facebook
Regular,2026-05-22,16:12:00,No,Walmart,instagram
Regular,2026-05-22,17:15:00,Yes,PetSmart,google
Regular,2026-05-22,18:18:00,No,Chewy,email
Regular,2026-05-22,19:21:00,Yes,Amazon,facebook
Regular,2026-05-22,08:24:00,No,Target,instagram
Regular,2026-05-22,09:27:00,Yes,Walmart,google
Regular,2026-05-22,10:30:00,No,PetSmart,email
Regular,2026-05-22,11:33:00,Yes,Chewy,facebook
Regular,2026-05-22,12:36:00,No,Amazon,instagram
Regular,2026-05-22,13:39:00,Yes,Target,google
Regular,2026-05-22,14:42:00,No,Walmart,email
Regular,2026-05-22,15:45:00,Yes,PetSmart,facebook
Regular,2026-05-22,16:48:00,No,Chewy,instagram
Regular,2026-05-22,17:51:00,Yes,Amazon,google
Regular,2026-05-22,18:54:00,No,Target,email
Regular,2026-05-22,19:57:00,Yes,Walmart,facebook
Regular,2026-05-22,08:00:00,No,PetSmart,instagram
Regular,2026-05-22,09:03:00,Yes,Chewy,google
Regular,2026-05-22,10:06:00,No,Amazon,email
Regular,2026-05-22,11:09:00,Yes,Target,facebook
Regular,2026-05-22,12:12:00,No,Walmart,instagram
Regular,2026-05-22,13:15:00,Yes,PetSmart,google
Regular,2026-05-22,14:18:00,No,Chewy,email
Regular,2026-05-22,15:21:00,Yes,Amazon,facebook
Regular,2026-05-22,16:24:00,No,Target,instagram
Regular,2026-05-22,17:27:00,Yes,Walmart,google
Regular,2026-05-22,18:30:00,No,PetSmart,email
Regular,2026-05-22,19:33:00,Yes,Chewy,facebook
Regular,2026-05-22,08:36:00,No,Amazon,instagram
Regular,2026-05-22,09:39:00,Yes,Target,google
Regular,2026-05-22,10:42:00,No,Walmart,email
Regular,2026-05-22,11:45:00,Yes,PetSmart,facebook
Regular,2026-05-22,12:48:00,No,Chewy,instagram
Regular,2026-05-22,13:51:00,Yes,Amazon,google
Regular,2026-05-22,14:54:00,No,Target,email
Regular,2026-05-22,15:57:00,Yes,Walmart,facebook
Regular,2026-05-22,16:00:00,No,PetSmart,instagram
Regular,2026-05-22,17:03:00,Yes,Chewy,google
Regular,2026-05-22,18:06:00,No,Amazon,email
Regular,2026-05-22,19:09:00,Yes,Target,facebook
Regular,2026-05-22,08:12:00,No,Walmart,instagram
Regular,2026-05-22,09:15:00,Yes,PetSmart,google
Regular,2026-05-22,10:18:00,No,Chewy,email
Regular,2026-05-22,11:21:00,Yes,Amazon,facebook
Regular,2026-05-22,12:24:00,No,Target,instagram
Regular,2026-05-22,13:27:00,Yes,Walmart,google
Large,2026-05-22,08:00:00,No,PetSmart,instagram
Large,2026-05-22,09:03:00,Yes,Chewy,google
Large,2026-05-22,10:06:00,No,Amazon,email
Large,2026-05-22,11:09:00,Yes,Target,facebook
Large,2026-05-22,12:12:00,No,Walmart,instagram
Large,2026-05-22,13:15:00,Yes,PetSmart,google
Large,2026-05-22,14:18:00,No,Chewy,email
Large,2026-05-22,15:21:00,Yes,Amazon,facebook
Large,2026-05-22,16:24:00,No,Target,instagram
Large,2026-05-22,17:27:00,Yes,Walmart,google
Large,2026-05-22,18:30:00,No,PetSmart,email
Large,2026-05-22,19:33:00,Yes,Chewy,facebook
Large,2026-05-22,08:36:00,No,Amazon,instagram
Large,2026-05-22,09:39:00,Yes,Target,google
Large,2026-05-22,10:42:00,No,Walmart,email
Large,2026-05-22,11:45:00,Yes,PetSmart,facebook
Large,2026-05-22,12:48:00,No,Chewy,instagram
Large,2026-05-22,13:51:00,Yes,Amazon,google
Large,2026-05-22,14:54:00,No,Target,email
Large,2026-05-22,15:57:00,Yes,Walmart,facebook
Large,2026-05-22,16:00:00,No,PetSmart,instagram
Large,2026-05-22,17:03:00,Yes,Chewy,google
Large,2026-05-22,18:06:00,No,Amazon,email
Large,2026-05-22,19:09:00,Yes,Target,facebook
Large,2026-05-22,08:12:00,No,Walmart,instagram
Large,2026-05-22,09:15:00,Yes,PetSmart,google
Large,2026-05-22,10:18:00,No,Chewy,email
Large,2026-05-22,11:21:00,Yes,Amazon,facebook
Large,2026-05-22,12:24:00,No,Target,instagram
Large,2026-05-22,13:27:00,Yes,Walmart,google
Large,2026-05-22,14:30:00,No,PetSmart,email
Large,2026-05-22,15:33:00,Yes,Chewy,facebook
Large,2026-05-22,16:36:00,No,Amazon,instagram
Large,2026-05-22,17:39:00,Yes,Target,google
Large,2026-05-22,18:42:00,No,Walmart,email
Large,2026-05-22,19:45:00,Yes,PetSmart,facebook
Large,2026-05-22,08:48:00,No,Chewy,instagram
Large,2026-05-22,09:51:00,Yes,Amazon,google
Large,2026-05-22,10:54:00,No,Target,email
Large,2026-05-22,11:57:00,Yes,Walmart,facebook
Large,2026-05-22,12:00:00,No,PetSmart,instagram
Large,2026-05-22,13:03:00,Yes,Chewy,google
Large,2026-05-22,14:06:00,No,Amazon,email
Large,2026-05-22,15:09:00,Yes,Target,facebook
Large,2026-05-22,16:12:00,No,Walmart,instagram
Large,2026-05-22,17:15:00,Yes,PetSmart,google
Large,2026-05-22,18:18:00,No,Chewy,email
Large,2026-05-22,19:21:00,Yes,Amazon,facebook
Large,2026-05-22,08:24:00,No,Target,instagram
Large,2026-05-22,09:27:00,Yes,Walmart,google
Large,2026-05-22,10:30:00,No,PetSmart,email
Large,2026-05-22,11:33:00,Yes,Chewy,facebook
Large,2026-05-22,12:36:00,No,Amazon,instagram
Large,2026-05-22,13:39:00,Yes,Target,google
Large,2026-05-22,14:42:00,No,Walmart,email
Large,2026-05-22,15:45:00,Yes,PetSmart,facebook
Large,2026-05-22,16:48:00,No,Chewy,instagram
Large,2026-05-22,17:51:00,Yes,Amazon,google
Large,2026-05-22,18:54:00,No,Target,email
Large,2026-05-22,19:57:00,Yes,Walmart,facebook
Large,2026-05-22,08:00:00,No,PetSmart,instagram
Large,2026-05-22,09:03:00,Yes,Chewy,google
Large,2026-05-22,10:06:00,No,Amazon,email
Large,2026-05-22,11:09:00,Yes,Target,facebook
Large,2026-05-22,12:12:00,No,Walmart,instagram
Large,2026-05-22,13:15:00,Yes,PetSmart,google
Large,2026-05-22,14:18:00,No,Chewy,email
Large,2026-05-22,15:21:00,Yes,Amazon,facebook
Large,2026-05-22,16:24:00,No,Target,instagram
Large,2026-05-22,17:27:00,Yes,Walmart,google
Large,2026-05-22,18:30:00,No,PetSmart,email
Large,2026-05-22,19:33:00,Yes,Chewy,facebook
Large,2026-05-22,08:36:00,No,Amazon,instagram
Large,2026-05-22,09:39:00,Yes,Target,google
Large,2026-05-22,10:42:00,No,Walmart,email
Large,2026-05-22,11:45:00,Yes,PetSmart,facebook
Large,2026-05-22,12:48:00,No,Chewy,instagram
Large,2026-05-22,13:51:00,Yes,Amazon,google
Large,2026-05-22,14:54:00,No,Target,email
Large,2026-05-22,15:57:00,Yes,Walmart,facebook
Large,2026-05-22,16:00:00,No,PetSmart,instagram
Large,2026-05-22,17:03:00,Yes,Chewy,google
Large,2026-05-22,18:06:00,No,Amazon,email
Large,2026-05-22,19:09:00,Yes,Target,facebook
Large,2026-05-22,08:12:00,No,Walmart,instagram
Large,2026-05-22,09:15:00,Yes,PetSmart,google
Large,2026-05-22,10:18:00,No,Chewy,email
Large,2026-05-22,11:21:00,Yes,Amazon,facebook
Large,2026-05-22,12:24:00,No,Target,instagram
Large,2026-05-22,13:27:00,Yes,Walmart,google
Large,2026-05-22,14:30:00,No,PetSmart,email
Large,2026-05-22,15:33:00,Yes,Chewy,facebook
Large,2026-05-22,16:36:00,No,Amazon,instagram
Large,2026-05-22,17:39:00,Yes,Target,google
Large,2026-05-22,18:42:00,No,Walmart,email
Large,2026-05-22,19:45:00,Yes,PetSmart,facebook
Large,2026-05-22,08:48:00,No,Chewy,instagram
Large,2026-05-22,09:51:00,Yes,Amazon,google
Large,2026-05-22,10:54:00,No,Target,email
Large,2026-05-22,11:57:00,Yes,Walmart,facebook
Large,2026-05-22,12:00:00,No,PetSmart,instagram
Large,2026-05-22,13:03:00,Yes,Chewy,google
Large,2026-05-22,14:06:00,No,Amazon,email
Large,2026-05-22,15:09:00,Yes,Target,facebook
Large,2026-05-22,16:12:00,No,Walmart,instagram
Large,2026-05-22,17:15:00,Yes,PetSmart,google
Large,2026-05-22,18:18:00,No,Chewy,email
Large,2026-05-22,19:21:00,Yes,Amazon,facebook
Large,2026-05-22,08:24:00,No,Target,instagram
Large,2026-05-22,09:27:00,Yes,Walmart,google
Large,2026-05-22,10:30:00,No,PetSmart,email
Large,2026-05-22,11:33:00,Yes,Chewy,facebook
Large,2026-05-22,12:36:00,No,Amazon,instagram
Large,2026-05-22,13:39:00,Yes,Target,google
Large,2026-05-22,14:42:00,No,Walmart,email
Large,2026-05-22,15:45:00,Yes,PetSmart,facebook
Large,2026-05-22,16:48:00,No,Chewy,instagram
Large,2026-05-22,17:51:00,Yes,Amazon,google
Large,2026-05-22,18:54:00,No,Target,email
Large,2026-05-22,19:57:00,Yes,Walmart,facebook
Large,2026-05-22,08:00:00,No,PetSmart,instagram
Large,2026-05-22,09:03:00,Yes,Chewy,google
Large,2026-05-22,10:06:00,No,Amazon,email
Large,2026-05-22,11:09:00,Yes,Target,facebook
Large,2026-05-22,12:12:00,No,Walmart,instagram
Large,2026-05-22,13:15:00,Yes,PetSmart,google
Large,2026-05-22,14:18:00,No,Chewy,email
Large,2026-05-22,15:21:00,Yes,Amazon,facebook
Large,2026-05-22,16:24:00,No,Target,instagram
Large,2026-05-22,17:27:00,Yes,Walmart,google
Large,2026-05-22,18:30:00,No,PetSmart,email
Large,2026-05-22,19:33:00,Yes,Chewy,facebook
Large,2026-05-22,08:36:00,No,Amazon,instagram
Large,2026-05-22,09:39:00,Yes,Target,google
Large,2026-05-22,10:42:00,No,Walmart,email
Large,2026-05-22,11:45:00,Yes,PetSmart,facebook
Large,2026-05-22,12:48:00,No,Chewy,instagram
Large,2026-05-22,13:51:00,Yes,Amazon,google
Large,2026-05-22,14:54:00,No,Target,email
Large,2026-05-22,15:57:00,Yes,Walmart,facebook
Large,2026-05-22,16:00:00,No,PetSmart,instagram
Large,2026-05-22,17:03:00,Yes,Chewy,google
Large,2026-05-22,18:06:00,No,Amazon,email
Large,2026-05-22,19:09:00,Yes,Target,facebook
Large,2026-05-22,08:12:00,No,Walmart,instagram
Large,2026-05-22,09:15:00,Yes,PetSmart,google
Large,2026-05-22,10:18:00,No,Chewy,email
Large,2026-05-22,11:21:00,Yes,Amazon,facebook
Large,2026-05-22,12:24:00,No,Target,instagram
Large,2026-05-22,13:27:00,Yes,Walmart,google
Large,2026-05-22,14:30:00,No,PetSmart,email
Large,2026-05-22,15:33:00,Yes,Chewy,facebook
Large,2026-05-22,16:36:00,No,Amazon,instagram
Large,2026-05-22,17:39:00,Yes,Target,google
Large,2026-05-22,18:42:00,No,Walmart,email
Large,2026-05-22,19:45:00,Yes,PetSmart,facebook
Large,2026-05-22,08:48:00,No,Chewy,instagram
Large,2026-05-22,09:51:00,Yes,Amazon,google
Large,2026-05-22,10:54:00,No,Target,email
Large,2026-05-22,11:57:00,Yes,Walmart,facebook
Large,2026-05-22,12:00:00,No,PetSmart,instagram
Large,2026-05-22,13:03:00,Yes,Chewy,google
Large,2026-05-22,14:06:00,No,Amazon,email
Large,2026-05-22,15:09:00,Yes,Target,facebook
Large,2026-05-22,16:12:00,No,Walmart,instagram
Large,2026-05-22,17:15:00,Yes,PetSmart,google
Large,2026-05-22,18:18:00,No,Chewy,email
Large,2026-05-22,19:21:00,Yes,Amazon,facebook
Large,2026-05-22,08:24:00,No,Target,instagram
Large,2026-05-22,09:27:00,Yes,Walmart,google
Large,2026-05-22,10:30:00,No,PetSmart,email
Large,2026-05-22,11:33:00,Yes,Chewy,facebook
Large,2026-05-22,12:36:00,No,Amazon,instagram
Large,2026-05-22,13:39:00,Yes,Target,google
Large,2026-05-22,14:42:00,No,Walmart,email
Large,2026-05-22,15:45:00,Yes,PetSmart,facebook
Large,2026-05-22,16:48:00,No,Chewy,instagram
Large,2026-05-22,17:51:00,Yes,Amazon,google
Large,2026-05-22,18:54:00,No,Target,email
Large,2026-05-22,19:57:00,Yes,Walmart,facebook
Large,2026-05-22,08:00:00,No,PetSmart,instagram
Large,2026-05-22,09:03:00,Yes,Chewy,google
Large,2026-05-22,10:06:00,No,Amazon,email
Large,2026-05-22,11:09:00,Yes,Target,facebook
Large,2026-05-22,12:12:00,No,Walmart,instagram
Large,2026-05-22,13:15:00,Yes,PetSmart,google
Large,2026-05-22,14:18:00,No,Chewy,email
Large,2026-05-22,15:21:00,Yes,Amazon,facebook
Large,2026-05-22,16:24:00,No,Target,instagram
Large,2026-05-22,17:27:00,Yes,Walmart,google
TEENIE,2026-05-23,08:00:00,Yes,Chewy,google
TEENIE,2026-05-23,09:03:00,No,Amazon,email
TEENIE,2026-05-23,10:06:00,Yes,Target,facebook
TEENIE,2026-05-23,11:09:00,No,Walmart,instagram
TEENIE,2026-05-23,12:12:00,Yes,PetSmart,google
TEENIE,2026-05-23,13:15:00,No,Chewy,email
TEENIE,2026-05-23,14:18:00,Yes,Amazon,facebook
TEENIE,2026-05-23,15:21:00,No,Target,instagram
TEENIE,2026-05-23,16:24:00,Yes,Walmart,google
TEENIE,2026-05-23,17:27:00,No,PetSmart,email
TEENIE,2026-05-23,18:30:00,Yes,Chewy,facebook
TEENIE,2026-05-23,19:33:00,No,Amazon,instagram
TEENIE,2026-05-23,08:36:00,Yes,Target,google
TEENIE,2026-05-23,09:39:00,No,Walmart,email
TEENIE,2026-05-23,10:42:00,Yes,PetSmart,facebook
TEENIE,2026-05-23,11:45:00,No,Chewy,instagram
TEENIE,2026-05-23,12:48:00,Yes,Amazon,google
TEENIE,2026-05-23,13:51:00,No,Target,email
TEENIE,2026-05-23,14:54:00,Yes,Walmart,facebook
TEENIE,2026-05-23,15:57:00,No,PetSmart,instagram
TEENIE,2026-05-23,16:00:00,Yes,Chewy,google
TEENIE,2026-05-23,17:03:00,No,Amazon,email
TEENIE,2026-05-23,18:06:00,Yes,Target,facebook
TEENIE,2026-05-23,19:09:00,No,Walmart,instagram
TEENIE,2026-05-23,08:12:00,Yes,PetSmart,google
TEENIE,2026-05-23,09:15:00,No,Chewy,email
TEENIE,2026-05-23,10:18:00,Yes,Amazon,facebook
TEENIE,2026-05-23,11:21:00,No,Target,instagram
TEENIE,2026-05-23,12:24:00,Yes,Walmart,google
TEENIE,2026-05-23,13:27:00,No,PetSmart,email
TEENIE,2026-05-23,14:30:00,Yes,Chewy,facebook
TEENIE,2026-05-23,15:33:00,No,Amazon,instagram
TEENIE,2026-05-23,16:36:00,Yes,Target,google
TEENIE,2026-05-23,17:39:00,No,Walmart,email
TEENIE,2026-05-23,18:42:00,Yes,PetSmart,facebook
TEENIE,2026-05-23,19:45:00,No,Chewy,instagram
TEENIE,2026-05-23,08:48:00,Yes,Amazon,google
TEENIE,2026-05-23,09:51:00,No,Target,email
TEENIE,2026-05-23,10:54:00,Yes,Walmart,facebook
TEENIE,2026-05-23,11:57:00,No,PetSmart,instagram
TEENIE,2026-05-23,12:00:00,Yes,Chewy,google
TEENIE,2026-05-23,13:03:00,No,Amazon,email
TEENIE,2026-05-23,14:06:00,Yes,Target,facebook
TEENIE,2026-05-23,15:09:00,No,Walmart,instagram
TEENIE,2026-05-23,16:12:00,Yes,PetSmart,google
TEENIE,2026-05-23,17:15:00,No,Chewy,email
TEENIE,2026-05-23,18:18:00,Yes,Amazon,facebook
TEENIE,2026-05-23,19:21:00,No,Target,instagram
TEENIE,2026-05-23,08:24:00,Yes,Walmart,google
TEENIE,2026-05-23,09:27:00,No,PetSmart,email
TEENIE,2026-05-23,10:30:00,Yes,Chewy,facebook
TEENIE,2026-05-23,11:33:00,No,Amazon,instagram
TEENIE,2026-05-23,12:36:00,Yes,Target,google
TEENIE,2026-05-23,13:39:00,No,Walmart,email
TEENIE,2026-05-23,14:42:00,Yes,PetSmart,facebook
TEENIE,2026-05-23,15:45:00,No,Chewy,instagram
TEENIE,2026-05-23,16:48:00,Yes,Amazon,google
TEENIE,2026-05-23,17:51:00,No,Target,email
TEENIE,2026-05-23,18:54:00,Yes,Walmart,facebook
TEENIE,2026-05-23,19:57:00,No,PetSmart,instagram
TEENIE,2026-05-23,08:00:00,Yes,Chewy,google
TEENIE,2026-05-23,09:03:00,No,Amazon,email
TEENIE,2026-05-23,10:06:00,Yes,Target,facebook
TEENIE,2026-05-23,11:09:00,No,Walmart,instagram
TEENIE,2026-05-23,12:12:00,Yes,PetSmart,google
TEENIE,2026-05-23,13:15:00,No,Chewy,email
TEENIE,2026-05-23,14:18:00,Yes,Amazon,facebook
TEENIE,2026-05-23,15:21:00,No,Target,instagram
TEENIE,2026-05-23,16:24:00,Yes,Walmart,google
TEENIE,2026-05-23,17:27:00,No,PetSmart,email
TEENIE,2026-05-23,18:30:00,Yes,Chewy,facebook
TEENIE,2026-05-23,19:33:00,No,Amazon,instagram
TEENIE,2026-05-23,08:36:00,Yes,Target,google
TEENIE,2026-05-23,09:39:00,No,Walmart,email
TEENIE,2026-05-23,10:42:00,Yes,PetSmart,facebook
TEENIE,2026-05-23,11:45:00,No,Chewy,instagram
TEENIE,2026-05-23,12:48:00,Yes,Amazon,google
TEENIE,2026-05-23,13:51:00,No,Target,email
TEENIE,2026-05-23,14:54:00,Yes,Walmart,facebook
TEENIE,2026-05-23,15:57:00,No,PetSmart,instagram
TEENIE,2026-05-23,16:00:00,Yes,Chewy,google
TEENIE,2026-05-23,17:03:00,No,Amazon,email
TEENIE,2026-05-23,18:06:00,Yes,Target,facebook
TEENIE,2026-05-23,19:09:00,No,Walmart,instagram
TEENIE,2026-05-23,08:12:00,Yes,PetSmart,google
TEENIE,2026-05-23,09:15:00,No,Chewy,email
TEENIE,2026-05-23,10:18:00,Yes,Amazon,facebook
TEENIE,2026-05-23,11:21:00,No,Target,instagram
TEENIE,2026-05-23,12:24:00,Yes,Walmart,google
TEENIE,2026-05-23,13:27:00,No,PetSmart,email
TEENIE,2026-05-23,14:30:00,Yes,Chewy,facebook
TEENIE,2026-05-23,15:33:00,No,Amazon,instagram
TEENIE,2026-05-23,16:36:00,Yes,Target,google
TEENIE,2026-05-23,17:39:00,No,Walmart,email
TEENIE,2026-05-23,18:42:00,Yes,PetSmart,facebook
TEENIE,2026-05-23,19:45:00,No,Chewy,instagram
TEENIE,2026-05-23,08:48:00,Yes,Amazon,google
TEENIE,2026-05-23,09:51:00,No,Target,email
TEENIE,2026-05-23,10:54:00,Yes,Walmart,facebook
TEENIE,2026-05-23,11:57:00,No,PetSmart,instagram
TEENIE,2026-05-23,12:00:00,Yes,Chewy,google
TEENIE,2026-05-23,13:03:00,No,Amazon,email
TEENIE,2026-05-23,14:06:00,Yes,Target,facebook
TEENIE,2026-05-23,15:09:00,No,Walmart,instagram
TEENIE,2026-05-23,16:12:00,Yes,PetSmart,google
TEENIE,2026-05-23,17:15:00,No,Chewy,email
TEENIE,2026-05-23,18:18:00,Yes,Amazon,facebook
TEENIE,2026-05-23,19:21:00,No,Target,instagram
TEENIE,2026-05-23,08:24:00,Yes,Walmart,google
TEENIE,2026-05-23,09:27:00,No,PetSmart,email
TEENIE,2026-05-23,10:30:00,Yes,Chewy,facebook
TEENIE,2026-05-23,11:33:00,No,Amazon,instagram
Petite,2026-05-23,08:00:00,Yes,Chewy,google
Petite,2026-05-23,09:03:00,No,Amazon,email
Petite,2026-05-23,10:06:00,Yes,Target,facebook
Petite,2026-05-23,11:09:00,No,Walmart,instagram
Petite,2026-05-23,12:12:00,Yes,PetSmart,google
Petite,2026-05-23,13:15:00,No,Chewy,email
Petite,2026-05-23,14:18:00,Yes,Amazon,facebook
Petite,2026-05-23,15:21:00,No,Target,instagram
Petite,2026-05-23,16:24:00,Yes,Walmart,google
Petite,2026-05-23,17:27:00,No,PetSmart,email
Petite,2026-05-23,18:30:00,Yes,Chewy,facebook
Petite,2026-05-23,19:33:00,No,Amazon,instagram
Petite,2026-05-23,08:36:00,Yes,Target,google
Petite,2026-05-23,09:39:00,No,Walmart,email
Petite,2026-05-23,10:42:00,Yes,PetSmart,facebook
Petite,2026-05-23,11:45:00,No,Chewy,instagram
Petite,2026-05-23,12:48:00,Yes,Amazon,google
Petite,2026-05-23,13:51:00,No,Target,email
Petite,2026-05-23,14:54:00,Yes,Walmart,facebook
Petite,2026-05-23,15:57:00,No,PetSmart,instagram
Petite,2026-05-23,16:00:00,Yes,Chewy,google
Petite,2026-05-23,17:03:00,No,Amazon,email
Petite,2026-05-23,18:06:00,Yes,Target,facebook
Petite,2026-05-23,19:09:00,No,Walmart,instagram
Petite,2026-05-23,08:12:00,Yes,PetSmart,google
Petite,2026-05-23,09:15:00,No,Chewy,email
Petite,2026-05-23,10:18:00,Yes,Amazon,facebook
Petite,2026-05-23,11:21:00,No,Target,instagram
Petite,2026-05-23,12:24:00,Yes,Walmart,google
Petite,2026-05-23,13:27:00,No,PetSmart,email
Petite,2026-05-23,14:30:00,Yes,Chewy,facebook
Petite,2026-05-23,15:33:00,No,Amazon,instagram
Petite,2026-05-23,16:36:00,Yes,Target,google
Petite,2026-05-23,17:39:00,No,Walmart,email
Petite,2026-05-23,18:42:00,Yes,PetSmart,facebook
Petite,2026-05-23,19:45:00,No,Chewy,instagram
Petite,2026-05-23,08:48:00,Yes,Amazon,google
Petite,2026-05-23,09:51:00,No,Target,email
Petite,2026-05-23,10:54:00,Yes,Walmart,facebook
Petite,2026-05-23,11:57:00,No,PetSmart,instagram
Petite,2026-05-23,12:00:00,Yes,Chewy,google
Petite,2026-05-23,13:03:00,No,Amazon,email
Petite,2026-05-23,14:06:00,Yes,Target,facebook
Petite,2026-05-23,15:09:00,No,Walmart,instagram
Petite,2026-05-23,16:12:00,Yes,PetSmart,google
Petite,2026-05-23,17:15:00,No,Chewy,email
Petite,2026-05-23,18:18:00,Yes,Amazon,facebook
Petite,2026-05-23,19:21:00,No,Target,instagram
Petite,2026-05-23,08:24:00,Yes,Walmart,google
Petite,2026-05-23,09:27:00,No,PetSmart,email
Petite,2026-05-23,10:30:00,Yes,Chewy,facebook
Petite,2026-05-23,11:33:00,No,Amazon,instagram
Petite,2026-05-23,12:36:00,Yes,Target,google
Petite,2026-05-23,13:39:00,No,Walmart,email
Petite,2026-05-23,14:42:00,Yes,PetSmart,facebook
Petite,2026-05-23,15:45:00,No,Chewy,instagram
Petite,2026-05-23,16:48:00,Yes,Amazon,google
Petite,2026-05-23,17:51:00,No,Target,email
Petite,2026-05-23,18:54:00,Yes,Walmart,facebook
Petite,2026-05-23,19:57:00,No,PetSmart,instagram
Petite,2026-05-23,08:00:00,Yes,Chewy,google
Petite,2026-05-23,09:03:00,No,Amazon,email
Petite,2026-05-23,10:06:00,Yes,Target,facebook
Petite,2026-05-23,11:09:00,No,Walmart,instagram
Petite,2026-05-23,12:12:00,Yes,PetSmart,google
Petite,2026-05-23,13:15:00,No,Chewy,email
Petite,2026-05-23,14:18:00,Yes,Amazon,facebook
Petite,2026-05-23,15:21:00,No,Target,instagram
Petite,2026-05-23,16:24:00,Yes,Walmart,google
Petite,2026-05-23,17:27:00,No,PetSmart,email
Petite,2026-05-23,18:30:00,Yes,Chewy,facebook
Petite,2026-05-23,19:33:00,No,Amazon,instagram
Petite,2026-05-23,08:36:00,Yes,Target,google
Petite,2026-05-23,09:39:00,No,Walmart,email
Petite,2026-05-23,10:42:00,Yes,PetSmart,facebook
Petite,2026-05-23,11:45:00,No,Chewy,instagram
Petite,2026-05-23,12:48:00,Yes,Amazon,google
Petite,2026-05-23,13:51:00,No,Target,email
Petite,2026-05-23,14:54:00,Yes,Walmart,facebook
Petite,2026-05-23,15:57:00,No,PetSmart,instagram
Petite,2026-05-23,16:00:00,Yes,Chewy,google
Petite,2026-05-23,17:03:00,No,Amazon,email
Regular,2026-05-23,08:00:00,Yes,Chewy,google
Regular,2026-05-23,09:03:00,No,Amazon,email
Regular,2026-05-23,10:06:00,Yes,Target,facebook
Regular,2026-05-23,11:09:00,No,Walmart,instagram
Regular,2026-05-23,12:12:00,Yes,PetSmart,google
Regular,2026-05-23,13:15:00,No,Chewy,email
Regular,2026-05-23,14:18:00,Yes,Amazon,facebook
Regular,2026-05-23,15:21:00,No,Target,instagram
Regular,2026-05-23,16:24:00,Yes,Walmart,google
Regular,2026-05-23,17:27:00,No,PetSmart,email
Regular,2026-05-23,18:30:00,Yes,Chewy,facebook
Regular,2026-05-23,19:33:00,No,Amazon,instagram
Regular,2026-05-23,08:36:00,Yes,Target,google
Regular,2026-05-23,09:39:00,No,Walmart,email
Regular,2026-05-23,10:42:00,Yes,PetSmart,facebook
Regular,2026-05-23,11:45:00,No,Chewy,instagram
Regular,2026-05-23,12:48:00,Yes,Amazon,google
Regular,2026-05-23,13:51:00,No,Target,email
Regular,2026-05-23,14:54:00,Yes,Walmart,facebook
Regular,2026-05-23,15:57:00,No,PetSmart,instagram
Regular,2026-05-23,16:00:00,Yes,Chewy,google
Regular,2026-05-23,17:03:00,No,Amazon,email
Regular,2026-05-23,18:06:00,Yes,Target,facebook
Regular,2026-05-23,19:09:00,No,Walmart,instagram
Regular,2026-05-23,08:12:00,Yes,PetSmart,google
Regular,2026-05-23,09:15:00,No,Chewy,email
Regular,2026-05-23,10:18:00,Yes,Amazon,facebook
Regular,2026-05-23,11:21:00,No,Target,instagram
Regular,2026-05-23,12:24:00,Yes,Walmart,google
Regular,2026-05-23,13:27:00,No,PetSmart,email
Regular,2026-05-23,14:30:00,Yes,Chewy,facebook
Regular,2026-05-23,15:33:00,No,Amazon,instagram
Regular,2026-05-23,16:36:00,Yes,Target,google
Regular,2026-05-23,17:39:00,No,Walmart,email
Regular,2026-05-23,18:42:00,Yes,PetSmart,facebook
Regular,2026-05-23,19:45:00,No,Chewy,instagram
Regular,2026-05-23,08:48:00,Yes,Amazon,google
Regular,2026-05-23,09:51:00,No,Target,email
Regular,2026-05-23,10:54:00,Yes,Walmart,facebook
Regular,2026-05-23,11:57:00,No,PetSmart,instagram
Regular,2026-05-23,12:00:00,Yes,Chewy,google
Regular,2026-05-23,13:03:00,No,Amazon,email
Regular,2026-05-23,14:06:00,Yes,Target,facebook
Regular,2026-05-23,15:09:00,No,Walmart,instagram
Regular,2026-05-23,16:12:00,Yes,PetSmart,google
Regular,2026-05-23,17:15:00,No,Chewy,email
Regular,2026-05-23,18:18:00,Yes,Amazon,facebook
Regular,2026-05-23,19:21:00,No,Target,instagram
Regular,2026-05-23,08:24:00,Yes,Walmart,google
Regular,2026-05-23,09:27:00,No,PetSmart,email
Regular,2026-05-23,10:30:00,Yes,Chewy,facebook
Regular,2026-05-23,11:33:00,No,Amazon,instagram
Regular,2026-05-23,12:36:00,Yes,Target,google
Regular,2026-05-23,13:39:00,No,Walmart,email
Regular,2026-05-23,14:42:00,Yes,PetSmart,facebook
Regular,2026-05-23,15:45:00,No,Chewy,instagram
Regular,2026-05-23,16:48:00,Yes,Amazon,google
Regular,2026-05-23,17:51:00,No,Target,email
Regular,2026-05-23,18:54:00,Yes,Walmart,facebook
Regular,2026-05-23,19:57:00,No,PetSmart,instagram
Regular,2026-05-23,08:00:00,Yes,Chewy,google
Regular,2026-05-23,09:03:00,No,Amazon,email
Regular,2026-05-23,10:06:00,Yes,Target,facebook
Regular,2026-05-23,11:09:00,No,Walmart,instagram
Regular,2026-05-23,12:12:00,Yes,PetSmart,google
Regular,2026-05-23,13:15:00,No,Chewy,email
Regular,2026-05-23,14:18:00,Yes,Amazon,facebook
Regular,2026-05-23,15:21:00,No,Target,instagram
Regular,2026-05-23,16:24:00,Yes,Walmart,google
Regular,2026-05-23,17:27:00,No,PetSmart,email
Regular,2026-05-23,18:30:00,Yes,Chewy,facebook
Regular,2026-05-23,19:33:00,No,Amazon,instagram
Regular,2026-05-23,08:36:00,Yes,Target,google
Regular,2026-05-23,09:39:00,No,Walmart,email
Regular,2026-05-23,10:42:00,Yes,PetSmart,facebook
Regular,2026-05-23,11:45:00,No,Chewy,instagram
Regular,2026-05-23,12:48:00,Yes,Amazon,google
Regular,2026-05-23,13:51:00,No,Target,email
Regular,2026-05-23,14:54:00,Yes,Walmart,facebook
Regular,2026-05-23,15:57:00,No,PetSmart,instagram
Regular,2026-05-23,16:00:00,Yes,Chewy,google
Regular,2026-05-23,17:03:00,No,Amazon,email
Regular,2026-05-23,18:06:00,Yes,Target,facebook
Regular,2026-05-23,19:09:00,No,Walmart,instagram
Regular,2026-05-23,08:12:00,Yes,PetSmart,google
Regular,2026-05-23,09:15:00,No,Chewy,email
Regular,2026-05-23,10:18:00,Yes,Amazon,facebook
Regular,2026-05-23,11:21:00,No,Target,instagram
Regular,2026-05-23,12:24:00,Yes,Walmart,google
Regular,2026-05-23,13:27:00,No,PetSmart,email
Regular,2026-05-23,14:30:00,Yes,Chewy,facebook
Regular,2026-05-23,15:33:00,No,Amazon,instagram
Regular,2026-05-23,16:36:00,Yes,Target,google
Regular,2026-05-23,17:39:00,No,Walmart,email
Regular,2026-05-23,18:42:00,Yes,PetSmart,facebook
Regular,2026-05-23,19:45:00,No,Chewy,instagram
Regular,2026-05-23,08:48:00,Yes,Amazon,google
Regular,2026-05-23,09:51:00,No,Target,email
Regular,2026-05-23,10:54:00,Yes,Walmart,facebook
Regular,2026-05-23,11:57:00,No,PetSmart,instagram
Regular,2026-05-23,12:00:00,Yes,Chewy,google
Regular,2026-05-23,13:03:00,No,Amazon,email
Regular,2026-05-23,14:06:00,Yes,Target,facebook
Regular,2026-05-23,15:09:00,No,Walmart,instagram
Regular,2026-05-23,16:12:00,Yes,PetSmart,google
Regular,2026-05-23,17:15:00,No,Chewy,email
Regular,2026-05-23,18:18:00,Yes,Amazon,facebook
Regular,2026-05-23,19:21:00,No,Target,instagram
Regular,2026-05-23,08:24:00,Yes,Walmart,google
Regular,2026-05-23,09:27:00,No,PetSmart,email
Regular,2026-05-23,10:30:00,Yes,Chewy,facebook
Regular,2026-05-23,11:33:00,No,Amazon,instagram
Regular,2026-05-23,12:36:00,Yes,Target,google
Regular,2026-05-23,13:39:00,No,Walmart,email
Regular,2026-05-23,14:42:00,Yes,PetSmart,facebook
Regular,2026-05-23,15:45:00,No,Chewy,instagram
Regular,2026-05-23,16:48:00,Yes,Amazon,google
Regular,2026-05-23,17:51:00,No,Target,email
Regular,2026-05-23,18:54:00,Yes,Walmart,facebook
Regular,2026-05-23,19:57:00,No,PetSmart,instagram
Regular,2026-05-23,08:00:00,Yes,Chewy,google
Regular,2026-05-23,09:03:00,No,Amazon,email
Regular,2026-05-23,10:06:00,Yes,Target,facebook
Regular,2026-05-23,11:09:00,No,Walmart,instagram
Regular,2026-05-23,12:12:00,Yes,PetSmart,google
Regular,2026-05-23,13:15:00,No,Chewy,email
Regular,2026-05-23,14:18:00,Yes,Amazon,facebook
Regular,2026-05-23,15:21:00,No,Target,instagram
Regular,2026-05-23,16:24:00,Yes,Walmart,google
Regular,2026-05-23,17:27:00,No,PetSmart,email
Regular,2026-05-23,18:30:00,Yes,Chewy,facebook
Regular,2026-05-23,19:33:00,No,Amazon,instagram
Large,2026-05-23,08:00:00,Yes,Chewy,google
Large,2026-05-23,09:03:00,No,Amazon,email
Large,2026-05-23,10:06:00,Yes,Target,facebook
Large,2026-05-23,11:09:00,No,Walmart,instagram
Large,2026-05-23,12:12:00,Yes,PetSmart,google
Large,2026-05-23,13:15:00,No,Chewy,email
Large,2026-05-23,14:18:00,Yes,Amazon,facebook
Large,2026-05-23,15:21:00,No,Target,instagram
Large,2026-05-23,16:24:00,Yes,Walmart,google
Large,2026-05-23,17:27:00,No,PetSmart,email
Large,2026-05-23,18:30:00,Yes,Chewy,facebook
Large,2026-05-23,19:33:00,No,Amazon,instagram
Large,2026-05-23,08:36:00,Yes,Target,google
Large,2026-05-23,09:39:00,No,Walmart,email
Large,2026-05-23,10:42:00,Yes,PetSmart,facebook
Large,2026-05-23,11:45:00,No,Chewy,instagram
Large,2026-05-23,12:48:00,Yes,Amazon,google
Large,2026-05-23,13:51:00,No,Target,email
Large,2026-05-23,14:54:00,Yes,Walmart,facebook
Large,2026-05-23,15:57:00,No,PetSmart,instagram
Large,2026-05-23,16:00:00,Yes,Chewy,google
Large,2026-05-23,17:03:00,No,Amazon,email
Large,2026-05-23,18:06:00,Yes,Target,facebook
Large,2026-05-23,19:09:00,No,Walmart,instagram
Large,2026-05-23,08:12:00,Yes,PetSmart,google
Large,2026-05-23,09:15:00,No,Chewy,email
Large,2026-05-23,10:18:00,Yes,Amazon,facebook
Large,2026-05-23,11:21:00,No,Target,instagram
Large,2026-05-23,12:24:00,Yes,Walmart,google
Large,2026-05-23,13:27:00,No,PetSmart,email
Large,2026-05-23,14:30:00,Yes,Chewy,facebook
Large,2026-05-23,15:33:00,No,Amazon,instagram
Large,2026-05-23,16:36:00,Yes,Target,google
Large,2026-05-23,17:39:00,No,Walmart,email
Large,2026-05-23,18:42:00,Yes,PetSmart,facebook
Large,2026-05-23,19:45:00,No,Chewy,instagram
Large,2026-05-23,08:48:00,Yes,Amazon,google
Large,2026-05-23,09:51:00,No,Target,email
Large,2026-05-23,10:54:00,Yes,Walmart,facebook
Large,2026-05-23,11:57:00,No,PetSmart,instagram
Large,2026-05-23,12:00:00,Yes,Chewy,google
Large,2026-05-23,13:03:00,No,Amazon,email
Large,2026-05-23,14:06:00,Yes,Target,facebook
Large,2026-05-23,15:09:00,No,Walmart,instagram
Large,2026-05-23,16:12:00,Yes,PetSmart,google
Large,2026-05-23,17:15:00,No,Chewy,email
Large,2026-05-23,18:18:00,Yes,Amazon,facebook
Large,2026-05-23,19:21:00,No,Target,instagram
Large,2026-05-23,08:24:00,Yes,Walmart,google
Large,2026-05-23,09:27:00,No,PetSmart,email
Large,2026-05-23,10:30:00,Yes,Chewy,facebook
Large,2026-05-23,11:33:00,No,Amazon,instagram
Large,2026-05-23,12:36:00,Yes,Target,google
Large,2026-05-23,13:39:00,No,Walmart,email
Large,2026-05-23,14:42:00,Yes,PetSmart,facebook
Large,2026-05-23,15:45:00,No,Chewy,instagram
Large,2026-05-23,16:48:00,Yes,Amazon,google
Large,2026-05-23,17:51:00,No,Target,email
Large,2026-05-23,18:54:00,Yes,Walmart,facebook
Large,2026-05-23,19:57:00,No,PetSmart,instagram
Large,2026-05-23,08:00:00,Yes,Chewy,google
Large,2026-05-23,09:03:00,No,Amazon,email
Large,2026-05-23,10:06:00,Yes,Target,facebook
Large,2026-05-23,11:09:00,No,Walmart,instagram
Large,2026-05-23,12:12:00,Yes,PetSmart,google
Large,2026-05-23,13:15:00,No,Chewy,email
Large,2026-05-23,14:18:00,Yes,Amazon,facebook
Large,2026-05-23,15:21:00,No,Target,instagram
Large,2026-05-23,16:24:00,Yes,Walmart,google
Large,2026-05-23,17:27:00,No,PetSmart,email
Large,2026-05-23,18:30:00,Yes,Chewy,facebook
Large,2026-05-23,19:33:00,No,Amazon,instagram
Large,2026-05-23,08:36:00,Yes,Target,google
Large,2026-05-23,09:39:00,No,Walmart,email
Large,2026-05-23,10:42:00,Yes,PetSmart,facebook
Large,2026-05-23,11:45:00,No,Chewy,instagram
Large,2026-05-23,12:48:00,Yes,Amazon,google
Large,2026-05-23,13:51:00,No,Target,email
Large,2026-05-23,14:54:00,Yes,Walmart,facebook
Large,2026-05-23,15:57:00,No,PetSmart,instagram
Large,2026-05-23,16:00:00,Yes,Chewy,google
Large,2026-05-23,17:03:00,No,Amazon,email
Large,2026-05-23,18:06:00,Yes,Target,facebook
Large,2026-05-23,19:09:00,No,Walmart,instagram
Large,2026-05-23,08:12:00,Yes,PetSmart,google
Large,2026-05-23,09:15:00,No,Chewy,email
Large,2026-05-23,10:18:00,Yes,Amazon,facebook
Large,2026-05-23,11:21:00,No,Target,instagram
Large,2026-05-23,12:24:00,Yes,Walmart,google
Large,2026-05-23,13:27:00,No,PetSmart,email
Large,2026-05-23,14:30:00,Yes,Chewy,facebook
Large,2026-05-23,15:33:00,No,Amazon,instagram
Large,2026-05-23,16:36:00,Yes,Target,google
Large,2026-05-23,17:39:00,No,Walmart,email
Large,2026-05-23,18:42:00,Yes,PetSmart,facebook
Large,2026-05-23,19:45:00,No,Chewy,instagram
Large,2026-05-23,08:48:00,Yes,Amazon,google
Large,2026-05-23,09:51:00,No,Target,email
Large,2026-05-23,10:54:00,Yes,Walmart,facebook
Large,2026-05-23,11:57:00,No,PetSmart,instagram
Large,2026-05-23,12:00:00,Yes,Chewy,google
Large,2026-05-23,13:03:00,No,Amazon,email
Large,2026-05-23,14:06:00,Yes,Target,facebook
Large,2026-05-23,15:09:00,No,Walmart,instagram
Large,2026-05-23,16:12:00,Yes,PetSmart,google
Large,2026-05-23,17:15:00,No,Chewy,email
Large,2026-05-23,18:18:00,Yes,Amazon,facebook
Large,2026-05-23,19:21:00,No,Target,instagram
Large,2026-05-23,08:24:00,Yes,Walmart,google
Large,2026-05-23,09:27:00,No,PetSmart,email
Large,2026-05-23,10:30:00,Yes,Chewy,facebook
Large,2026-05-23,11:33:00,No,Amazon,instagram
Large,2026-05-23,12:36:00,Yes,Target,google
Large,2026-05-23,13:39:00,No,Walmart,email
Large,2026-05-23,14:42:00,Yes,PetSmart,facebook
Large,2026-05-23,15:45:00,No,Chewy,instagram
Large,2026-05-23,16:48:00,Yes,Amazon,google
Large,2026-05-23,17:51:00,No,Target,email
Large,2026-05-23,18:54:00,Yes,Walmart,facebook
Large,2026-05-23,19:57:00,No,PetSmart,instagram
Large,2026-05-23,08:00:00,Yes,Chewy,google
Large,2026-05-23,09:03:00,No,Amazon,email
Large,2026-05-23,10:06:00,Yes,Target,facebook
Large,2026-05-23,11:09:00,No,Walmart,instagram
Large,2026-05-23,12:12:00,Yes,PetSmart,google
Large,2026-05-23,13:15:00,No,Chewy,email
Large,2026-05-23,14:18:00,Yes,Amazon,facebook
Large,2026-05-23,15:21:00,No,Target,instagram
Large,2026-05-23,16:24:00,Yes,Walmart,google
Large,2026-05-23,17:27:00,No,PetSmart,email
Large,2026-05-23,18:30:00,Yes,Chewy,facebook
Large,2026-05-23,19:33:00,No,Amazon,instagram
Large,2026-05-23,08:36:00,Yes,Target,google
Large,2026-05-23,09:39:00,No,Walmart,email
Large,2026-05-23,10:42:00,Yes,PetSmart,facebook
Large,2026-05-23,11:45:00,No,Chewy,instagram
Large,2026-05-23,12:48:00,Yes,Amazon,google
Large,2026-05-23,13:51:00,No,Target,email
Large,2026-05-23,14:54:00,Yes,Walmart,facebook
Large,2026-05-23,15:57:00,No,PetSmart,instagram
Large,2026-05-23,16:00:00,Yes,Chewy,google
Large,2026-05-23,17:03:00,No,Amazon,email
Large,2026-05-23,18:06:00,Yes,Target,facebook
Large,2026-05-23,19:09:00,No,Walmart,instagram
Large,2026-05-23,08:12:00,Yes,PetSmart,google
Large,2026-05-23,09:15:00,No,Chewy,email
Large,2026-05-23,10:18:00,Yes,Amazon,facebook
Large,2026-05-23,11:21:00,No,Target,instagram
Large,2026-05-23,12:24:00,Yes,Walmart,google
Large,2026-05-23,13:27:00,No,PetSmart,email
Large,2026-05-23,14:30:00,Yes,Chewy,facebook
Large,2026-05-23,15:33:00,No,Amazon,instagram
Large,2026-05-23,16:36:00,Yes,Target,google
Large,2026-05-23,17:39:00,No,Walmart,email
Large,2026-05-23,18:42:00,Yes,PetSmart,facebook
Large,2026-05-23,19:45:00,No,Chewy,instagram
Large,2026-05-23,08:48:00,Yes,Amazon,google
Large,2026-05-23,09:51:00,No,Target,email
Large,2026-05-23,10:54:00,Yes,Walmart,facebook
Large,2026-05-23,11:57:00,No,PetSmart,instagram
Large,2026-05-23,12:00:00,Yes,Chewy,google
Large,2026-05-23,13:03:00,No,Amazon,email
Large,2026-05-23,14:06:00,Yes,Target,facebook
Large,2026-05-23,15:09:00,No,Walmart,instagram
Large,2026-05-23,16:12:00,Yes,PetSmart,google
Large,2026-05-23,17:15:00,No,Chewy,email
Large,2026-05-23,18:18:00,Yes,Amazon,facebook
Large,2026-05-23,19:21:00,No,Target,instagram
Large,2026-05-23,08:24:00,Yes,Walmart,google
Large,2026-05-23,09:27:00,No,PetSmart,email
Large,2026-05-23,10:30:00,Yes,Chewy,facebook
Large,2026-05-23,11:33:00,No,Amazon,instagram
TEENIE,2026-05-24,08:00:00,No,Amazon,email
TEENIE,2026-05-24,09:03:00,Yes,Target,facebook
TEENIE,2026-05-24,10:06:00,No,Walmart,instagram
TEENIE,2026-05-24,11:09:00,Yes,PetSmart,google
TEENIE,2026-05-24,12:12:00,No,Chewy,email
TEENIE,2026-05-24,13:15:00,Yes,Amazon,facebook
TEENIE,2026-05-24,14:18:00,No,Target,instagram
TEENIE,2026-05-24,15:21:00,Yes,Walmart,google
TEENIE,2026-05-24,16:24:00,No,PetSmart,email
TEENIE,2026-05-24,17:27:00,Yes,Chewy,facebook
TEENIE,2026-05-24,18:30:00,No,Amazon,instagram
TEENIE,2026-05-24,19:33:00,Yes,Target,google
TEENIE,2026-05-24,08:36:00,No,Walmart,email
TEENIE,2026-05-24,09:39:00,Yes,PetSmart,facebook
TEENIE,2026-05-24,10:42:00,No,Chewy,instagram
TEENIE,2026-05-24,11:45:00,Yes,Amazon,google
TEENIE,2026-05-24,12:48:00,No,Target,email
TEENIE,2026-05-24,13:51:00,Yes,Walmart,facebook
TEENIE,2026-05-24,14:54:00,No,PetSmart,instagram
TEENIE,2026-05-24,15:57:00,Yes,Chewy,google
TEENIE,2026-05-24,16:00:00,No,Amazon,email
TEENIE,2026-05-24,17:03:00,Yes,Target,facebook
TEENIE,2026-05-24,18:06:00,No,Walmart,instagram
TEENIE,2026-05-24,19:09:00,Yes,PetSmart,google
TEENIE,2026-05-24,08:12:00,No,Chewy,email
TEENIE,2026-05-24,09:15:00,Yes,Amazon,facebook
TEENIE,2026-05-24,10:18:00,No,Target,instagram
TEENIE,2026-05-24,11:21:00,Yes,Walmart,google
TEENIE,2026-05-24,12:24:00,No,PetSmart,email
TEENIE,2026-05-24,13:27:00,Yes,Chewy,facebook
TEENIE,2026-05-24,14:30:00,No,Amazon,instagram
TEENIE,2026-05-24,15:33:00,Yes,Target,google
TEENIE,2026-05-24,16:36:00,No,Walmart,email
TEENIE,2026-05-24,17:39:00,Yes,PetSmart,facebook
TEENIE,2026-05-24,18:42:00,No,Chewy,instagram
TEENIE,2026-05-24,19:45:00,Yes,Amazon,google
TEENIE,2026-05-24,08:48:00,No,Target,email
TEENIE,2026-05-24,09:51:00,Yes,Walmart,facebook
TEENIE,2026-05-24,10:54:00,No,PetSmart,instagram
TEENIE,2026-05-24,11:57:00,Yes,Chewy,google
TEENIE,2026-05-24,12:00:00,No,Amazon,email
TEENIE,2026-05-24,13:03:00,Yes,Target,facebook
TEENIE,2026-05-24,14:06:00,No,Walmart,instagram
TEENIE,2026-05-24,15:09:00,Yes,PetSmart,google
TEENIE,2026-05-24,16:12:00,No,Chewy,email
TEENIE,2026-05-24,17:15:00,Yes,Amazon,facebook
TEENIE,2026-05-24,18:18:00,No,Target,instagram
TEENIE,2026-05-24,19:21:00,Yes,Walmart,google
TEENIE,2026-05-24,08:24:00,No,PetSmart,email
TEENIE,2026-05-24,09:27:00,Yes,Chewy,facebook
TEENIE,2026-05-24,10:30:00,No,Amazon,instagram
TEENIE,2026-05-24,11:33:00,Yes,Target,google
TEENIE,2026-05-24,12:36:00,No,Walmart,email
TEENIE,2026-05-24,13:39:00,Yes,PetSmart,facebook
TEENIE,2026-05-24,14:42:00,No,Chewy,instagram
TEENIE,2026-05-24,15:45:00,Yes,Amazon,google
TEENIE,2026-05-24,16:48:00,No,Target,email
TEENIE,2026-05-24,17:51:00,Yes,Walmart,facebook
TEENIE,2026-05-24,18:54:00,No,PetSmart,instagram
TEENIE,2026-05-24,19:57:00,Yes,Chewy,google
TEENIE,2026-05-24,08:00:00,No,Amazon,email
TEENIE,2026-05-24,09:03:00,Yes,Target,facebook
TEENIE,2026-05-24,10:06:00,No,Walmart,instagram
TEENIE,2026-05-24,11:09:00,Yes,PetSmart,google
TEENIE,2026-05-24,12:12:00,No,Chewy,email
TEENIE,2026-05-24,13:15:00,Yes,Amazon,facebook
TEENIE,2026-05-24,14:18:00,No,Target,instagram
TEENIE,2026-05-24,15:21:00,Yes,Walmart,google
TEENIE,2026-05-24,16:24:00,No,PetSmart,email
TEENIE,2026-05-24,17:27:00,Yes,Chewy,facebook
TEENIE,2026-05-24,18:30:00,No,Amazon,instagram
TEENIE,2026-05-24,19:33:00,Yes,Target,google
TEENIE,2026-05-24,08:36:00,No,Walmart,email
TEENIE,2026-05-24,09:39:00,Yes,PetSmart,facebook
TEENIE,2026-05-24,10:42:00,No,Chewy,instagram
TEENIE,2026-05-24,11:45:00,Yes,Amazon,google
TEENIE,2026-05-24,12:48:00,No,Target,email
TEENIE,2026-05-24,13:51:00,Yes,Walmart,facebook
TEENIE,2026-05-24,14:54:00,No,PetSmart,instagram
TEENIE,2026-05-24,15:57:00,Yes,Chewy,google
TEENIE,2026-05-24,16:00:00,No,Amazon,email
TEENIE,2026-05-24,17:03:00,Yes,Target,facebook
TEENIE,2026-05-24,18:06:00,No,Walmart,instagram
TEENIE,2026-05-24,19:09:00,Yes,PetSmart,google
TEENIE,2026-05-24,08:12:00,No,Chewy,email
TEENIE,2026-05-24,09:15:00,Yes,Amazon,facebook
TEENIE,2026-05-24,10:18:00,No,Target,instagram
TEENIE,2026-05-24,11:21:00,Yes,Walmart,google
TEENIE,2026-05-24,12:24:00,No,PetSmart,email
TEENIE,2026-05-24,13:27:00,Yes,Chewy,facebook
TEENIE,2026-05-24,14:30:00,No,Amazon,instagram
TEENIE,2026-05-24,15:33:00,Yes,Target,google
TEENIE,2026-05-24,16:36:00,No,Walmart,email
TEENIE,2026-05-24,17:39:00,Yes,PetSmart,facebook
TEENIE,2026-05-24,18:42:00,No,Chewy,instagram
TEENIE,2026-05-24,19:45:00,Yes,Amazon,google
TEENIE,2026-05-24,08:48:00,No,Target,email
TEENIE,2026-05-24,09:51:00,Yes,Walmart,facebook
TEENIE,2026-05-24,10:54:00,No,PetSmart,instagram
TEENIE,2026-05-24,11:57:00,Yes,Chewy,google
TEENIE,2026-05-24,12:00:00,No,Amazon,email
TEENIE,2026-05-24,13:03:00,Yes,Target,facebook
TEENIE,2026-05-24,14:06:00,No,Walmart,instagram
TEENIE,2026-05-24,15:09:00,Yes,PetSmart,google
TEENIE,2026-05-24,16:12:00,No,Chewy,email
TEENIE,2026-05-24,17:15:00,Yes,Amazon,facebook
TEENIE,2026-05-24,18:18:00,No,Target,instagram
TEENIE,2026-05-24,19:21:00,Yes,Walmart,google
TEENIE,2026-05-24,08:24:00,No,PetSmart,email
TEENIE,2026-05-24,09:27:00,Yes,Chewy,facebook
TEENIE,2026-05-24,10:30:00,No,Amazon,instagram
TEENIE,2026-05-24,11:33:00,Yes,Target,google
TEENIE,2026-05-24,12:36:00,No,Walmart,email
TEENIE,2026-05-24,13:39:00,Yes,PetSmart,facebook
TEENIE,2026-05-24,14:42:00,No,Chewy,instagram
TEENIE,2026-05-24,15:45:00,Yes,Amazon,google
TEENIE,2026-05-24,16:48:00,No,Target,email
TEENIE,2026-05-24,17:51:00,Yes,Walmart,facebook
TEENIE,2026-05-24,18:54:00,No,PetSmart,instagram
Petite,2026-05-24,08:00:00,No,Amazon,email
Petite,2026-05-24,09:03:00,Yes,Target,facebook
Petite,2026-05-24,10:06:00,No,Walmart,instagram
Petite,2026-05-24,11:09:00,Yes,PetSmart,google
Petite,2026-05-24,12:12:00,No,Chewy,email
Petite,2026-05-24,13:15:00,Yes,Amazon,facebook
Petite,2026-05-24,14:18:00,No,Target,instagram
Petite,2026-05-24,15:21:00,Yes,Walmart,google
Petite,2026-05-24,16:24:00,No,PetSmart,email
Petite,2026-05-24,17:27:00,Yes,Chewy,facebook
Petite,2026-05-24,18:30:00,No,Amazon,instagram
Petite,2026-05-24,19:33:00,Yes,Target,google
Petite,2026-05-24,08:36:00,No,Walmart,email
Petite,2026-05-24,09:39:00,Yes,PetSmart,facebook
Petite,2026-05-24,10:42:00,No,Chewy,instagram
Petite,2026-05-24,11:45:00,Yes,Amazon,google
Petite,2026-05-24,12:48:00,No,Target,email
Petite,2026-05-24,13:51:00,Yes,Walmart,facebook
Petite,2026-05-24,14:54:00,No,PetSmart,instagram
Petite,2026-05-24,15:57:00,Yes,Chewy,google
Petite,2026-05-24,16:00:00,No,Amazon,email
Petite,2026-05-24,17:03:00,Yes,Target,facebook
Petite,2026-05-24,18:06:00,No,Walmart,instagram
Petite,2026-05-24,19:09:00,Yes,PetSmart,google
Petite,2026-05-24,08:12:00,No,Chewy,email
Petite,2026-05-24,09:15:00,Yes,Amazon,facebook
Petite,2026-05-24,10:18:00,No,Target,instagram
Petite,2026-05-24,11:21:00,Yes,Walmart,google
Petite,2026-05-24,12:24:00,No,PetSmart,email
Petite,2026-05-24,13:27:00,Yes,Chewy,facebook
Petite,2026-05-24,14:30:00,No,Amazon,instagram
Petite,2026-05-24,15:33:00,Yes,Target,google
Petite,2026-05-24,16:36:00,No,Walmart,email
Petite,2026-05-24,17:39:00,Yes,PetSmart,facebook
Petite,2026-05-24,18:42:00,No,Chewy,instagram
Petite,2026-05-24,19:45:00,Yes,Amazon,google
Petite,2026-05-24,08:48:00,No,Target,email
Petite,2026-05-24,09:51:00,Yes,Walmart,facebook
Petite,2026-05-24,10:54:00,No,PetSmart,instagram
Petite,2026-05-24,11:57:00,Yes,Chewy,google
Petite,2026-05-24,12:00:00,No,Amazon,email
Petite,2026-05-24,13:03:00,Yes,Target,facebook
Petite,2026-05-24,14:06:00,No,Walmart,instagram
Petite,2026-05-24,15:09:00,Yes,PetSmart,google
Petite,2026-05-24,16:12:00,No,Chewy,email
Petite,2026-05-24,17:15:00,Yes,Amazon,facebook
Petite,2026-05-24,18:18:00,No,Target,instagram
Petite,2026-05-24,19:21:00,Yes,Walmart,google
Petite,2026-05-24,08:24:00,No,PetSmart,email
Petite,2026-05-24,09:27:00,Yes,Chewy,facebook
Petite,2026-05-24,10:30:00,No,Amazon,instagram
Petite,2026-05-24,11:33:00,Yes,Target,google
Petite,2026-05-24,12:36:00,No,Walmart,email
Petite,2026-05-24,13:39:00,Yes,PetSmart,facebook
Petite,2026-05-24,14:42:00,No,Chewy,instagram
Petite,2026-05-24,15:45:00,Yes,Amazon,google
Petite,2026-05-24,16:48:00,No,Target,email
Petite,2026-05-24,17:51:00,Yes,Walmart,facebook
Petite,2026-05-24,18:54:00,No,PetSmart,instagram
Petite,2026-05-24,19:57:00,Yes,Chewy,google
Petite,2026-05-24,08:00:00,No,Amazon,email
Petite,2026-05-24,09:03:00,Yes,Target,facebook
Petite,2026-05-24,10:06:00,No,Walmart,instagram
Petite,2026-05-24,11:09:00,Yes,PetSmart,google
Petite,2026-05-24,12:12:00,No,Chewy,email
Petite,2026-05-24,13:15:00,Yes,Amazon,facebook
Petite,2026-05-24,14:18:00,No,Target,instagram
Petite,2026-05-24,15:21:00,Yes,Walmart,google
Petite,2026-05-24,16:24:00,No,PetSmart,email
Petite,2026-05-24,17:27:00,Yes,Chewy,facebook
Petite,2026-05-24,18:30:00,No,Amazon,instagram
Petite,2026-05-24,19:33:00,Yes,Target,google
Petite,2026-05-24,08:36:00,No,Walmart,email
Petite,2026-05-24,09:39:00,Yes,PetSmart,facebook
Petite,2026-05-24,10:42:00,No,Chewy,instagram
Petite,2026-05-24,11:45:00,Yes,Amazon,google
Petite,2026-05-24,12:48:00,No,Target,email
Petite,2026-05-24,13:51:00,Yes,Walmart,facebook
Petite,2026-05-24,14:54:00,No,PetSmart,instagram
Petite,2026-05-24,15:57:00,Yes,Chewy,google
Petite,2026-05-24,16:00:00,No,Amazon,email
Petite,2026-05-24,17:03:00,Yes,Target,facebook
Petite,2026-05-24,18:06:00,No,Walmart,instagram
Petite,2026-05-24,19:09:00,Yes,PetSmart,google
Petite,2026-05-24,08:12:00,No,Chewy,email
Petite,2026-05-24,09:15:00,Yes,Amazon,facebook
Petite,2026-05-24,10:18:00,No,Target,instagram
Petite,2026-05-24,11:21:00,Yes,Walmart,google
Petite,2026-05-24,12:24:00,No,PetSmart,email
Regular,2026-05-24,08:00:00,No,Amazon,email
Regular,2026-05-24,09:03:00,Yes,Target,facebook
Regular,2026-05-24,10:06:00,No,Walmart,instagram
Regular,2026-05-24,11:09:00,Yes,PetSmart,google
Regular,2026-05-24,12:12:00,No,Chewy,email
Regular,2026-05-24,13:15:00,Yes,Amazon,facebook
Regular,2026-05-24,14:18:00,No,Target,instagram
Regular,2026-05-24,15:21:00,Yes,Walmart,google
Regular,2026-05-24,16:24:00,No,PetSmart,email
Regular,2026-05-24,17:27:00,Yes,Chewy,facebook
Regular,2026-05-24,18:30:00,No,Amazon,instagram
Regular,2026-05-24,19:33:00,Yes,Target,google
Regular,2026-05-24,08:36:00,No,Walmart,email
Regular,2026-05-24,09:39:00,Yes,PetSmart,facebook
Regular,2026-05-24,10:42:00,No,Chewy,instagram
Regular,2026-05-24,11:45:00,Yes,Amazon,google
Regular,2026-05-24,12:48:00,No,Target,email
Regular,2026-05-24,13:51:00,Yes,Walmart,facebook
Regular,2026-05-24,14:54:00,No,PetSmart,instagram
Regular,2026-05-24,15:57:00,Yes,Chewy,google
Regular,2026-05-24,16:00:00,No,Amazon,email
Regular,2026-05-24,17:03:00,Yes,Target,facebook
Regular,2026-05-24,18:06:00,No,Walmart,instagram
Regular,2026-05-24,19:09:00,Yes,PetSmart,google
Regular,2026-05-24,08:12:00,No,Chewy,email
Regular,2026-05-24,09:15:00,Yes,Amazon,facebook
Regular,2026-05-24,10:18:00,No,Target,instagram
Regular,2026-05-24,11:21:00,Yes,Walmart,google
Regular,2026-05-24,12:24:00,No,PetSmart,email
Regular,2026-05-24,13:27:00,Yes,Chewy,facebook
Regular,2026-05-24,14:30:00,No,Amazon,instagram
Regular,2026-05-24,15:33:00,Yes,Target,google
Regular,2026-05-24,16:36:00,No,Walmart,email
Regular,2026-05-24,17:39:00,Yes,PetSmart,facebook
Regular,2026-05-24,18:42:00,No,Chewy,instagram
Regular,2026-05-24,19:45:00,Yes,Amazon,google
Regular,2026-05-24,08:48:00,No,Target,email
Regular,2026-05-24,09:51:00,Yes,Walmart,facebook
Regular,2026-05-24,10:54:00,No,PetSmart,instagram
Regular,2026-05-24,11:57:00,Yes,Chewy,google
Regular,2026-05-24,12:00:00,No,Amazon,email
Regular,2026-05-24,13:03:00,Yes,Target,facebook
Regular,2026-05-24,14:06:00,No,Walmart,instagram
Regular,2026-05-24,15:09:00,Yes,PetSmart,google
Regular,2026-05-24,16:12:00,No,Chewy,email
Regular,2026-05-24,17:15:00,Yes,Amazon,facebook
Regular,2026-05-24,18:18:00,No,Target,instagram
Regular,2026-05-24,19:21:00,Yes,Walmart,google
Regular,2026-05-24,08:24:00,No,PetSmart,email
Regular,2026-05-24,09:27:00,Yes,Chewy,facebook
Regular,2026-05-24,10:30:00,No,Amazon,instagram
Regular,2026-05-24,11:33:00,Yes,Target,google
Regular,2026-05-24,12:36:00,No,Walmart,email
Regular,2026-05-24,13:39:00,Yes,PetSmart,facebook
Regular,2026-05-24,14:42:00,No,Chewy,instagram
Regular,2026-05-24,15:45:00,Yes,Amazon,google
Regular,2026-05-24,16:48:00,No,Target,email
Regular,2026-05-24,17:51:00,Yes,Walmart,facebook
Regular,2026-05-24,18:54:00,No,PetSmart,instagram
Regular,2026-05-24,19:57:00,Yes,Chewy,google
Regular,2026-05-24,08:00:00,No,Amazon,email
Regular,2026-05-24,09:03:00,Yes,Target,facebook
Regular,2026-05-24,10:06:00,No,Walmart,instagram
Regular,2026-05-24,11:09:00,Yes,PetSmart,google
Regular,2026-05-24,12:12:00,No,Chewy,email
Regular,2026-05-24,13:15:00,Yes,Amazon,facebook
Regular,2026-05-24,14:18:00,No,Target,instagram
Regular,2026-05-24,15:21:00,Yes,Walmart,google
Regular,2026-05-24,16:24:00,No,PetSmart,email
Regular,2026-05-24,17:27:00,Yes,Chewy,facebook
Regular,2026-05-24,18:30:00,No,Amazon,instagram
Regular,2026-05-24,19:33:00,Yes,Target,google
Regular,2026-05-24,08:36:00,No,Walmart,email
Regular,2026-05-24,09:39:00,Yes,PetSmart,facebook
Regular,2026-05-24,10:42:00,No,Chewy,instagram
Regular,2026-05-24,11:45:00,Yes,Amazon,google
Regular,2026-05-24,12:48:00,No,Target,email
Regular,2026-05-24,13:51:00,Yes,Walmart,facebook
Regular,2026-05-24,14:54:00,No,PetSmart,instagram
Regular,2026-05-24,15:57:00,Yes,Chewy,google
Regular,2026-05-24,16:00:00,No,Amazon,email
Regular,2026-05-24,17:03:00,Yes,Target,facebook
Regular,2026-05-24,18:06:00,No,Walmart,instagram
Regular,2026-05-24,19:09:00,Yes,PetSmart,google
Regular,2026-05-24,08:12:00,No,Chewy,email
Regular,2026-05-24,09:15:00,Yes,Amazon,facebook
Regular,2026-05-24,10:18:00,No,Target,instagram
Regular,2026-05-24,11:21:00,Yes,Walmart,google
Regular,2026-05-24,12:24:00,No,PetSmart,email
Regular,2026-05-24,13:27:00,Yes,Chewy,facebook
Regular,2026-05-24,14:30:00,No,Amazon,instagram
Regular,2026-05-24,15:33:00,Yes,Target,google
Regular,2026-05-24,16:36:00,No,Walmart,email
Regular,2026-05-24,17:39:00,Yes,PetSmart,facebook
Regular,2026-05-24,18:42:00,No,Chewy,instagram
Regular,2026-05-24,19:45:00,Yes,Amazon,google
Regular,2026-05-24,08:48:00,No,Target,email
Regular,2026-05-24,09:51:00,Yes,Walmart,facebook
Regular,2026-05-24,10:54:00,No,PetSmart,instagram
Regular,2026-05-24,11:57:00,Yes,Chewy,google
Regular,2026-05-24,12:00:00,No,Amazon,email
Regular,2026-05-24,13:03:00,Yes,Target,facebook
Regular,2026-05-24,14:06:00,No,Walmart,instagram
Regular,2026-05-24,15:09:00,Yes,PetSmart,google
Regular,2026-05-24,16:12:00,No,Chewy,email
Regular,2026-05-24,17:15:00,Yes,Amazon,facebook
Regular,2026-05-24,18:18:00,No,Target,instagram
Regular,2026-05-24,19:21:00,Yes,Walmart,google
Regular,2026-05-24,08:24:00,No,PetSmart,email
Regular,2026-05-24,09:27:00,Yes,Chewy,facebook
Regular,2026-05-24,10:30:00,No,Amazon,instagram
Regular,2026-05-24,11:33:00,Yes,Target,google
Regular,2026-05-24,12:36:00,No,Walmart,email
Regular,2026-05-24,13:39:00,Yes,PetSmart,facebook
Regular,2026-05-24,14:42:00,No,Chewy,instagram
Regular,2026-05-24,15:45:00,Yes,Amazon,google
Regular,2026-05-24,16:48:00,No,Target,email
Regular,2026-05-24,17:51:00,Yes,Walmart,facebook
Regular,2026-05-24,18:54:00,No,PetSmart,instagram
Regular,2026-05-24,19:57:00,Yes,Chewy,google
Regular,2026-05-24,08:00:00,No,Amazon,email
Regular,2026-05-24,09:03:00,Yes,Target,facebook
Regular,2026-05-24,10:06:00,No,Walmart,instagram
Regular,2026-05-24,11:09:00,Yes,PetSmart,google
Regular,2026-05-24,12:12:00,No,Chewy,email
Regular,2026-05-24,13:15:00,Yes,Amazon,facebook
Regular,2026-05-24,14:18:00,No,Target,instagram
Regular,2026-05-24,15:21:00,Yes,Walmart,google
Regular,2026-05-24,16:24:00,No,PetSmart,email
Regular,2026-05-24,17:27:00,Yes,Chewy,facebook
Regular,2026-05-24,18:30:00,No,Amazon,instagram
Regular,2026-05-24,19:33:00,Yes,Target,google
Regular,2026-05-24,08:36:00,No,Walmart,email
Regular,2026-05-24,09:39:00,Yes,PetSmart,facebook
Regular,2026-05-24,10:42:00,No,Chewy,instagram
Regular,2026-05-24,11:45:00,Yes,Amazon,google
Regular,2026-05-24,12:48:00,No,Target,email
Regular,2026-05-24,13:51:00,Yes,Walmart,facebook
Regular,2026-05-24,14:54:00,No,PetSmart,instagram
Large,2026-05-24,08:00:00,No,Amazon,email
Large,2026-05-24,09:03:00,Yes,Target,facebook
Large,2026-05-24,10:06:00,No,Walmart,instagram
Large,2026-05-24,11:09:00,Yes,PetSmart,google
Large,2026-05-24,12:12:00,No,Chewy,email
Large,2026-05-24,13:15:00,Yes,Amazon,facebook
Large,2026-05-24,14:18:00,No,Target,instagram
Large,2026-05-24,15:21:00,Yes,Walmart,google
Large,2026-05-24,16:24:00,No,PetSmart,email
Large,2026-05-24,17:27:00,Yes,Chewy,facebook
Large,2026-05-24,18:30:00,No,Amazon,instagram
Large,2026-05-24,19:33:00,Yes,Target,google
Large,2026-05-24,08:36:00,No,Walmart,email
Large,2026-05-24,09:39:00,Yes,PetSmart,facebook
Large,2026-05-24,10:42:00,No,Chewy,instagram
Large,2026-05-24,11:45:00,Yes,Amazon,google
Large,2026-05-24,12:48:00,No,Target,email
Large,2026-05-24,13:51:00,Yes,Walmart,facebook
Large,2026-05-24,14:54:00,No,PetSmart,instagram
Large,2026-05-24,15:57:00,Yes,Chewy,google
Large,2026-05-24,16:00:00,No,Amazon,email
Large,2026-05-24,17:03:00,Yes,Target,facebook
Large,2026-05-24,18:06:00,No,Walmart,instagram
Large,2026-05-24,19:09:00,Yes,PetSmart,google
Large,2026-05-24,08:12:00,No,Chewy,email
Large,2026-05-24,09:15:00,Yes,Amazon,facebook
Large,2026-05-24,10:18:00,No,Target,instagram
Large,2026-05-24,11:21:00,Yes,Walmart,google
Large,2026-05-24,12:24:00,No,PetSmart,email
Large,2026-05-24,13:27:00,Yes,Chewy,facebook
Large,2026-05-24,14:30:00,No,Amazon,instagram
Large,2026-05-24,15:33:00,Yes,Target,google
Large,2026-05-24,16:36:00,No,Walmart,email
Large,2026-05-24,17:39:00,Yes,PetSmart,facebook
Large,2026-05-24,18:42:00,No,Chewy,instagram
Large,2026-05-24,19:45:00,Yes,Amazon,google
Large,2026-05-24,08:48:00,No,Target,email
Large,2026-05-24,09:51:00,Yes,Walmart,facebook
Large,2026-05-24,10:54:00,No,PetSmart,instagram
Large,2026-05-24,11:57:00,Yes,Chewy,google
Large,2026-05-24,12:00:00,No,Amazon,email
Large,2026-05-24,13:03:00,Yes,Target,facebook
Large,2026-05-24,14:06:00,No,Walmart,instagram
Large,2026-05-24,15:09:00,Yes,PetSmart,google
Large,2026-05-24,16:12:00,No,Chewy,email
Large,2026-05-24,17:15:00,Yes,Amazon,facebook
Large,2026-05-24,18:18:00,No,Target,instagram
Large,2026-05-24,19:21:00,Yes,Walmart,google
Large,2026-05-24,08:24:00,No,PetSmart,email
Large,2026-05-24,09:27:00,Yes,Chewy,facebook
Large,2026-05-24,10:30:00,No,Amazon,instagram
Large,2026-05-24,11:33:00,Yes,Target,google
Large,2026-05-24,12:36:00,No,Walmart,email
Large,2026-05-24,13:39:00,Yes,PetSmart,facebook
Large,2026-05-24,14:42:00,No,Chewy,instagram
Large,2026-05-24,15:45:00,Yes,Amazon,google
Large,2026-05-24,16:48:00,No,Target,email
Large,2026-05-24,17:51:00,Yes,Walmart,facebook
Large,2026-05-24,18:54:00,No,PetSmart,instagram
Large,2026-05-24,19:57:00,Yes,Chewy,google
Large,2026-05-24,08:00:00,No,Amazon,email
Large,2026-05-24,09:03:00,Yes,Target,facebook
Large,2026-05-24,10:06:00,No,Walmart,instagram
Large,2026-05-24,11:09:00,Yes,PetSmart,google
Large,2026-05-24,12:12:00,No,Chewy,email
Large,2026-05-24,13:15:00,Yes,Amazon,facebook
Large,2026-05-24,14:18:00,No,Target,instagram
Large,2026-05-24,15:21:00,Yes,Walmart,google
Large,2026-05-24,16:24:00,No,PetSmart,email
Large,2026-05-24,17:27:00,Yes,Chewy,facebook
Large,2026-05-24,18:30:00,No,Amazon,instagram
Large,2026-05-24,19:33:00,Yes,Target,google
Large,2026-05-24,08:36:00,No,Walmart,email
Large,2026-05-24,09:39:00,Yes,PetSmart,facebook
Large,2026-05-24,10:42:00,No,Chewy,instagram
Large,2026-05-24,11:45:00,Yes,Amazon,google
Large,2026-05-24,12:48:00,No,Target,email
Large,2026-05-24,13:51:00,Yes,Walmart,facebook
Large,2026-05-24,14:54:00,No,PetSmart,instagram
Large,2026-05-24,15:57:00,Yes,Chewy,google
Large,2026-05-24,16:00:00,No,Amazon,email
Large,2026-05-24,17:03:00,Yes,Target,facebook
Large,2026-05-24,18:06:00,No,Walmart,instagram
Large,2026-05-24,19:09:00,Yes,PetSmart,google
Large,2026-05-24,08:12:00,No,Chewy,email
Large,2026-05-24,09:15:00,Yes,Amazon,facebook
Large,2026-05-24,10:18:00,No,Target,instagram
Large,2026-05-24,11:21:00,Yes,Walmart,google
Large,2026-05-24,12:24:00,No,PetSmart,email
Large,2026-05-24,13:27:00,Yes,Chewy,facebook
Large,2026-05-24,14:30:00,No,Amazon,instagram
Large,2026-05-24,15:33:00,Yes,Target,google
Large,2026-05-24,16:36:00,No,Walmart,email
Large,2026-05-24,17:39:00,Yes,PetSmart,facebook
Large,2026-05-24,18:42:00,No,Chewy,instagram
Large,2026-05-24,19:45:00,Yes,Amazon,google
Large,2026-05-24,08:48:00,No,Target,email
Large,2026-05-24,09:51:00,Yes,Walmart,facebook
Large,2026-05-24,10:54:00,No,PetSmart,instagram
Large,2026-05-24,11:57:00,Yes,Chewy,google
Large,2026-05-24,12:00:00,No,Amazon,email
Large,2026-05-24,13:03:00,Yes,Target,facebook
Large,2026-05-24,14:06:00,No,Walmart,instagram
Large,2026-05-24,15:09:00,Yes,PetSmart,google
Large,2026-05-24,16:12:00,No,Chewy,email
Large,2026-05-24,17:15:00,Yes,Amazon,facebook
Large,2026-05-24,18:18:00,No,Target,instagram
Large,2026-05-24,19:21:00,Yes,Walmart,google
Large,2026-05-24,08:24:00,No,PetSmart,email
Large,2026-05-24,09:27:00,Yes,Chewy,facebook
Large,2026-05-24,10:30:00,No,Amazon,instagram
Large,2026-05-24,11:33:00,Yes,Target,google
Large,2026-05-24,12:36:00,No,Walmart,email
Large,2026-05-24,13:39:00,Yes,PetSmart,facebook
Large,2026-05-24,14:42:00,No,Chewy,instagram
Large,2026-05-24,15:45:00,Yes,Amazon,google
Large,2026-05-24,16:48:00,No,Target,email
Large,2026-05-24,17:51:00,Yes,Walmart,facebook
Large,2026-05-24,18:54:00,No,PetSmart,instagram
Large,2026-05-24,19:57:00,Yes,Chewy,google
Large,2026-05-24,08:00:00,No,Amazon,email
Large,2026-05-24,09:03:00,Yes,Target,facebook
Large,2026-05-24,10:06:00,No,Walmart,instagram
Large,2026-05-24,11:09:00,Yes,PetSmart,google
Large,2026-05-24,12:12:00,No,Chewy,email
Large,2026-05-24,13:15:00,Yes,Amazon,facebook
Large,2026-05-24,14:18:00,No,Target,instagram
Large,2026-05-24,15:21:00,Yes,Walmart,google
Large,2026-05-24,16:24:00,No,PetSmart,email
Large,2026-05-24,17:27:00,Yes,Chewy,facebook
Large,2026-05-24,18:30:00,No,Amazon,instagram
Large,2026-05-24,19:33:00,Yes,Target,google
Large,2026-05-24,08:36:00,No,Walmart,email
Large,2026-05-24,09:39:00,Yes,PetSmart,facebook
Large,2026-05-24,10:42:00,No,Chewy,instagram
Large,2026-05-24,11:45:00,Yes,Amazon,google
Large,2026-05-24,12:48:00,No,Target,email
Large,2026-05-24,13:51:00,Yes,Walmart,facebook
Large,2026-05-24,14:54:00,No,PetSmart,instagram
Large,2026-05-24,15:57:00,Yes,Chewy,google
Large,2026-05-24,16:00:00,No,Amazon,email
Large,2026-05-24,17:03:00,Yes,Target,facebook
Large,2026-05-24,18:06:00,No,Walmart,instagram
Large,2026-05-24,19:09:00,Yes,PetSmart,google
Large,2026-05-24,08:12:00,No,Chewy,email
Large,2026-05-24,09:15:00,Yes,Amazon,facebook
Large,2026-05-24,10:18:00,No,Target,instagram
Large,2026-05-24,11:21:00,Yes,Walmart,google
Large,2026-05-24,12:24:00,No,PetSmart,email
Large,2026-05-24,13:27:00,Yes,Chewy,facebook
Large,2026-05-24,14:30:00,No,Amazon,instagram
Large,2026-05-24,15:33:00,Yes,Target,google
Large,2026-05-24,16:36:00,No,Walmart,email
Large,2026-05-24,17:39:00,Yes,PetSmart,facebook
Large,2026-05-24,18:42:00,No,Chewy,instagram
Large,2026-05-24,19:45:00,Yes,Amazon,google
Large,2026-05-24,08:48:00,No,Target,email
Large,2026-05-24,09:51:00,Yes,Walmart,facebook
Large,2026-05-24,10:54:00,No,PetSmart,instagram
Large,2026-05-24,11:57:00,Yes,Chewy,google
Large,2026-05-24,12:00:00,No,Amazon,email
Large,2026-05-24,13:03:00,Yes,Target,facebook
Large,2026-05-24,14:06:00,No,Walmart,instagram
Large,2026-05-24,15:09:00,Yes,PetSmart,google
Large,2026-05-24,16:12:00,No,Chewy,email
Large,2026-05-24,17:15:00,Yes,Amazon,facebook
Large,2026-05-24,18:18:00,No,Target,instagram
Large,2026-05-24,19:21:00,Yes,Walmart,google
Large,2026-05-24,08:24:00,No,PetSmart,email
Large,2026-05-24,09:27:00,Yes,Chewy,facebook
Large,2026-05-24,10:30:00,No,Amazon,instagram
Large,2026-05-24,11:33:00,Yes,Target,google
Large,2026-05-24,12:36:00,No,Walmart,email
Large,2026-05-24,13:39:00,Yes,PetSmart,facebook
Large,2026-05-24,14:42:00,No,Chewy,instagram
Large,2026-05-24,15:45:00,Yes,Amazon,google
Large,2026-05-24,16:48:00,No,Target,email
Large,2026-05-24,17:51:00,Yes,Walmart,facebook
Large,2026-05-24,18:54:00,No,PetSmart,instagram
TEENIE,2026-05-25,08:00:00,Yes,Target,facebook
TEENIE,2026-05-25,09:03:00,No,Walmart,instagram
TEENIE,2026-05-25,10:06:00,Yes,PetSmart,google
TEENIE,2026-05-25,11:09:00,No,Chewy,email
TEENIE,2026-05-25,12:12:00,Yes,Amazon,facebook
TEENIE,2026-05-25,13:15:00,No,Target,instagram
TEENIE,2026-05-25,14:18:00,Yes,Walmart,google
TEENIE,2026-05-25,15:21:00,No,PetSmart,email
TEENIE,2026-05-25,16:24:00,Yes,Chewy,facebook
TEENIE,2026-05-25,17:27:00,No,Amazon,instagram
TEENIE,2026-05-25,18:30:00,Yes,Target,google
TEENIE,2026-05-25,19:33:00,No,Walmart,email
TEENIE,2026-05-25,08:36:00,Yes,PetSmart,facebook
TEENIE,2026-05-25,09:39:00,No,Chewy,instagram
TEENIE,2026-05-25,10:42:00,Yes,Amazon,google
TEENIE,2026-05-25,11:45:00,No,Target,email
TEENIE,2026-05-25,12:48:00,Yes,Walmart,facebook
TEENIE,2026-05-25,13:51:00,No,PetSmart,instagram
TEENIE,2026-05-25,14:54:00,Yes,Chewy,google
TEENIE,2026-05-25,15:57:00,No,Amazon,email
TEENIE,2026-05-25,16:00:00,Yes,Target,facebook
TEENIE,2026-05-25,17:03:00,No,Walmart,instagram
TEENIE,2026-05-25,18:06:00,Yes,PetSmart,google
TEENIE,2026-05-25,19:09:00,No,Chewy,email
TEENIE,2026-05-25,08:12:00,Yes,Amazon,facebook
TEENIE,2026-05-25,09:15:00,No,Target,instagram
TEENIE,2026-05-25,10:18:00,Yes,Walmart,google
TEENIE,2026-05-25,11:21:00,No,PetSmart,email
TEENIE,2026-05-25,12:24:00,Yes,Chewy,facebook
TEENIE,2026-05-25,13:27:00,No,Amazon,instagram
TEENIE,2026-05-25,14:30:00,Yes,Target,google
TEENIE,2026-05-25,15:33:00,No,Walmart,email
TEENIE,2026-05-25,16:36:00,Yes,PetSmart,facebook
TEENIE,2026-05-25,17:39:00,No,Chewy,instagram
TEENIE,2026-05-25,18:42:00,Yes,Amazon,google
TEENIE,2026-05-25,19:45:00,No,Target,email
TEENIE,2026-05-25,08:48:00,Yes,Walmart,facebook
TEENIE,2026-05-25,09:51:00,No,PetSmart,instagram
TEENIE,2026-05-25,10:54:00,Yes,Chewy,google
TEENIE,2026-05-25,11:57:00,No,Amazon,email
TEENIE,2026-05-25,12:00:00,Yes,Target,facebook
TEENIE,2026-05-25,13:03:00,No,Walmart,instagram
TEENIE,2026-05-25,14:06:00,Yes,PetSmart,google
TEENIE,2026-05-25,15:09:00,No,Chewy,email
TEENIE,2026-05-25,16:12:00,Yes,Amazon,facebook
TEENIE,2026-05-25,17:15:00,No,Target,instagram
TEENIE,2026-05-25,18:18:00,Yes,Walmart,google
TEENIE,2026-05-25,19:21:00,No,PetSmart,email
TEENIE,2026-05-25,08:24:00,Yes,Chewy,facebook
TEENIE,2026-05-25,09:27:00,No,Amazon,instagram
TEENIE,2026-05-25,10:30:00,Yes,Target,google
TEENIE,2026-05-25,11:33:00,No,Walmart,email
TEENIE,2026-05-25,12:36:00,Yes,PetSmart,facebook
TEENIE,2026-05-25,13:39:00,No,Chewy,instagram
TEENIE,2026-05-25,14:42:00,Yes,Amazon,google
TEENIE,2026-05-25,15:45:00,No,Target,email
TEENIE,2026-05-25,16:48:00,Yes,Walmart,facebook
TEENIE,2026-05-25,17:51:00,No,PetSmart,instagram
TEENIE,2026-05-25,18:54:00,Yes,Chewy,google
TEENIE,2026-05-25,19:57:00,No,Amazon,email
TEENIE,2026-05-25,08:00:00,Yes,Target,facebook
TEENIE,2026-05-25,09:03:00,No,Walmart,instagram
TEENIE,2026-05-25,10:06:00,Yes,PetSmart,google
TEENIE,2026-05-25,11:09:00,No,Chewy,email
TEENIE,2026-05-25,12:12:00,Yes,Amazon,facebook
TEENIE,2026-05-25,13:15:00,No,Target,instagram
TEENIE,2026-05-25,14:18:00,Yes,Walmart,google
TEENIE,2026-05-25,15:21:00,No,PetSmart,email
TEENIE,2026-05-25,16:24:00,Yes,Chewy,facebook
TEENIE,2026-05-25,17:27:00,No,Amazon,instagram
TEENIE,2026-05-25,18:30:00,Yes,Target,google
TEENIE,2026-05-25,19:33:00,No,Walmart,email
TEENIE,2026-05-25,08:36:00,Yes,PetSmart,facebook
TEENIE,2026-05-25,09:39:00,No,Chewy,instagram
TEENIE,2026-05-25,10:42:00,Yes,Amazon,google
TEENIE,2026-05-25,11:45:00,No,Target,email
TEENIE,2026-05-25,12:48:00,Yes,Walmart,facebook
TEENIE,2026-05-25,13:51:00,No,PetSmart,instagram
TEENIE,2026-05-25,14:54:00,Yes,Chewy,google
TEENIE,2026-05-25,15:57:00,No,Amazon,email
TEENIE,2026-05-25,16:00:00,Yes,Target,facebook
TEENIE,2026-05-25,17:03:00,No,Walmart,instagram
TEENIE,2026-05-25,18:06:00,Yes,PetSmart,google
TEENIE,2026-05-25,19:09:00,No,Chewy,email
TEENIE,2026-05-25,08:12:00,Yes,Amazon,facebook
TEENIE,2026-05-25,09:15:00,No,Target,instagram
TEENIE,2026-05-25,10:18:00,Yes,Walmart,google
TEENIE,2026-05-25,11:21:00,No,PetSmart,email
TEENIE,2026-05-25,12:24:00,Yes,Chewy,facebook
TEENIE,2026-05-25,13:27:00,No,Amazon,instagram
TEENIE,2026-05-25,14:30:00,Yes,Target,google
TEENIE,2026-05-25,15:33:00,No,Walmart,email
TEENIE,2026-05-25,16:36:00,Yes,PetSmart,facebook
TEENIE,2026-05-25,17:39:00,No,Chewy,instagram
TEENIE,2026-05-25,18:42:00,Yes,Amazon,google
TEENIE,2026-05-25,19:45:00,No,Target,email
TEENIE,2026-05-25,08:48:00,Yes,Walmart,facebook
TEENIE,2026-05-25,09:51:00,No,PetSmart,instagram
TEENIE,2026-05-25,10:54:00,Yes,Chewy,google
TEENIE,2026-05-25,11:57:00,No,Amazon,email
TEENIE,2026-05-25,12:00:00,Yes,Target,facebook
TEENIE,2026-05-25,13:03:00,No,Walmart,instagram
TEENIE,2026-05-25,14:06:00,Yes,PetSmart,google
TEENIE,2026-05-25,15:09:00,No,Chewy,email
TEENIE,2026-05-25,16:12:00,Yes,Amazon,facebook
TEENIE,2026-05-25,17:15:00,No,Target,instagram
TEENIE,2026-05-25,18:18:00,Yes,Walmart,google
TEENIE,2026-05-25,19:21:00,No,PetSmart,email
TEENIE,2026-05-25,08:24:00,Yes,Chewy,facebook
TEENIE,2026-05-25,09:27:00,No,Amazon,instagram
TEENIE,2026-05-25,10:30:00,Yes,Target,google
TEENIE,2026-05-25,11:33:00,No,Walmart,email
TEENIE,2026-05-25,12:36:00,Yes,PetSmart,facebook
TEENIE,2026-05-25,13:39:00,No,Chewy,instagram
TEENIE,2026-05-25,14:42:00,Yes,Amazon,google
TEENIE,2026-05-25,15:45:00,No,Target,email
TEENIE,2026-05-25,16:48:00,Yes,Walmart,facebook
TEENIE,2026-05-25,17:51:00,No,PetSmart,instagram
TEENIE,2026-05-25,18:54:00,Yes,Chewy,google
TEENIE,2026-05-25,19:57:00,No,Amazon,email
TEENIE,2026-05-25,08:00:00,Yes,Target,facebook
TEENIE,2026-05-25,09:03:00,No,Walmart,instagram
TEENIE,2026-05-25,10:06:00,Yes,PetSmart,google
TEENIE,2026-05-25,11:09:00,No,Chewy,email
TEENIE,2026-05-25,12:12:00,Yes,Amazon,facebook
TEENIE,2026-05-25,13:15:00,No,Target,instagram
Petite,2026-05-25,08:00:00,Yes,Target,facebook
Petite,2026-05-25,09:03:00,No,Walmart,instagram
Petite,2026-05-25,10:06:00,Yes,PetSmart,google
Petite,2026-05-25,11:09:00,No,Chewy,email
Petite,2026-05-25,12:12:00,Yes,Amazon,facebook
Petite,2026-05-25,13:15:00,No,Target,instagram
Petite,2026-05-25,14:18:00,Yes,Walmart,google
Petite,2026-05-25,15:21:00,No,PetSmart,email
Petite,2026-05-25,16:24:00,Yes,Chewy,facebook
Petite,2026-05-25,17:27:00,No,Amazon,instagram
Petite,2026-05-25,18:30:00,Yes,Target,google
Petite,2026-05-25,19:33:00,No,Walmart,email
Petite,2026-05-25,08:36:00,Yes,PetSmart,facebook
Petite,2026-05-25,09:39:00,No,Chewy,instagram
Petite,2026-05-25,10:42:00,Yes,Amazon,google
Petite,2026-05-25,11:45:00,No,Target,email
Petite,2026-05-25,12:48:00,Yes,Walmart,facebook
Petite,2026-05-25,13:51:00,No,PetSmart,instagram
Petite,2026-05-25,14:54:00,Yes,Chewy,google
Petite,2026-05-25,15:57:00,No,Amazon,email
Petite,2026-05-25,16:00:00,Yes,Target,facebook
Petite,2026-05-25,17:03:00,No,Walmart,instagram
Petite,2026-05-25,18:06:00,Yes,PetSmart,google
Petite,2026-05-25,19:09:00,No,Chewy,email
Petite,2026-05-25,08:12:00,Yes,Amazon,facebook
Petite,2026-05-25,09:15:00,No,Target,instagram
Petite,2026-05-25,10:18:00,Yes,Walmart,google
Petite,2026-05-25,11:21:00,No,PetSmart,email
Petite,2026-05-25,12:24:00,Yes,Chewy,facebook
Petite,2026-05-25,13:27:00,No,Amazon,instagram
Petite,2026-05-25,14:30:00,Yes,Target,google
Petite,2026-05-25,15:33:00,No,Walmart,email
Petite,2026-05-25,16:36:00,Yes,PetSmart,facebook
Petite,2026-05-25,17:39:00,No,Chewy,instagram
Petite,2026-05-25,18:42:00,Yes,Amazon,google
Petite,2026-05-25,19:45:00,No,Target,email
Petite,2026-05-25,08:48:00,Yes,Walmart,facebook
Petite,2026-05-25,09:51:00,No,PetSmart,instagram
Petite,2026-05-25,10:54:00,Yes,Chewy,google
Petite,2026-05-25,11:57:00,No,Amazon,email
Petite,2026-05-25,12:00:00,Yes,Target,facebook
Petite,2026-05-25,13:03:00,No,Walmart,instagram
Petite,2026-05-25,14:06:00,Yes,PetSmart,google
Petite,2026-05-25,15:09:00,No,Chewy,email
Petite,2026-05-25,16:12:00,Yes,Amazon,facebook
Petite,2026-05-25,17:15:00,No,Target,instagram
Petite,2026-05-25,18:18:00,Yes,Walmart,google
Petite,2026-05-25,19:21:00,No,PetSmart,email
Petite,2026-05-25,08:24:00,Yes,Chewy,facebook
Petite,2026-05-25,09:27:00,No,Amazon,instagram
Petite,2026-05-25,10:30:00,Yes,Target,google
Petite,2026-05-25,11:33:00,No,Walmart,email
Petite,2026-05-25,12:36:00,Yes,PetSmart,facebook
Petite,2026-05-25,13:39:00,No,Chewy,instagram
Petite,2026-05-25,14:42:00,Yes,Amazon,google
Petite,2026-05-25,15:45:00,No,Target,email
Petite,2026-05-25,16:48:00,Yes,Walmart,facebook
Petite,2026-05-25,17:51:00,No,PetSmart,instagram
Petite,2026-05-25,18:54:00,Yes,Chewy,google
Petite,2026-05-25,19:57:00,No,Amazon,email
Petite,2026-05-25,08:00:00,Yes,Target,facebook
Petite,2026-05-25,09:03:00,No,Walmart,instagram
Petite,2026-05-25,10:06:00,Yes,PetSmart,google
Petite,2026-05-25,11:09:00,No,Chewy,email
Petite,2026-05-25,12:12:00,Yes,Amazon,facebook
Petite,2026-05-25,13:15:00,No,Target,instagram
Petite,2026-05-25,14:18:00,Yes,Walmart,google
Petite,2026-05-25,15:21:00,No,PetSmart,email
Petite,2026-05-25,16:24:00,Yes,Chewy,facebook
Petite,2026-05-25,17:27:00,No,Amazon,instagram
Petite,2026-05-25,18:30:00,Yes,Target,google
Petite,2026-05-25,19:33:00,No,Walmart,email
Petite,2026-05-25,08:36:00,Yes,PetSmart,facebook
Petite,2026-05-25,09:39:00,No,Chewy,instagram
Petite,2026-05-25,10:42:00,Yes,Amazon,google
Petite,2026-05-25,11:45:00,No,Target,email
Petite,2026-05-25,12:48:00,Yes,Walmart,facebook
Petite,2026-05-25,13:51:00,No,PetSmart,instagram
Petite,2026-05-25,14:54:00,Yes,Chewy,google
Petite,2026-05-25,15:57:00,No,Amazon,email
Petite,2026-05-25,16:00:00,Yes,Target,facebook
Petite,2026-05-25,17:03:00,No,Walmart,instagram
Petite,2026-05-25,18:06:00,Yes,PetSmart,google
Petite,2026-05-25,19:09:00,No,Chewy,email
Petite,2026-05-25,08:12:00,Yes,Amazon,facebook
Petite,2026-05-25,09:15:00,No,Target,instagram
Petite,2026-05-25,10:18:00,Yes,Walmart,google
Petite,2026-05-25,11:21:00,No,PetSmart,email
Petite,2026-05-25,12:24:00,Yes,Chewy,facebook
Petite,2026-05-25,13:27:00,No,Amazon,instagram
Petite,2026-05-25,14:30:00,Yes,Target,google
Petite,2026-05-25,15:33:00,No,Walmart,email
Petite,2026-05-25,16:36:00,Yes,PetSmart,facebook
Petite,2026-05-25,17:39:00,No,Chewy,instagram
Petite,2026-05-25,18:42:00,Yes,Amazon,google
Petite,2026-05-25,19:45:00,No,Target,email
Regular,2026-05-25,08:00:00,Yes,Target,facebook
Regular,2026-05-25,09:03:00,No,Walmart,instagram
Regular,2026-05-25,10:06:00,Yes,PetSmart,google
Regular,2026-05-25,11:09:00,No,Chewy,email
Regular,2026-05-25,12:12:00,Yes,Amazon,facebook
Regular,2026-05-25,13:15:00,No,Target,instagram
Regular,2026-05-25,14:18:00,Yes,Walmart,google
Regular,2026-05-25,15:21:00,No,PetSmart,email
Regular,2026-05-25,16:24:00,Yes,Chewy,facebook
Regular,2026-05-25,17:27:00,No,Amazon,instagram
Regular,2026-05-25,18:30:00,Yes,Target,google
Regular,2026-05-25,19:33:00,No,Walmart,email
Regular,2026-05-25,08:36:00,Yes,PetSmart,facebook
Regular,2026-05-25,09:39:00,No,Chewy,instagram
Regular,2026-05-25,10:42:00,Yes,Amazon,google
Regular,2026-05-25,11:45:00,No,Target,email
Regular,2026-05-25,12:48:00,Yes,Walmart,facebook
Regular,2026-05-25,13:51:00,No,PetSmart,instagram
Regular,2026-05-25,14:54:00,Yes,Chewy,google
Regular,2026-05-25,15:57:00,No,Amazon,email
Regular,2026-05-25,16:00:00,Yes,Target,facebook
Regular,2026-05-25,17:03:00,No,Walmart,instagram
Regular,2026-05-25,18:06:00,Yes,PetSmart,google
Regular,2026-05-25,19:09:00,No,Chewy,email
Regular,2026-05-25,08:12:00,Yes,Amazon,facebook
Regular,2026-05-25,09:15:00,No,Target,instagram
Regular,2026-05-25,10:18:00,Yes,Walmart,google
Regular,2026-05-25,11:21:00,No,PetSmart,email
Regular,2026-05-25,12:24:00,Yes,Chewy,facebook
Regular,2026-05-25,13:27:00,No,Amazon,instagram
Regular,2026-05-25,14:30:00,Yes,Target,google
Regular,2026-05-25,15:33:00,No,Walmart,email
Regular,2026-05-25,16:36:00,Yes,PetSmart,facebook
Regular,2026-05-25,17:39:00,No,Chewy,instagram
Regular,2026-05-25,18:42:00,Yes,Amazon,google
Regular,2026-05-25,19:45:00,No,Target,email
Regular,2026-05-25,08:48:00,Yes,Walmart,facebook
Regular,2026-05-25,09:51:00,No,PetSmart,instagram
Regular,2026-05-25,10:54:00,Yes,Chewy,google
Regular,2026-05-25,11:57:00,No,Amazon,email
Regular,2026-05-25,12:00:00,Yes,Target,facebook
Regular,2026-05-25,13:03:00,No,Walmart,instagram
Regular,2026-05-25,14:06:00,Yes,PetSmart,google
Regular,2026-05-25,15:09:00,No,Chewy,email
Regular,2026-05-25,16:12:00,Yes,Amazon,facebook
Regular,2026-05-25,17:15:00,No,Target,instagram
Regular,2026-05-25,18:18:00,Yes,Walmart,google
Regular,2026-05-25,19:21:00,No,PetSmart,email
Regular,2026-05-25,08:24:00,Yes,Chewy,facebook
Regular,2026-05-25,09:27:00,No,Amazon,instagram
Regular,2026-05-25,10:30:00,Yes,Target,google
Regular,2026-05-25,11:33:00,No,Walmart,email
Regular,2026-05-25,12:36:00,Yes,PetSmart,facebook
Regular,2026-05-25,13:39:00,No,Chewy,instagram
Regular,2026-05-25,14:42:00,Yes,Amazon,google
Regular,2026-05-25,15:45:00,No,Target,email
Regular,2026-05-25,16:48:00,Yes,Walmart,facebook
Regular,2026-05-25,17:51:00,No,PetSmart,instagram
Regular,2026-05-25,18:54:00,Yes,Chewy,google
Regular,2026-05-25,19:57:00,No,Amazon,email
Regular,2026-05-25,08:00:00,Yes,Target,facebook
Regular,2026-05-25,09:03:00,No,Walmart,instagram
Regular,2026-05-25,10:06:00,Yes,PetSmart,google
Regular,2026-05-25,11:09:00,No,Chewy,email
Regular,2026-05-25,12:12:00,Yes,Amazon,facebook
Regular,2026-05-25,13:15:00,No,Target,instagram
Regular,2026-05-25,14:18:00,Yes,Walmart,google
Regular,2026-05-25,15:21:00,No,PetSmart,email
Regular,2026-05-25,16:24:00,Yes,Chewy,facebook
Regular,2026-05-25,17:27:00,No,Amazon,instagram
Regular,2026-05-25,18:30:00,Yes,Target,google
Regular,2026-05-25,19:33:00,No,Walmart,email
Regular,2026-05-25,08:36:00,Yes,PetSmart,facebook
Regular,2026-05-25,09:39:00,No,Chewy,instagram
Regular,2026-05-25,10:42:00,Yes,Amazon,google
Regular,2026-05-25,11:45:00,No,Target,email
Regular,2026-05-25,12:48:00,Yes,Walmart,facebook
Regular,2026-05-25,13:51:00,No,PetSmart,instagram
Regular,2026-05-25,14:54:00,Yes,Chewy,google
Regular,2026-05-25,15:57:00,No,Amazon,email
Regular,2026-05-25,16:00:00,Yes,Target,facebook
Regular,2026-05-25,17:03:00,No,Walmart,instagram
Regular,2026-05-25,18:06:00,Yes,PetSmart,google
Regular,2026-05-25,19:09:00,No,Chewy,email
Regular,2026-05-25,08:12:00,Yes,Amazon,facebook
Regular,2026-05-25,09:15:00,No,Target,instagram
Regular,2026-05-25,10:18:00,Yes,Walmart,google
Regular,2026-05-25,11:21:00,No,PetSmart,email
Regular,2026-05-25,12:24:00,Yes,Chewy,facebook
Regular,2026-05-25,13:27:00,No,Amazon,instagram
Regular,2026-05-25,14:30:00,Yes,Target,google
Regular,2026-05-25,15:33:00,No,Walmart,email
Regular,2026-05-25,16:36:00,Yes,PetSmart,facebook
Regular,2026-05-25,17:39:00,No,Chewy,instagram
Regular,2026-05-25,18:42:00,Yes,Amazon,google
Regular,2026-05-25,19:45:00,No,Target,email
Regular,2026-05-25,08:48:00,Yes,Walmart,facebook
Regular,2026-05-25,09:51:00,No,PetSmart,instagram
Regular,2026-05-25,10:54:00,Yes,Chewy,google
Regular,2026-05-25,11:57:00,No,Amazon,email
Regular,2026-05-25,12:00:00,Yes,Target,facebook
Regular,2026-05-25,13:03:00,No,Walmart,instagram
Regular,2026-05-25,14:06:00,Yes,PetSmart,google
Regular,2026-05-25,15:09:00,No,Chewy,email
Regular,2026-05-25,16:12:00,Yes,Amazon,facebook
Regular,2026-05-25,17:15:00,No,Target,instagram
Regular,2026-05-25,18:18:00,Yes,Walmart,google
Regular,2026-05-25,19:21:00,No,PetSmart,email
Regular,2026-05-25,08:24:00,Yes,Chewy,facebook
Regular,2026-05-25,09:27:00,No,Amazon,instagram
Regular,2026-05-25,10:30:00,Yes,Target,google
Regular,2026-05-25,11:33:00,No,Walmart,email
Regular,2026-05-25,12:36:00,Yes,PetSmart,facebook
Regular,2026-05-25,13:39:00,No,Chewy,instagram
Regular,2026-05-25,14:42:00,Yes,Amazon,google
Regular,2026-05-25,15:45:00,No,Target,email
Regular,2026-05-25,16:48:00,Yes,Walmart,facebook
Regular,2026-05-25,17:51:00,No,PetSmart,instagram
Regular,2026-05-25,18:54:00,Yes,Chewy,google
Regular,2026-05-25,19:57:00,No,Amazon,email
Regular,2026-05-25,08:00:00,Yes,Target,facebook
Regular,2026-05-25,09:03:00,No,Walmart,instagram
Regular,2026-05-25,10:06:00,Yes,PetSmart,google
Regular,2026-05-25,11:09:00,No,Chewy,email
Regular,2026-05-25,12:12:00,Yes,Amazon,facebook
Regular,2026-05-25,13:15:00,No,Target,instagram
Regular,2026-05-25,14:18:00,Yes,Walmart,google
Regular,2026-05-25,15:21:00,No,PetSmart,email
Regular,2026-05-25,16:24:00,Yes,Chewy,facebook
Regular,2026-05-25,17:27:00,No,Amazon,instagram
Regular,2026-05-25,18:30:00,Yes,Target,google
Regular,2026-05-25,19:33:00,No,Walmart,email
Regular,2026-05-25,08:36:00,Yes,PetSmart,facebook
Regular,2026-05-25,09:39:00,No,Chewy,instagram
Regular,2026-05-25,10:42:00,Yes,Amazon,google
Regular,2026-05-25,11:45:00,No,Target,email
Regular,2026-05-25,12:48:00,Yes,Walmart,facebook
Regular,2026-05-25,13:51:00,No,PetSmart,instagram
Regular,2026-05-25,14:54:00,Yes,Chewy,google
Regular,2026-05-25,15:57:00,No,Amazon,email
Regular,2026-05-25,16:00:00,Yes,Target,facebook
Regular,2026-05-25,17:03:00,No,Walmart,instagram
Regular,2026-05-25,18:06:00,Yes,PetSmart,google
Regular,2026-05-25,19:09:00,No,Chewy,email
Regular,2026-05-25,08:12:00,Yes,Amazon,facebook
Regular,2026-05-25,09:15:00,No,Target,instagram
Large,2026-05-25,08:00:00,Yes,Target,facebook
Large,2026-05-25,09:03:00,No,Walmart,instagram
Large,2026-05-25,10:06:00,Yes,PetSmart,google
Large,2026-05-25,11:09:00,No,Chewy,email
Large,2026-05-25,12:12:00,Yes,Amazon,facebook
Large,2026-05-25,13:15:00,No,Target,instagram
Large,2026-05-25,14:18:00,Yes,Walmart,google
Large,2026-05-25,15:21:00,No,PetSmart,email
Large,2026-05-25,16:24:00,Yes,Chewy,facebook
Large,2026-05-25,17:27:00,No,Amazon,instagram
Large,2026-05-25,18:30:00,Yes,Target,google
Large,2026-05-25,19:33:00,No,Walmart,email
Large,2026-05-25,08:36:00,Yes,PetSmart,facebook
Large,2026-05-25,09:39:00,No,Chewy,instagram
Large,2026-05-25,10:42:00,Yes,Amazon,google
Large,2026-05-25,11:45:00,No,Target,email
Large,2026-05-25,12:48:00,Yes,Walmart,facebook
Large,2026-05-25,13:51:00,No,PetSmart,instagram
Large,2026-05-25,14:54:00,Yes,Chewy,google
Large,2026-05-25,15:57:00,No,Amazon,email
Large,2026-05-25,16:00:00,Yes,Target,facebook
Large,2026-05-25,17:03:00,No,Walmart,instagram
Large,2026-05-25,18:06:00,Yes,PetSmart,google
Large,2026-05-25,19:09:00,No,Chewy,email
Large,2026-05-25,08:12:00,Yes,Amazon,facebook
Large,2026-05-25,09:15:00,No,Target,instagram
Large,2026-05-25,10:18:00,Yes,Walmart,google
Large,2026-05-25,11:21:00,No,PetSmart,email
Large,2026-05-25,12:24:00,Yes,Chewy,facebook
Large,2026-05-25,13:27:00,No,Amazon,instagram
Large,2026-05-25,14:30:00,Yes,Target,google
Large,2026-05-25,15:33:00,No,Walmart,email
Large,2026-05-25,16:36:00,Yes,PetSmart,facebook
Large,2026-05-25,17:39:00,No,Chewy,instagram
Large,2026-05-25,18:42:00,Yes,Amazon,google
Large,2026-05-25,19:45:00,No,Target,email
Large,2026-05-25,08:48:00,Yes,Walmart,facebook
Large,2026-05-25,09:51:00,No,PetSmart,instagram
Large,2026-05-25,10:54:00,Yes,Chewy,google
Large,2026-05-25,11:57:00,No,Amazon,email
Large,2026-05-25,12:00:00,Yes,Target,facebook
Large,2026-05-25,13:03:00,No,Walmart,instagram
Large,2026-05-25,14:06:00,Yes,PetSmart,google
Large,2026-05-25,15:09:00,No,Chewy,email
Large,2026-05-25,16:12:00,Yes,Amazon,facebook
Large,2026-05-25,17:15:00,No,Target,instagram
Large,2026-05-25,18:18:00,Yes,Walmart,google
Large,2026-05-25,19:21:00,No,PetSmart,email
Large,2026-05-25,08:24:00,Yes,Chewy,facebook
Large,2026-05-25,09:27:00,No,Amazon,instagram
Large,2026-05-25,10:30:00,Yes,Target,google
Large,2026-05-25,11:33:00,No,Walmart,email
Large,2026-05-25,12:36:00,Yes,PetSmart,facebook
Large,2026-05-25,13:39:00,No,Chewy,instagram
Large,2026-05-25,14:42:00,Yes,Amazon,google
Large,2026-05-25,15:45:00,No,Target,email
Large,2026-05-25,16:48:00,Yes,Walmart,facebook
Large,2026-05-25,17:51:00,No,PetSmart,instagram
Large,2026-05-25,18:54:00,Yes,Chewy,google
Large,2026-05-25,19:57:00,No,Amazon,email
Large,2026-05-25,08:00:00,Yes,Target,facebook
Large,2026-05-25,09:03:00,No,Walmart,instagram
Large,2026-05-25,10:06:00,Yes,PetSmart,google
Large,2026-05-25,11:09:00,No,Chewy,email
Large,2026-05-25,12:12:00,Yes,Amazon,facebook
Large,2026-05-25,13:15:00,No,Target,instagram
Large,2026-05-25,14:18:00,Yes,Walmart,google
Large,2026-05-25,15:21:00,No,PetSmart,email
Large,2026-05-25,16:24:00,Yes,Chewy,facebook
Large,2026-05-25,17:27:00,No,Amazon,instagram
Large,2026-05-25,18:30:00,Yes,Target,google
Large,2026-05-25,19:33:00,No,Walmart,email
Large,2026-05-25,08:36:00,Yes,PetSmart,facebook
Large,2026-05-25,09:39:00,No,Chewy,instagram
Large,2026-05-25,10:42:00,Yes,Amazon,google
Large,2026-05-25,11:45:00,No,Target,email
Large,2026-05-25,12:48:00,Yes,Walmart,facebook
Large,2026-05-25,13:51:00,No,PetSmart,instagram
Large,2026-05-25,14:54:00,Yes,Chewy,google
Large,2026-05-25,15:57:00,No,Amazon,email
Large,2026-05-25,16:00:00,Yes,Target,facebook
Large,2026-05-25,17:03:00,No,Walmart,instagram
Large,2026-05-25,18:06:00,Yes,PetSmart,google
Large,2026-05-25,19:09:00,No,Chewy,email
Large,2026-05-25,08:12:00,Yes,Amazon,facebook
Large,2026-05-25,09:15:00,No,Target,instagram
Large,2026-05-25,10:18:00,Yes,Walmart,google
Large,2026-05-25,11:21:00,No,PetSmart,email
Large,2026-05-25,12:24:00,Yes,Chewy,facebook
Large,2026-05-25,13:27:00,No,Amazon,instagram
Large,2026-05-25,14:30:00,Yes,Target,google
Large,2026-05-25,15:33:00,No,Walmart,email
Large,2026-05-25,16:36:00,Yes,PetSmart,facebook
Large,2026-05-25,17:39:00,No,Chewy,instagram
Large,2026-05-25,18:42:00,Yes,Amazon,google
Large,2026-05-25,19:45:00,No,Target,email
Large,2026-05-25,08:48:00,Yes,Walmart,facebook
Large,2026-05-25,09:51:00,No,PetSmart,instagram
Large,2026-05-25,10:54:00,Yes,Chewy,google
Large,2026-05-25,11:57:00,No,Amazon,email
Large,2026-05-25,12:00:00,Yes,Target,facebook
Large,2026-05-25,13:03:00,No,Walmart,instagram
Large,2026-05-25,14:06:00,Yes,PetSmart,google
Large,2026-05-25,15:09:00,No,Chewy,email
Large,2026-05-25,16:12:00,Yes,Amazon,facebook
Large,2026-05-25,17:15:00,No,Target,instagram
Large,2026-05-25,18:18:00,Yes,Walmart,google
Large,2026-05-25,19:21:00,No,PetSmart,email
Large,2026-05-25,08:24:00,Yes,Chewy,facebook
Large,2026-05-25,09:27:00,No,Amazon,instagram
Large,2026-05-25,10:30:00,Yes,Target,google
Large,2026-05-25,11:33:00,No,Walmart,email
Large,2026-05-25,12:36:00,Yes,PetSmart,facebook
Large,2026-05-25,13:39:00,No,Chewy,instagram
Large,2026-05-25,14:42:00,Yes,Amazon,google
Large,2026-05-25,15:45:00,No,Target,email
Large,2026-05-25,16:48:00,Yes,Walmart,facebook
Large,2026-05-25,17:51:00,No,PetSmart,instagram
Large,2026-05-25,18:54:00,Yes,Chewy,google
Large,2026-05-25,19:57:00,No,Amazon,email
Large,2026-05-25,08:00:00,Yes,Target,facebook
Large,2026-05-25,09:03:00,No,Walmart,instagram
Large,2026-05-25,10:06:00,Yes,PetSmart,google
Large,2026-05-25,11:09:00,No,Chewy,email
Large,2026-05-25,12:12:00,Yes,Amazon,facebook
Large,2026-05-25,13:15:00,No,Target,instagram
Large,2026-05-25,14:18:00,Yes,Walmart,google
Large,2026-05-25,15:21:00,No,PetSmart,email
Large,2026-05-25,16:24:00,Yes,Chewy,facebook
Large,2026-05-25,17:27:00,No,Amazon,instagram
Large,2026-05-25,18:30:00,Yes,Target,google
Large,2026-05-25,19:33:00,No,Walmart,email
Large,2026-05-25,08:36:00,Yes,PetSmart,facebook
Large,2026-05-25,09:39:00,No,Chewy,instagram
Large,2026-05-25,10:42:00,Yes,Amazon,google
Large,2026-05-25,11:45:00,No,Target,email
Large,2026-05-25,12:48:00,Yes,Walmart,facebook
Large,2026-05-25,13:51:00,No,PetSmart,instagram
Large,2026-05-25,14:54:00,Yes,Chewy,google
Large,2026-05-25,15:57:00,No,Amazon,email
Large,2026-05-25,16:00:00,Yes,Target,facebook
Large,2026-05-25,17:03:00,No,Walmart,instagram
Large,2026-05-25,18:06:00,Yes,PetSmart,google
Large,2026-05-25,19:09:00,No,Chewy,email
Large,2026-05-25,08:12:00,Yes,Amazon,facebook
Large,2026-05-25,09:15:00,No,Target,instagram
Large,2026-05-25,10:18:00,Yes,Walmart,google
Large,2026-05-25,11:21:00,No,PetSmart,email
Large,2026-05-25,12:24:00,Yes,Chewy,facebook
Large,2026-05-25,13:27:00,No,Amazon,instagram
Large,2026-05-25,14:30:00,Yes,Target,google
Large,2026-05-25,15:33:00,No,Walmart,email
Large,2026-05-25,16:36:00,Yes,PetSmart,facebook
Large,2026-05-25,17:39:00,No,Chewy,instagram
Large,2026-05-25,18:42:00,Yes,Amazon,google
Large,2026-05-25,19:45:00,No,Target,email
Large,2026-05-25,08:48:00,Yes,Walmart,facebook
Large,2026-05-25,09:51:00,No,PetSmart,instagram
Large,2026-05-25,10:54:00,Yes,Chewy,google
Large,2026-05-25,11:57:00,No,Amazon,email
Large,2026-05-25,12:00:00,Yes,Target,facebook
Large,2026-05-25,13:03:00,No,Walmart,instagram
Large,2026-05-25,14:06:00,Yes,PetSmart,google
Large,2026-05-25,15:09:00,No,Chewy,email
Large,2026-05-25,16:12:00,Yes,Amazon,facebook
Large,2026-05-25,17:15:00,No,Target,instagram
Large,2026-05-25,18:18:00,Yes,Walmart,google
Large,2026-05-25,19:21:00,No,PetSmart,email
Large,2026-05-25,08:24:00,Yes,Chewy,facebook
Large,2026-05-25,09:27:00,No,Amazon,instagram
Large,2026-05-25,10:30:00,Yes,Target,google
Large,2026-05-25,11:33:00,No,Walmart,email
Large,2026-05-25,12:36:00,Yes,PetSmart,facebook
Large,2026-05-25,13:39:00,No,Chewy,instagram
Large,2026-05-25,14:42:00,Yes,Amazon,google
Large,2026-05-25,15:45:00,No,Target,email
Large,2026-05-25,16:48:00,Yes,Walmart,facebook
Large,2026-05-25,17:51:00,No,PetSmart,instagram
Large,2026-05-25,18:54:00,Yes,Chewy,google
Large,2026-05-25,19:57:00,No,Amazon,email
Large,2026-05-25,08:00:00,Yes,Target,facebook
Large,2026-05-25,09:03:00,No,Walmart,instagram
Large,2026-05-25,10:06:00,Yes,PetSmart,google
Large,2026-05-25,11:09:00,No,Chewy,email
Large,2026-05-25,12:12:00,Yes,Amazon,facebook
Large,2026-05-25,13:15:00,No,Target,instagram
TEENIE,2026-05-26,08:00:00,No,Walmart,instagram
TEENIE,2026-05-26,09:03:00,Yes,PetSmart,google
TEENIE,2026-05-26,10:06:00,No,Chewy,email
TEENIE,2026-05-26,11:09:00,Yes,Amazon,facebook
TEENIE,2026-05-26,12:12:00,No,Target,instagram
TEENIE,2026-05-26,13:15:00,Yes,Walmart,google
TEENIE,2026-05-26,14:18:00,No,PetSmart,email
TEENIE,2026-05-26,15:21:00,Yes,Chewy,facebook
TEENIE,2026-05-26,16:24:00,No,Amazon,instagram
TEENIE,2026-05-26,17:27:00,Yes,Target,google
TEENIE,2026-05-26,18:30:00,No,Walmart,email
TEENIE,2026-05-26,19:33:00,Yes,PetSmart,facebook
TEENIE,2026-05-26,08:36:00,No,Chewy,instagram
TEENIE,2026-05-26,09:39:00,Yes,Amazon,google
TEENIE,2026-05-26,10:42:00,No,Target,email
TEENIE,2026-05-26,11:45:00,Yes,Walmart,facebook
TEENIE,2026-05-26,12:48:00,No,PetSmart,instagram
TEENIE,2026-05-26,13:51:00,Yes,Chewy,google
TEENIE,2026-05-26,14:54:00,No,Amazon,email
TEENIE,2026-05-26,15:57:00,Yes,Target,facebook
TEENIE,2026-05-26,16:00:00,No,Walmart,instagram
TEENIE,2026-05-26,17:03:00,Yes,PetSmart,google
TEENIE,2026-05-26,18:06:00,No,Chewy,email
TEENIE,2026-05-26,19:09:00,Yes,Amazon,facebook
TEENIE,2026-05-26,08:12:00,No,Target,instagram
TEENIE,2026-05-26,09:15:00,Yes,Walmart,google
TEENIE,2026-05-26,10:18:00,No,PetSmart,email
TEENIE,2026-05-26,11:21:00,Yes,Chewy,facebook
TEENIE,2026-05-26,12:24:00,No,Amazon,instagram
TEENIE,2026-05-26,13:27:00,Yes,Target,google
TEENIE,2026-05-26,14:30:00,No,Walmart,email
TEENIE,2026-05-26,15:33:00,Yes,PetSmart,facebook
TEENIE,2026-05-26,16:36:00,No,Chewy,instagram
TEENIE,2026-05-26,17:39:00,Yes,Amazon,google
TEENIE,2026-05-26,18:42:00,No,Target,email
TEENIE,2026-05-26,19:45:00,Yes,Walmart,facebook
TEENIE,2026-05-26,08:48:00,No,PetSmart,instagram
TEENIE,2026-05-26,09:51:00,Yes,Chewy,google
TEENIE,2026-05-26,10:54:00,No,Amazon,email
TEENIE,2026-05-26,11:57:00,Yes,Target,facebook
TEENIE,2026-05-26,12:00:00,No,Walmart,instagram
TEENIE,2026-05-26,13:03:00,Yes,PetSmart,google
TEENIE,2026-05-26,14:06:00,No,Chewy,email
TEENIE,2026-05-26,15:09:00,Yes,Amazon,facebook
TEENIE,2026-05-26,16:12:00,No,Target,instagram
TEENIE,2026-05-26,17:15:00,Yes,Walmart,google
TEENIE,2026-05-26,18:18:00,No,PetSmart,email
TEENIE,2026-05-26,19:21:00,Yes,Chewy,facebook
TEENIE,2026-05-26,08:24:00,No,Amazon,instagram
TEENIE,2026-05-26,09:27:00,Yes,Target,google
TEENIE,2026-05-26,10:30:00,No,Walmart,email
TEENIE,2026-05-26,11:33:00,Yes,PetSmart,facebook
TEENIE,2026-05-26,12:36:00,No,Chewy,instagram
TEENIE,2026-05-26,13:39:00,Yes,Amazon,google
TEENIE,2026-05-26,14:42:00,No,Target,email
TEENIE,2026-05-26,15:45:00,Yes,Walmart,facebook
TEENIE,2026-05-26,16:48:00,No,PetSmart,instagram
TEENIE,2026-05-26,17:51:00,Yes,Chewy,google
TEENIE,2026-05-26,18:54:00,No,Amazon,email
TEENIE,2026-05-26,19:57:00,Yes,Target,facebook
TEENIE,2026-05-26,08:00:00,No,Walmart,instagram
TEENIE,2026-05-26,09:03:00,Yes,PetSmart,google
TEENIE,2026-05-26,10:06:00,No,Chewy,email
TEENIE,2026-05-26,11:09:00,Yes,Amazon,facebook
TEENIE,2026-05-26,12:12:00,No,Target,instagram
TEENIE,2026-05-26,13:15:00,Yes,Walmart,google
TEENIE,2026-05-26,14:18:00,No,PetSmart,email
TEENIE,2026-05-26,15:21:00,Yes,Chewy,facebook
TEENIE,2026-05-26,16:24:00,No,Amazon,instagram
TEENIE,2026-05-26,17:27:00,Yes,Target,google
TEENIE,2026-05-26,18:30:00,No,Walmart,email
TEENIE,2026-05-26,19:33:00,Yes,PetSmart,facebook
TEENIE,2026-05-26,08:36:00,No,Chewy,instagram
TEENIE,2026-05-26,09:39:00,Yes,Amazon,google
TEENIE,2026-05-26,10:42:00,No,Target,email
TEENIE,2026-05-26,11:45:00,Yes,Walmart,facebook
TEENIE,2026-05-26,12:48:00,No,PetSmart,instagram
TEENIE,2026-05-26,13:51:00,Yes,Chewy,google
TEENIE,2026-05-26,14:54:00,No,Amazon,email
TEENIE,2026-05-26,15:57:00,Yes,Target,facebook
TEENIE,2026-05-26,16:00:00,No,Walmart,instagram
TEENIE,2026-05-26,17:03:00,Yes,PetSmart,google
TEENIE,2026-05-26,18:06:00,No,Chewy,email
TEENIE,2026-05-26,19:09:00,Yes,Amazon,facebook
TEENIE,2026-05-26,08:12:00,No,Target,instagram
TEENIE,2026-05-26,09:15:00,Yes,Walmart,google
TEENIE,2026-05-26,10:18:00,No,PetSmart,email
TEENIE,2026-05-26,11:21:00,Yes,Chewy,facebook
TEENIE,2026-05-26,12:24:00,No,Amazon,instagram
TEENIE,2026-05-26,13:27:00,Yes,Target,google
TEENIE,2026-05-26,14:30:00,No,Walmart,email
TEENIE,2026-05-26,15:33:00,Yes,PetSmart,facebook
TEENIE,2026-05-26,16:36:00,No,Chewy,instagram
TEENIE,2026-05-26,17:39:00,Yes,Amazon,google
TEENIE,2026-05-26,18:42:00,No,Target,email
TEENIE,2026-05-26,19:45:00,Yes,Walmart,facebook
TEENIE,2026-05-26,08:48:00,No,PetSmart,instagram
TEENIE,2026-05-26,09:51:00,Yes,Chewy,google
TEENIE,2026-05-26,10:54:00,No,Amazon,email
TEENIE,2026-05-26,11:57:00,Yes,Target,facebook
TEENIE,2026-05-26,12:00:00,No,Walmart,instagram
TEENIE,2026-05-26,13:03:00,Yes,PetSmart,google
TEENIE,2026-05-26,14:06:00,No,Chewy,email
TEENIE,2026-05-26,15:09:00,Yes,Amazon,facebook
TEENIE,2026-05-26,16:12:00,No,Target,instagram
TEENIE,2026-05-26,17:15:00,Yes,Walmart,google
TEENIE,2026-05-26,18:18:00,No,PetSmart,email
TEENIE,2026-05-26,19:21:00,Yes,Chewy,facebook
Petite,2026-05-26,08:00:00,No,Walmart,instagram
Petite,2026-05-26,09:03:00,Yes,PetSmart,google
Petite,2026-05-26,10:06:00,No,Chewy,email
Petite,2026-05-26,11:09:00,Yes,Amazon,facebook
Petite,2026-05-26,12:12:00,No,Target,instagram
Petite,2026-05-26,13:15:00,Yes,Walmart,google
Petite,2026-05-26,14:18:00,No,PetSmart,email
Petite,2026-05-26,15:21:00,Yes,Chewy,facebook
Petite,2026-05-26,16:24:00,No,Amazon,instagram
Petite,2026-05-26,17:27:00,Yes,Target,google
Petite,2026-05-26,18:30:00,No,Walmart,email
Petite,2026-05-26,19:33:00,Yes,PetSmart,facebook
Petite,2026-05-26,08:36:00,No,Chewy,instagram
Petite,2026-05-26,09:39:00,Yes,Amazon,google
Petite,2026-05-26,10:42:00,No,Target,email
Petite,2026-05-26,11:45:00,Yes,Walmart,facebook
Petite,2026-05-26,12:48:00,No,PetSmart,instagram
Petite,2026-05-26,13:51:00,Yes,Chewy,google
Petite,2026-05-26,14:54:00,No,Amazon,email
Petite,2026-05-26,15:57:00,Yes,Target,facebook
Petite,2026-05-26,16:00:00,No,Walmart,instagram
Petite,2026-05-26,17:03:00,Yes,PetSmart,google
Petite,2026-05-26,18:06:00,No,Chewy,email
Petite,2026-05-26,19:09:00,Yes,Amazon,facebook
Petite,2026-05-26,08:12:00,No,Target,instagram
Petite,2026-05-26,09:15:00,Yes,Walmart,google
Petite,2026-05-26,10:18:00,No,PetSmart,email
Petite,2026-05-26,11:21:00,Yes,Chewy,facebook
Petite,2026-05-26,12:24:00,No,Amazon,instagram
Petite,2026-05-26,13:27:00,Yes,Target,google
Petite,2026-05-26,14:30:00,No,Walmart,email
Petite,2026-05-26,15:33:00,Yes,PetSmart,facebook
Petite,2026-05-26,16:36:00,No,Chewy,instagram
Petite,2026-05-26,17:39:00,Yes,Amazon,google
Petite,2026-05-26,18:42:00,No,Target,email
Petite,2026-05-26,19:45:00,Yes,Walmart,facebook
Petite,2026-05-26,08:48:00,No,PetSmart,instagram
Petite,2026-05-26,09:51:00,Yes,Chewy,google
Petite,2026-05-26,10:54:00,No,Amazon,email
Petite,2026-05-26,11:57:00,Yes,Target,facebook
Petite,2026-05-26,12:00:00,No,Walmart,instagram
Petite,2026-05-26,13:03:00,Yes,PetSmart,google
Petite,2026-05-26,14:06:00,No,Chewy,email
Petite,2026-05-26,15:09:00,Yes,Amazon,facebook
Petite,2026-05-26,16:12:00,No,Target,instagram
Petite,2026-05-26,17:15:00,Yes,Walmart,google
Petite,2026-05-26,18:18:00,No,PetSmart,email
Petite,2026-05-26,19:21:00,Yes,Chewy,facebook
Petite,2026-05-26,08:24:00,No,Amazon,instagram
Petite,2026-05-26,09:27:00,Yes,Target,google
Petite,2026-05-26,10:30:00,No,Walmart,email
Petite,2026-05-26,11:33:00,Yes,PetSmart,facebook
Petite,2026-05-26,12:36:00,No,Chewy,instagram
Petite,2026-05-26,13:39:00,Yes,Amazon,google
Petite,2026-05-26,14:42:00,No,Target,email
Petite,2026-05-26,15:45:00,Yes,Walmart,facebook
Petite,2026-05-26,16:48:00,No,PetSmart,instagram
Petite,2026-05-26,17:51:00,Yes,Chewy,google
Petite,2026-05-26,18:54:00,No,Amazon,email
Petite,2026-05-26,19:57:00,Yes,Target,facebook
Petite,2026-05-26,08:00:00,No,Walmart,instagram
Petite,2026-05-26,09:03:00,Yes,PetSmart,google
Petite,2026-05-26,10:06:00,No,Chewy,email
Petite,2026-05-26,11:09:00,Yes,Amazon,facebook
Petite,2026-05-26,12:12:00,No,Target,instagram
Petite,2026-05-26,13:15:00,Yes,Walmart,google
Petite,2026-05-26,14:18:00,No,PetSmart,email
Petite,2026-05-26,15:21:00,Yes,Chewy,facebook
Petite,2026-05-26,16:24:00,No,Amazon,instagram
Petite,2026-05-26,17:27:00,Yes,Target,google
Petite,2026-05-26,18:30:00,No,Walmart,email
Petite,2026-05-26,19:33:00,Yes,PetSmart,facebook
Petite,2026-05-26,08:36:00,No,Chewy,instagram
Petite,2026-05-26,09:39:00,Yes,Amazon,google
Petite,2026-05-26,10:42:00,No,Target,email
Petite,2026-05-26,11:45:00,Yes,Walmart,facebook
Petite,2026-05-26,12:48:00,No,PetSmart,instagram
Petite,2026-05-26,13:51:00,Yes,Chewy,google
Regular,2026-05-26,08:00:00,No,Walmart,instagram
Regular,2026-05-26,09:03:00,Yes,PetSmart,google
Regular,2026-05-26,10:06:00,No,Chewy,email
Regular,2026-05-26,11:09:00,Yes,Amazon,facebook
Regular,2026-05-26,12:12:00,No,Target,instagram
Regular,2026-05-26,13:15:00,Yes,Walmart,google
Regular,2026-05-26,14:18:00,No,PetSmart,email
Regular,2026-05-26,15:21:00,Yes,Chewy,facebook
Regular,2026-05-26,16:24:00,No,Amazon,instagram
Regular,2026-05-26,17:27:00,Yes,Target,google
Regular,2026-05-26,18:30:00,No,Walmart,email
Regular,2026-05-26,19:33:00,Yes,PetSmart,facebook
Regular,2026-05-26,08:36:00,No,Chewy,instagram
Regular,2026-05-26,09:39:00,Yes,Amazon,google
Regular,2026-05-26,10:42:00,No,Target,email
Regular,2026-05-26,11:45:00,Yes,Walmart,facebook
Regular,2026-05-26,12:48:00,No,PetSmart,instagram
Regular,2026-05-26,13:51:00,Yes,Chewy,google
Regular,2026-05-26,14:54:00,No,Amazon,email
Regular,2026-05-26,15:57:00,Yes,Target,facebook
Regular,2026-05-26,16:00:00,No,Walmart,instagram
Regular,2026-05-26,17:03:00,Yes,PetSmart,google
Regular,2026-05-26,18:06:00,No,Chewy,email
Regular,2026-05-26,19:09:00,Yes,Amazon,facebook
Regular,2026-05-26,08:12:00,No,Target,instagram
Regular,2026-05-26,09:15:00,Yes,Walmart,google
Regular,2026-05-26,10:18:00,No,PetSmart,email
Regular,2026-05-26,11:21:00,Yes,Chewy,facebook
Regular,2026-05-26,12:24:00,No,Amazon,instagram
Regular,2026-05-26,13:27:00,Yes,Target,google
Regular,2026-05-26,14:30:00,No,Walmart,email
Regular,2026-05-26,15:33:00,Yes,PetSmart,facebook
Regular,2026-05-26,16:36:00,No,Chewy,instagram
Regular,2026-05-26,17:39:00,Yes,Amazon,google
Regular,2026-05-26,18:42:00,No,Target,email
Regular,2026-05-26,19:45:00,Yes,Walmart,facebook
Regular,2026-05-26,08:48:00,No,PetSmart,instagram
Regular,2026-05-26,09:51:00,Yes,Chewy,google
Regular,2026-05-26,10:54:00,No,Amazon,email
Regular,2026-05-26,11:57:00,Yes,Target,facebook
Regular,2026-05-26,12:00:00,No,Walmart,instagram
Regular,2026-05-26,13:03:00,Yes,PetSmart,google
Regular,2026-05-26,14:06:00,No,Chewy,email
Regular,2026-05-26,15:09:00,Yes,Amazon,facebook
Regular,2026-05-26,16:12:00,No,Target,instagram
Regular,2026-05-26,17:15:00,Yes,Walmart,google
Regular,2026-05-26,18:18:00,No,PetSmart,email
Regular,2026-05-26,19:21:00,Yes,Chewy,facebook
Regular,2026-05-26,08:24:00,No,Amazon,instagram
Regular,2026-05-26,09:27:00,Yes,Target,google
Regular,2026-05-26,10:30:00,No,Walmart,email
Regular,2026-05-26,11:33:00,Yes,PetSmart,facebook
Regular,2026-05-26,12:36:00,No,Chewy,instagram
Regular,2026-05-26,13:39:00,Yes,Amazon,google
Regular,2026-05-26,14:42:00,No,Target,email
Regular,2026-05-26,15:45:00,Yes,Walmart,facebook
Regular,2026-05-26,16:48:00,No,PetSmart,instagram
Regular,2026-05-26,17:51:00,Yes,Chewy,google
Regular,2026-05-26,18:54:00,No,Amazon,email
Regular,2026-05-26,19:57:00,Yes,Target,facebook
Regular,2026-05-26,08:00:00,No,Walmart,instagram
Regular,2026-05-26,09:03:00,Yes,PetSmart,google
Regular,2026-05-26,10:06:00,No,Chewy,email
Regular,2026-05-26,11:09:00,Yes,Amazon,facebook
Regular,2026-05-26,12:12:00,No,Target,instagram
Regular,2026-05-26,13:15:00,Yes,Walmart,google
Regular,2026-05-26,14:18:00,No,PetSmart,email
Regular,2026-05-26,15:21:00,Yes,Chewy,facebook
Regular,2026-05-26,16:24:00,No,Amazon,instagram
Regular,2026-05-26,17:27:00,Yes,Target,google
Regular,2026-05-26,18:30:00,No,Walmart,email
Regular,2026-05-26,19:33:00,Yes,PetSmart,facebook
Regular,2026-05-26,08:36:00,No,Chewy,instagram
Regular,2026-05-26,09:39:00,Yes,Amazon,google
Regular,2026-05-26,10:42:00,No,Target,email
Regular,2026-05-26,11:45:00,Yes,Walmart,facebook
Regular,2026-05-26,12:48:00,No,PetSmart,instagram
Regular,2026-05-26,13:51:00,Yes,Chewy,google
Regular,2026-05-26,14:54:00,No,Amazon,email
Regular,2026-05-26,15:57:00,Yes,Target,facebook
Regular,2026-05-26,16:00:00,No,Walmart,instagram
Regular,2026-05-26,17:03:00,Yes,PetSmart,google
Regular,2026-05-26,18:06:00,No,Chewy,email
Regular,2026-05-26,19:09:00,Yes,Amazon,facebook
Regular,2026-05-26,08:12:00,No,Target,instagram
Regular,2026-05-26,09:15:00,Yes,Walmart,google
Regular,2026-05-26,10:18:00,No,PetSmart,email
Regular,2026-05-26,11:21:00,Yes,Chewy,facebook
Regular,2026-05-26,12:24:00,No,Amazon,instagram
Regular,2026-05-26,13:27:00,Yes,Target,google
Regular,2026-05-26,14:30:00,No,Walmart,email
Regular,2026-05-26,15:33:00,Yes,PetSmart,facebook
Regular,2026-05-26,16:36:00,No,Chewy,instagram
Regular,2026-05-26,17:39:00,Yes,Amazon,google
Regular,2026-05-26,18:42:00,No,Target,email
Regular,2026-05-26,19:45:00,Yes,Walmart,facebook
Regular,2026-05-26,08:48:00,No,PetSmart,instagram
Regular,2026-05-26,09:51:00,Yes,Chewy,google
Regular,2026-05-26,10:54:00,No,Amazon,email
Regular,2026-05-26,11:57:00,Yes,Target,facebook
Regular,2026-05-26,12:00:00,No,Walmart,instagram
Regular,2026-05-26,13:03:00,Yes,PetSmart,google
Regular,2026-05-26,14:06:00,No,Chewy,email
Regular,2026-05-26,15:09:00,Yes,Amazon,facebook
Regular,2026-05-26,16:12:00,No,Target,instagram
Regular,2026-05-26,17:15:00,Yes,Walmart,google
Regular,2026-05-26,18:18:00,No,PetSmart,email
Regular,2026-05-26,19:21:00,Yes,Chewy,facebook
Regular,2026-05-26,08:24:00,No,Amazon,instagram
Regular,2026-05-26,09:27:00,Yes,Target,google
Regular,2026-05-26,10:30:00,No,Walmart,email
Regular,2026-05-26,11:33:00,Yes,PetSmart,facebook
Regular,2026-05-26,12:36:00,No,Chewy,instagram
Regular,2026-05-26,13:39:00,Yes,Amazon,google
Regular,2026-05-26,14:42:00,No,Target,email
Regular,2026-05-26,15:45:00,Yes,Walmart,facebook
Regular,2026-05-26,16:48:00,No,PetSmart,instagram
Regular,2026-05-26,17:51:00,Yes,Chewy,google
Regular,2026-05-26,18:54:00,No,Amazon,email
Regular,2026-05-26,19:57:00,Yes,Target,facebook
Regular,2026-05-26,08:00:00,No,Walmart,instagram
Regular,2026-05-26,09:03:00,Yes,PetSmart,google
Regular,2026-05-26,10:06:00,No,Chewy,email
Regular,2026-05-26,11:09:00,Yes,Amazon,facebook
Regular,2026-05-26,12:12:00,No,Target,instagram
Regular,2026-05-26,13:15:00,Yes,Walmart,google
Regular,2026-05-26,14:18:00,No,PetSmart,email
Regular,2026-05-26,15:21:00,Yes,Chewy,facebook
Large,2026-05-26,08:00:00,No,Walmart,instagram
Large,2026-05-26,09:03:00,Yes,PetSmart,google
Large,2026-05-26,10:06:00,No,Chewy,email
Large,2026-05-26,11:09:00,Yes,Amazon,facebook
Large,2026-05-26,12:12:00,No,Target,instagram
Large,2026-05-26,13:15:00,Yes,Walmart,google
Large,2026-05-26,14:18:00,No,PetSmart,email
Large,2026-05-26,15:21:00,Yes,Chewy,facebook
Large,2026-05-26,16:24:00,No,Amazon,instagram
Large,2026-05-26,17:27:00,Yes,Target,google
Large,2026-05-26,18:30:00,No,Walmart,email
Large,2026-05-26,19:33:00,Yes,PetSmart,facebook
Large,2026-05-26,08:36:00,No,Chewy,instagram
Large,2026-05-26,09:39:00,Yes,Amazon,google
Large,2026-05-26,10:42:00,No,Target,email
Large,2026-05-26,11:45:00,Yes,Walmart,facebook
Large,2026-05-26,12:48:00,No,PetSmart,instagram
Large,2026-05-26,13:51:00,Yes,Chewy,google
Large,2026-05-26,14:54:00,No,Amazon,email
Large,2026-05-26,15:57:00,Yes,Target,facebook
Large,2026-05-26,16:00:00,No,Walmart,instagram
Large,2026-05-26,17:03:00,Yes,PetSmart,google
Large,2026-05-26,18:06:00,No,Chewy,email
Large,2026-05-26,19:09:00,Yes,Amazon,facebook
Large,2026-05-26,08:12:00,No,Target,instagram
Large,2026-05-26,09:15:00,Yes,Walmart,google
Large,2026-05-26,10:18:00,No,PetSmart,email
Large,2026-05-26,11:21:00,Yes,Chewy,facebook
Large,2026-05-26,12:24:00,No,Amazon,instagram
Large,2026-05-26,13:27:00,Yes,Target,google
Large,2026-05-26,14:30:00,No,Walmart,email
Large,2026-05-26,15:33:00,Yes,PetSmart,facebook
Large,2026-05-26,16:36:00,No,Chewy,instagram
Large,2026-05-26,17:39:00,Yes,Amazon,google
Large,2026-05-26,18:42:00,No,Target,email
Large,2026-05-26,19:45:00,Yes,Walmart,facebook
Large,2026-05-26,08:48:00,No,PetSmart,instagram
Large,2026-05-26,09:51:00,Yes,Chewy,google
Large,2026-05-26,10:54:00,No,Amazon,email
Large,2026-05-26,11:57:00,Yes,Target,facebook
Large,2026-05-26,12:00:00,No,Walmart,instagram
Large,2026-05-26,13:03:00,Yes,PetSmart,google
Large,2026-05-26,14:06:00,No,Chewy,email
Large,2026-05-26,15:09:00,Yes,Amazon,facebook
Large,2026-05-26,16:12:00,No,Target,instagram
Large,2026-05-26,17:15:00,Yes,Walmart,google
Large,2026-05-26,18:18:00,No,PetSmart,email
Large,2026-05-26,19:21:00,Yes,Chewy,facebook
Large,2026-05-26,08:24:00,No,Amazon,instagram
Large,2026-05-26,09:27:00,Yes,Target,google
Large,2026-05-26,10:30:00,No,Walmart,email
Large,2026-05-26,11:33:00,Yes,PetSmart,facebook
Large,2026-05-26,12:36:00,No,Chewy,instagram
Large,2026-05-26,13:39:00,Yes,Amazon,google
Large,2026-05-26,14:42:00,No,Target,email
Large,2026-05-26,15:45:00,Yes,Walmart,facebook
Large,2026-05-26,16:48:00,No,PetSmart,instagram
Large,2026-05-26,17:51:00,Yes,Chewy,google
Large,2026-05-26,18:54:00,No,Amazon,email
Large,2026-05-26,19:57:00,Yes,Target,facebook
Large,2026-05-26,08:00:00,No,Walmart,instagram
Large,2026-05-26,09:03:00,Yes,PetSmart,google
Large,2026-05-26,10:06:00,No,Chewy,email
Large,2026-05-26,11:09:00,Yes,Amazon,facebook
Large,2026-05-26,12:12:00,No,Target,instagram
Large,2026-05-26,13:15:00,Yes,Walmart,google
Large,2026-05-26,14:18:00,No,PetSmart,email
Large,2026-05-26,15:21:00,Yes,Chewy,facebook
Large,2026-05-26,16:24:00,No,Amazon,instagram
Large,2026-05-26,17:27:00,Yes,Target,google
Large,2026-05-26,18:30:00,No,Walmart,email
Large,2026-05-26,19:33:00,Yes,PetSmart,facebook
Large,2026-05-26,08:36:00,No,Chewy,instagram
Large,2026-05-26,09:39:00,Yes,Amazon,google
Large,2026-05-26,10:42:00,No,Target,email
Large,2026-05-26,11:45:00,Yes,Walmart,facebook
Large,2026-05-26,12:48:00,No,PetSmart,instagram
Large,2026-05-26,13:51:00,Yes,Chewy,google
Large,2026-05-26,14:54:00,No,Amazon,email
Large,2026-05-26,15:57:00,Yes,Target,facebook
Large,2026-05-26,16:00:00,No,Walmart,instagram
Large,2026-05-26,17:03:00,Yes,PetSmart,google
Large,2026-05-26,18:06:00,No,Chewy,email
Large,2026-05-26,19:09:00,Yes,Amazon,facebook
Large,2026-05-26,08:12:00,No,Target,instagram
Large,2026-05-26,09:15:00,Yes,Walmart,google
Large,2026-05-26,10:18:00,No,PetSmart,email
Large,2026-05-26,11:21:00,Yes,Chewy,facebook
Large,2026-05-26,12:24:00,No,Amazon,instagram
Large,2026-05-26,13:27:00,Yes,Target,google
Large,2026-05-26,14:30:00,No,Walmart,email
Large,2026-05-26,15:33:00,Yes,PetSmart,facebook
Large,2026-05-26,16:36:00,No,Chewy,instagram
Large,2026-05-26,17:39:00,Yes,Amazon,google
Large,2026-05-26,18:42:00,No,Target,email
Large,2026-05-26,19:45:00,Yes,Walmart,facebook
Large,2026-05-26,08:48:00,No,PetSmart,instagram
Large,2026-05-26,09:51:00,Yes,Chewy,google
Large,2026-05-26,10:54:00,No,Amazon,email
Large,2026-05-26,11:57:00,Yes,Target,facebook
Large,2026-05-26,12:00:00,No,Walmart,instagram
Large,2026-05-26,13:03:00,Yes,PetSmart,google
Large,2026-05-26,14:06:00,No,Chewy,email
Large,2026-05-26,15:09:00,Yes,Amazon,facebook
Large,2026-05-26,16:12:00,No,Target,instagram
Large,2026-05-26,17:15:00,Yes,Walmart,google
Large,2026-05-26,18:18:00,No,PetSmart,email
Large,2026-05-26,19:21:00,Yes,Chewy,facebook
Large,2026-05-26,08:24:00,No,Amazon,instagram
Large,2026-05-26,09:27:00,Yes,Target,google
Large,2026-05-26,10:30:00,No,Walmart,email
Large,2026-05-26,11:33:00,Yes,PetSmart,facebook
Large,2026-05-26,12:36:00,No,Chewy,instagram
Large,2026-05-26,13:39:00,Yes,Amazon,google
Large,2026-05-26,14:42:00,No,Target,email
Large,2026-05-26,15:45:00,Yes,Walmart,facebook
Large,2026-05-26,16:48:00,No,PetSmart,instagram
Large,2026-05-26,17:51:00,Yes,Chewy,google
Large,2026-05-26,18:54:00,No,Amazon,email
Large,2026-05-26,19:57:00,Yes,Target,facebook
Large,2026-05-26,08:00:00,No,Walmart,instagram
Large,2026-05-26,09:03:00,Yes,PetSmart,google
Large,2026-05-26,10:06:00,No,Chewy,email
Large,2026-05-26,11:09:00,Yes,Amazon,facebook
Large,2026-05-26,12:12:00,No,Target,instagram
Large,2026-05-26,13:15:00,Yes,Walmart,google
Large,2026-05-26,14:18:00,No,PetSmart,email
Large,2026-05-26,15:21:00,Yes,Chewy,facebook
Large,2026-05-26,16:24:00,No,Amazon,instagram
Large,2026-05-26,17:27:00,Yes,Target,google
Large,2026-05-26,18:30:00,No,Walmart,email
Large,2026-05-26,19:33:00,Yes,PetSmart,facebook
Large,2026-05-26,08:36:00,No,Chewy,instagram
Large,2026-05-26,09:39:00,Yes,Amazon,google
Large,2026-05-26,10:42:00,No,Target,email
Large,2026-05-26,11:45:00,Yes,Walmart,facebook
Large,2026-05-26,12:48:00,No,PetSmart,instagram
Large,2026-05-26,13:51:00,Yes,Chewy,google
Large,2026-05-26,14:54:00,No,Amazon,email
Large,2026-05-26,15:57:00,Yes,Target,facebook
Large,2026-05-26,16:00:00,No,Walmart,instagram
Large,2026-05-26,17:03:00,Yes,PetSmart,google
Large,2026-05-26,18:06:00,No,Chewy,email
Large,2026-05-26,19:09:00,Yes,Amazon,facebook
Large,2026-05-26,08:12:00,No,Target,instagram
Large,2026-05-26,09:15:00,Yes,Walmart,google
Large,2026-05-26,10:18:00,No,PetSmart,email
Large,2026-05-26,11:21:00,Yes,Chewy,facebook
Large,2026-05-26,12:24:00,No,Amazon,instagram
Large,2026-05-26,13:27:00,Yes,Target,google
Large,2026-05-26,14:30:00,No,Walmart,email
Large,2026-05-26,15:33:00,Yes,PetSmart,facebook
Large,2026-05-26,16:36:00,No,Chewy,instagram
Large,2026-05-26,17:39:00,Yes,Amazon,google
Large,2026-05-26,18:42:00,No,Target,email
Large,2026-05-26,19:45:00,Yes,Walmart,facebook
Large,2026-05-26,08:48:00,No,PetSmart,instagram
Large,2026-05-26,09:51:00,Yes,Chewy,google
Large,2026-05-26,10:54:00,No,Amazon,email
Large,2026-05-26,11:57:00,Yes,Target,facebook
Large,2026-05-26,12:00:00,No,Walmart,instagram
Large,2026-05-26,13:03:00,Yes,PetSmart,google
Large,2026-05-26,14:06:00,No,Chewy,email
Large,2026-05-26,15:09:00,Yes,Amazon,facebook
Large,2026-05-26,16:12:00,No,Target,instagram
Large,2026-05-26,17:15:00,Yes,Walmart,google
Large,2026-05-26,18:18:00,No,PetSmart,email
Large,2026-05-26,19:21:00,Yes,Chewy,facebook
TEENIE,2026-05-27,08:00:00,Yes,PetSmart,google
TEENIE,2026-05-27,09:03:00,No,Chewy,email
TEENIE,2026-05-27,10:06:00,Yes,Amazon,facebook
TEENIE,2026-05-27,11:09:00,No,Target,instagram
TEENIE,2026-05-27,12:12:00,Yes,Walmart,google
TEENIE,2026-05-27,13:15:00,No,PetSmart,email
TEENIE,2026-05-27,14:18:00,Yes,Chewy,facebook
TEENIE,2026-05-27,15:21:00,No,Amazon,instagram
TEENIE,2026-05-27,16:24:00,Yes,Target,google
TEENIE,2026-05-27,17:27:00,No,Walmart,email
TEENIE,2026-05-27,18:30:00,Yes,PetSmart,facebook
TEENIE,2026-05-27,19:33:00,No,Chewy,instagram
TEENIE,2026-05-27,08:36:00,Yes,Amazon,google
TEENIE,2026-05-27,09:39:00,No,Target,email
TEENIE,2026-05-27,10:42:00,Yes,Walmart,facebook
TEENIE,2026-05-27,11:45:00,No,PetSmart,instagram
TEENIE,2026-05-27,12:48:00,Yes,Chewy,google
TEENIE,2026-05-27,13:51:00,No,Amazon,email
TEENIE,2026-05-27,14:54:00,Yes,Target,facebook
TEENIE,2026-05-27,15:57:00,No,Walmart,instagram
TEENIE,2026-05-27,16:00:00,Yes,PetSmart,google
TEENIE,2026-05-27,17:03:00,No,Chewy,email
TEENIE,2026-05-27,18:06:00,Yes,Amazon,facebook
TEENIE,2026-05-27,19:09:00,No,Target,instagram
TEENIE,2026-05-27,08:12:00,Yes,Walmart,google
TEENIE,2026-05-27,09:15:00,No,PetSmart,email
TEENIE,2026-05-27,10:18:00,Yes,Chewy,facebook
TEENIE,2026-05-27,11:21:00,No,Amazon,instagram
TEENIE,2026-05-27,12:24:00,Yes,Target,google
TEENIE,2026-05-27,13:27:00,No,Walmart,email
TEENIE,2026-05-27,14:30:00,Yes,PetSmart,facebook
TEENIE,2026-05-27,15:33:00,No,Chewy,instagram
TEENIE,2026-05-27,16:36:00,Yes,Amazon,google
TEENIE,2026-05-27,17:39:00,No,Target,email
TEENIE,2026-05-27,18:42:00,Yes,Walmart,facebook
TEENIE,2026-05-27,19:45:00,No,PetSmart,instagram
TEENIE,2026-05-27,08:48:00,Yes,Chewy,google
TEENIE,2026-05-27,09:51:00,No,Amazon,email
TEENIE,2026-05-27,10:54:00,Yes,Target,facebook
TEENIE,2026-05-27,11:57:00,No,Walmart,instagram
TEENIE,2026-05-27,12:00:00,Yes,PetSmart,google
TEENIE,2026-05-27,13:03:00,No,Chewy,email
TEENIE,2026-05-27,14:06:00,Yes,Amazon,facebook
TEENIE,2026-05-27,15:09:00,No,Target,instagram
TEENIE,2026-05-27,16:12:00,Yes,Walmart,google
TEENIE,2026-05-27,17:15:00,No,PetSmart,email
TEENIE,2026-05-27,18:18:00,Yes,Chewy,facebook
TEENIE,2026-05-27,19:21:00,No,Amazon,instagram
TEENIE,2026-05-27,08:24:00,Yes,Target,google
TEENIE,2026-05-27,09:27:00,No,Walmart,email
TEENIE,2026-05-27,10:30:00,Yes,PetSmart,facebook
TEENIE,2026-05-27,11:33:00,No,Chewy,instagram
TEENIE,2026-05-27,12:36:00,Yes,Amazon,google
TEENIE,2026-05-27,13:39:00,No,Target,email
TEENIE,2026-05-27,14:42:00,Yes,Walmart,facebook
TEENIE,2026-05-27,15:45:00,No,PetSmart,instagram
TEENIE,2026-05-27,16:48:00,Yes,Chewy,google
TEENIE,2026-05-27,17:51:00,No,Amazon,email
TEENIE,2026-05-27,18:54:00,Yes,Target,facebook
TEENIE,2026-05-27,19:57:00,No,Walmart,instagram
TEENIE,2026-05-27,08:00:00,Yes,PetSmart,google
TEENIE,2026-05-27,09:03:00,No,Chewy,email
TEENIE,2026-05-27,10:06:00,Yes,Amazon,facebook
TEENIE,2026-05-27,11:09:00,No,Target,instagram
TEENIE,2026-05-27,12:12:00,Yes,Walmart,google
TEENIE,2026-05-27,13:15:00,No,PetSmart,email
TEENIE,2026-05-27,14:18:00,Yes,Chewy,facebook
TEENIE,2026-05-27,15:21:00,No,Amazon,instagram
TEENIE,2026-05-27,16:24:00,Yes,Target,google
TEENIE,2026-05-27,17:27:00,No,Walmart,email
TEENIE,2026-05-27,18:30:00,Yes,PetSmart,facebook
TEENIE,2026-05-27,19:33:00,No,Chewy,instagram
TEENIE,2026-05-27,08:36:00,Yes,Amazon,google
TEENIE,2026-05-27,09:39:00,No,Target,email
TEENIE,2026-05-27,10:42:00,Yes,Walmart,facebook
TEENIE,2026-05-27,11:45:00,No,PetSmart,instagram
TEENIE,2026-05-27,12:48:00,Yes,Chewy,google
TEENIE,2026-05-27,13:51:00,No,Amazon,email
TEENIE,2026-05-27,14:54:00,Yes,Target,facebook
TEENIE,2026-05-27,15:57:00,No,Walmart,instagram
TEENIE,2026-05-27,16:00:00,Yes,PetSmart,google
TEENIE,2026-05-27,17:03:00,No,Chewy,email
TEENIE,2026-05-27,18:06:00,Yes,Amazon,facebook
TEENIE,2026-05-27,19:09:00,No,Target,instagram
TEENIE,2026-05-27,08:12:00,Yes,Walmart,google
TEENIE,2026-05-27,09:15:00,No,PetSmart,email
TEENIE,2026-05-27,10:18:00,Yes,Chewy,facebook
TEENIE,2026-05-27,11:21:00,No,Amazon,instagram
TEENIE,2026-05-27,12:24:00,Yes,Target,google
TEENIE,2026-05-27,13:27:00,No,Walmart,email
TEENIE,2026-05-27,14:30:00,Yes,PetSmart,facebook
TEENIE,2026-05-27,15:33:00,No,Chewy,instagram
TEENIE,2026-05-27,16:36:00,Yes,Amazon,google
TEENIE,2026-05-27,17:39:00,No,Target,email
TEENIE,2026-05-27,18:42:00,Yes,Walmart,facebook
TEENIE,2026-05-27,19:45:00,No,PetSmart,instagram
TEENIE,2026-05-27,08:48:00,Yes,Chewy,google
TEENIE,2026-05-27,09:51:00,No,Amazon,email
TEENIE,2026-05-27,10:54:00,Yes,Target,facebook
TEENIE,2026-05-27,11:57:00,No,Walmart,instagram
TEENIE,2026-05-27,12:00:00,Yes,PetSmart,google
TEENIE,2026-05-27,13:03:00,No,Chewy,email
TEENIE,2026-05-27,14:06:00,Yes,Amazon,facebook
TEENIE,2026-05-27,15:09:00,No,Target,instagram
TEENIE,2026-05-27,16:12:00,Yes,Walmart,google
TEENIE,2026-05-27,17:15:00,No,PetSmart,email
TEENIE,2026-05-27,18:18:00,Yes,Chewy,facebook
TEENIE,2026-05-27,19:21:00,No,Amazon,instagram
TEENIE,2026-05-27,08:24:00,Yes,Target,google
TEENIE,2026-05-27,09:27:00,No,Walmart,email
TEENIE,2026-05-27,10:30:00,Yes,PetSmart,facebook
TEENIE,2026-05-27,11:33:00,No,Chewy,instagram
TEENIE,2026-05-27,12:36:00,Yes,Amazon,google
TEENIE,2026-05-27,13:39:00,No,Target,email
TEENIE,2026-05-27,14:42:00,Yes,Walmart,facebook
Petite,2026-05-27,08:00:00,Yes,PetSmart,google
Petite,2026-05-27,09:03:00,No,Chewy,email
Petite,2026-05-27,10:06:00,Yes,Amazon,facebook
Petite,2026-05-27,11:09:00,No,Target,instagram
Petite,2026-05-27,12:12:00,Yes,Walmart,google
Petite,2026-05-27,13:15:00,No,PetSmart,email
Petite,2026-05-27,14:18:00,Yes,Chewy,facebook
Petite,2026-05-27,15:21:00,No,Amazon,instagram
Petite,2026-05-27,16:24:00,Yes,Target,google
Petite,2026-05-27,17:27:00,No,Walmart,email
Petite,2026-05-27,18:30:00,Yes,PetSmart,facebook
Petite,2026-05-27,19:33:00,No,Chewy,instagram
Petite,2026-05-27,08:36:00,Yes,Amazon,google
Petite,2026-05-27,09:39:00,No,Target,email
Petite,2026-05-27,10:42:00,Yes,Walmart,facebook
Petite,2026-05-27,11:45:00,No,PetSmart,instagram
Petite,2026-05-27,12:48:00,Yes,Chewy,google
Petite,2026-05-27,13:51:00,No,Amazon,email
Petite,2026-05-27,14:54:00,Yes,Target,facebook
Petite,2026-05-27,15:57:00,No,Walmart,instagram
Petite,2026-05-27,16:00:00,Yes,PetSmart,google
Petite,2026-05-27,17:03:00,No,Chewy,email
Petite,2026-05-27,18:06:00,Yes,Amazon,facebook
Petite,2026-05-27,19:09:00,No,Target,instagram
Petite,2026-05-27,08:12:00,Yes,Walmart,google
Petite,2026-05-27,09:15:00,No,PetSmart,email
Petite,2026-05-27,10:18:00,Yes,Chewy,facebook
Petite,2026-05-27,11:21:00,No,Amazon,instagram
Petite,2026-05-27,12:24:00,Yes,Target,google
Petite,2026-05-27,13:27:00,No,Walmart,email
Petite,2026-05-27,14:30:00,Yes,PetSmart,facebook
Petite,2026-05-27,15:33:00,No,Chewy,instagram
Petite,2026-05-27,16:36:00,Yes,Amazon,google
Petite,2026-05-27,17:39:00,No,Target,email
Petite,2026-05-27,18:42:00,Yes,Walmart,facebook
Petite,2026-05-27,19:45:00,No,PetSmart,instagram
Petite,2026-05-27,08:48:00,Yes,Chewy,google
Petite,2026-05-27,09:51:00,No,Amazon,email
Petite,2026-05-27,10:54:00,Yes,Target,facebook
Petite,2026-05-27,11:57:00,No,Walmart,instagram
Petite,2026-05-27,12:00:00,Yes,PetSmart,google
Petite,2026-05-27,13:03:00,No,Chewy,email
Petite,2026-05-27,14:06:00,Yes,Amazon,facebook
Petite,2026-05-27,15:09:00,No,Target,instagram
Petite,2026-05-27,16:12:00,Yes,Walmart,google
Petite,2026-05-27,17:15:00,No,PetSmart,email
Petite,2026-05-27,18:18:00,Yes,Chewy,facebook
Petite,2026-05-27,19:21:00,No,Amazon,instagram
Petite,2026-05-27,08:24:00,Yes,Target,google
Petite,2026-05-27,09:27:00,No,Walmart,email
Petite,2026-05-27,10:30:00,Yes,PetSmart,facebook
Petite,2026-05-27,11:33:00,No,Chewy,instagram
Petite,2026-05-27,12:36:00,Yes,Amazon,google
Petite,2026-05-27,13:39:00,No,Target,email
Petite,2026-05-27,14:42:00,Yes,Walmart,facebook
Petite,2026-05-27,15:45:00,No,PetSmart,instagram
Petite,2026-05-27,16:48:00,Yes,Chewy,google
Petite,2026-05-27,17:51:00,No,Amazon,email
Petite,2026-05-27,18:54:00,Yes,Target,facebook
Petite,2026-05-27,19:57:00,No,Walmart,instagram
Petite,2026-05-27,08:00:00,Yes,PetSmart,google
Petite,2026-05-27,09:03:00,No,Chewy,email
Petite,2026-05-27,10:06:00,Yes,Amazon,facebook
Petite,2026-05-27,11:09:00,No,Target,instagram
Petite,2026-05-27,12:12:00,Yes,Walmart,google
Petite,2026-05-27,13:15:00,No,PetSmart,email
Petite,2026-05-27,14:18:00,Yes,Chewy,facebook
Petite,2026-05-27,15:21:00,No,Amazon,instagram
Petite,2026-05-27,16:24:00,Yes,Target,google
Petite,2026-05-27,17:27:00,No,Walmart,email
Petite,2026-05-27,18:30:00,Yes,PetSmart,facebook
Petite,2026-05-27,19:33:00,No,Chewy,instagram
Petite,2026-05-27,08:36:00,Yes,Amazon,google
Petite,2026-05-27,09:39:00,No,Target,email
Petite,2026-05-27,10:42:00,Yes,Walmart,facebook
Petite,2026-05-27,11:45:00,No,PetSmart,instagram
Petite,2026-05-27,12:48:00,Yes,Chewy,google
Petite,2026-05-27,13:51:00,No,Amazon,email
Petite,2026-05-27,14:54:00,Yes,Target,facebook
Petite,2026-05-27,15:57:00,No,Walmart,instagram
Petite,2026-05-27,16:00:00,Yes,PetSmart,google
Petite,2026-05-27,17:03:00,No,Chewy,email
Petite,2026-05-27,18:06:00,Yes,Amazon,facebook
Petite,2026-05-27,19:09:00,No,Target,instagram
Petite,2026-05-27,08:12:00,Yes,Walmart,google
Regular,2026-05-27,08:00:00,Yes,PetSmart,google
Regular,2026-05-27,09:03:00,No,Chewy,email
Regular,2026-05-27,10:06:00,Yes,Amazon,facebook
Regular,2026-05-27,11:09:00,No,Target,instagram
Regular,2026-05-27,12:12:00,Yes,Walmart,google
Regular,2026-05-27,13:15:00,No,PetSmart,email
Regular,2026-05-27,14:18:00,Yes,Chewy,facebook
Regular,2026-05-27,15:21:00,No,Amazon,instagram
Regular,2026-05-27,16:24:00,Yes,Target,google
Regular,2026-05-27,17:27:00,No,Walmart,email
Regular,2026-05-27,18:30:00,Yes,PetSmart,facebook
Regular,2026-05-27,19:33:00,No,Chewy,instagram
Regular,2026-05-27,08:36:00,Yes,Amazon,google
Regular,2026-05-27,09:39:00,No,Target,email
Regular,2026-05-27,10:42:00,Yes,Walmart,facebook
Regular,2026-05-27,11:45:00,No,PetSmart,instagram
Regular,2026-05-27,12:48:00,Yes,Chewy,google
Regular,2026-05-27,13:51:00,No,Amazon,email
Regular,2026-05-27,14:54:00,Yes,Target,facebook
Regular,2026-05-27,15:57:00,No,Walmart,instagram
Regular,2026-05-27,16:00:00,Yes,PetSmart,google
Regular,2026-05-27,17:03:00,No,Chewy,email
Regular,2026-05-27,18:06:00,Yes,Amazon,facebook
Regular,2026-05-27,19:09:00,No,Target,instagram
Regular,2026-05-27,08:12:00,Yes,Walmart,google
Regular,2026-05-27,09:15:00,No,PetSmart,email
Regular,2026-05-27,10:18:00,Yes,Chewy,facebook
Regular,2026-05-27,11:21:00,No,Amazon,instagram
Regular,2026-05-27,12:24:00,Yes,Target,google
Regular,2026-05-27,13:27:00,No,Walmart,email
Regular,2026-05-27,14:30:00,Yes,PetSmart,facebook
Regular,2026-05-27,15:33:00,No,Chewy,instagram
Regular,2026-05-27,16:36:00,Yes,Amazon,google
Regular,2026-05-27,17:39:00,No,Target,email
Regular,2026-05-27,18:42:00,Yes,Walmart,facebook
Regular,2026-05-27,19:45:00,No,PetSmart,instagram
Regular,2026-05-27,08:48:00,Yes,Chewy,google
Regular,2026-05-27,09:51:00,No,Amazon,email
Regular,2026-05-27,10:54:00,Yes,Target,facebook
Regular,2026-05-27,11:57:00,No,Walmart,instagram
Regular,2026-05-27,12:00:00,Yes,PetSmart,google
Regular,2026-05-27,13:03:00,No,Chewy,email
Regular,2026-05-27,14:06:00,Yes,Amazon,facebook
Regular,2026-05-27,15:09:00,No,Target,instagram
Regular,2026-05-27,16:12:00,Yes,Walmart,google
Regular,2026-05-27,17:15:00,No,PetSmart,email
Regular,2026-05-27,18:18:00,Yes,Chewy,facebook
Regular,2026-05-27,19:21:00,No,Amazon,instagram
Regular,2026-05-27,08:24:00,Yes,Target,google
Regular,2026-05-27,09:27:00,No,Walmart,email
Regular,2026-05-27,10:30:00,Yes,PetSmart,facebook
Regular,2026-05-27,11:33:00,No,Chewy,instagram
Regular,2026-05-27,12:36:00,Yes,Amazon,google
Regular,2026-05-27,13:39:00,No,Target,email
Regular,2026-05-27,14:42:00,Yes,Walmart,facebook
Regular,2026-05-27,15:45:00,No,PetSmart,instagram
Regular,2026-05-27,16:48:00,Yes,Chewy,google
Regular,2026-05-27,17:51:00,No,Amazon,email
Regular,2026-05-27,18:54:00,Yes,Target,facebook
Regular,2026-05-27,19:57:00,No,Walmart,instagram
Regular,2026-05-27,08:00:00,Yes,PetSmart,google
Regular,2026-05-27,09:03:00,No,Chewy,email
Regular,2026-05-27,10:06:00,Yes,Amazon,facebook
Regular,2026-05-27,11:09:00,No,Target,instagram
Regular,2026-05-27,12:12:00,Yes,Walmart,google
Regular,2026-05-27,13:15:00,No,PetSmart,email
Regular,2026-05-27,14:18:00,Yes,Chewy,facebook
Regular,2026-05-27,15:21:00,No,Amazon,instagram
Regular,2026-05-27,16:24:00,Yes,Target,google
Regular,2026-05-27,17:27:00,No,Walmart,email
Regular,2026-05-27,18:30:00,Yes,PetSmart,facebook
Regular,2026-05-27,19:33:00,No,Chewy,instagram
Regular,2026-05-27,08:36:00,Yes,Amazon,google
Regular,2026-05-27,09:39:00,No,Target,email
Regular,2026-05-27,10:42:00,Yes,Walmart,facebook
Regular,2026-05-27,11:45:00,No,PetSmart,instagram
Regular,2026-05-27,12:48:00,Yes,Chewy,google
Regular,2026-05-27,13:51:00,No,Amazon,email
Regular,2026-05-27,14:54:00,Yes,Target,facebook
Regular,2026-05-27,15:57:00,No,Walmart,instagram
Regular,2026-05-27,16:00:00,Yes,PetSmart,google
Regular,2026-05-27,17:03:00,No,Chewy,email
Regular,2026-05-27,18:06:00,Yes,Amazon,facebook
Regular,2026-05-27,19:09:00,No,Target,instagram
Regular,2026-05-27,08:12:00,Yes,Walmart,google
Regular,2026-05-27,09:15:00,No,PetSmart,email
Regular,2026-05-27,10:18:00,Yes,Chewy,facebook
Regular,2026-05-27,11:21:00,No,Amazon,instagram
Regular,2026-05-27,12:24:00,Yes,Target,google
Regular,2026-05-27,13:27:00,No,Walmart,email
Regular,2026-05-27,14:30:00,Yes,PetSmart,facebook
Regular,2026-05-27,15:33:00,No,Chewy,instagram
Regular,2026-05-27,16:36:00,Yes,Amazon,google
Regular,2026-05-27,17:39:00,No,Target,email
Regular,2026-05-27,18:42:00,Yes,Walmart,facebook
Regular,2026-05-27,19:45:00,No,PetSmart,instagram
Regular,2026-05-27,08:48:00,Yes,Chewy,google
Regular,2026-05-27,09:51:00,No,Amazon,email
Regular,2026-05-27,10:54:00,Yes,Target,facebook
Regular,2026-05-27,11:57:00,No,Walmart,instagram
Regular,2026-05-27,12:00:00,Yes,PetSmart,google
Regular,2026-05-27,13:03:00,No,Chewy,email
Regular,2026-05-27,14:06:00,Yes,Amazon,facebook
Regular,2026-05-27,15:09:00,No,Target,instagram
Regular,2026-05-27,16:12:00,Yes,Walmart,google
Regular,2026-05-27,17:15:00,No,PetSmart,email
Regular,2026-05-27,18:18:00,Yes,Chewy,facebook
Regular,2026-05-27,19:21:00,No,Amazon,instagram
Regular,2026-05-27,08:24:00,Yes,Target,google
Regular,2026-05-27,09:27:00,No,Walmart,email
Regular,2026-05-27,10:30:00,Yes,PetSmart,facebook
Regular,2026-05-27,11:33:00,No,Chewy,instagram
Regular,2026-05-27,12:36:00,Yes,Amazon,google
Regular,2026-05-27,13:39:00,No,Target,email
Regular,2026-05-27,14:42:00,Yes,Walmart,facebook
Regular,2026-05-27,15:45:00,No,PetSmart,instagram
Regular,2026-05-27,16:48:00,Yes,Chewy,google
Regular,2026-05-27,17:51:00,No,Amazon,email
Regular,2026-05-27,18:54:00,Yes,Target,facebook
Regular,2026-05-27,19:57:00,No,Walmart,instagram
Regular,2026-05-27,08:00:00,Yes,PetSmart,google
Regular,2026-05-27,09:03:00,No,Chewy,email
Regular,2026-05-27,10:06:00,Yes,Amazon,facebook
Regular,2026-05-27,11:09:00,No,Target,instagram
Regular,2026-05-27,12:12:00,Yes,Walmart,google
Regular,2026-05-27,13:15:00,No,PetSmart,email
Regular,2026-05-27,14:18:00,Yes,Chewy,facebook
Regular,2026-05-27,15:21:00,No,Amazon,instagram
Regular,2026-05-27,16:24:00,Yes,Target,google
Regular,2026-05-27,17:27:00,No,Walmart,email
Regular,2026-05-27,18:30:00,Yes,PetSmart,facebook
Regular,2026-05-27,19:33:00,No,Chewy,instagram
Regular,2026-05-27,08:36:00,Yes,Amazon,google
Regular,2026-05-27,09:39:00,No,Target,email
Regular,2026-05-27,10:42:00,Yes,Walmart,facebook
Large,2026-05-27,08:00:00,Yes,PetSmart,google
Large,2026-05-27,09:03:00,No,Chewy,email
Large,2026-05-27,10:06:00,Yes,Amazon,facebook
Large,2026-05-27,11:09:00,No,Target,instagram
Large,2026-05-27,12:12:00,Yes,Walmart,google
Large,2026-05-27,13:15:00,No,PetSmart,email
Large,2026-05-27,14:18:00,Yes,Chewy,facebook
Large,2026-05-27,15:21:00,No,Amazon,instagram
Large,2026-05-27,16:24:00,Yes,Target,google
Large,2026-05-27,17:27:00,No,Walmart,email
Large,2026-05-27,18:30:00,Yes,PetSmart,facebook
Large,2026-05-27,19:33:00,No,Chewy,instagram
Large,2026-05-27,08:36:00,Yes,Amazon,google
Large,2026-05-27,09:39:00,No,Target,email
Large,2026-05-27,10:42:00,Yes,Walmart,facebook
Large,2026-05-27,11:45:00,No,PetSmart,instagram
Large,2026-05-27,12:48:00,Yes,Chewy,google
Large,2026-05-27,13:51:00,No,Amazon,email
Large,2026-05-27,14:54:00,Yes,Target,facebook
Large,2026-05-27,15:57:00,No,Walmart,instagram
Large,2026-05-27,16:00:00,Yes,PetSmart,google
Large,2026-05-27,17:03:00,No,Chewy,email
Large,2026-05-27,18:06:00,Yes,Amazon,facebook
Large,2026-05-27,19:09:00,No,Target,instagram
Large,2026-05-27,08:12:00,Yes,Walmart,google
Large,2026-05-27,09:15:00,No,PetSmart,email
Large,2026-05-27,10:18:00,Yes,Chewy,facebook
Large,2026-05-27,11:21:00,No,Amazon,instagram
Large,2026-05-27,12:24:00,Yes,Target,google
Large,2026-05-27,13:27:00,No,Walmart,email
Large,2026-05-27,14:30:00,Yes,PetSmart,facebook
Large,2026-05-27,15:33:00,No,Chewy,instagram
Large,2026-05-27,16:36:00,Yes,Amazon,google
Large,2026-05-27,17:39:00,No,Target,email
Large,2026-05-27,18:42:00,Yes,Walmart,facebook
Large,2026-05-27,19:45:00,No,PetSmart,instagram
Large,2026-05-27,08:48:00,Yes,Chewy,google
Large,2026-05-27,09:51:00,No,Amazon,email
Large,2026-05-27,10:54:00,Yes,Target,facebook
Large,2026-05-27,11:57:00,No,Walmart,instagram
Large,2026-05-27,12:00:00,Yes,PetSmart,google
Large,2026-05-27,13:03:00,No,Chewy,email
Large,2026-05-27,14:06:00,Yes,Amazon,facebook
Large,2026-05-27,15:09:00,No,Target,instagram
Large,2026-05-27,16:12:00,Yes,Walmart,google
Large,2026-05-27,17:15:00,No,PetSmart,email
Large,2026-05-27,18:18:00,Yes,Chewy,facebook
Large,2026-05-27,19:21:00,No,Amazon,instagram
Large,2026-05-27,08:24:00,Yes,Target,google
Large,2026-05-27,09:27:00,No,Walmart,email
Large,2026-05-27,10:30:00,Yes,PetSmart,facebook
Large,2026-05-27,11:33:00,No,Chewy,instagram
Large,2026-05-27,12:36:00,Yes,Amazon,google
Large,2026-05-27,13:39:00,No,Target,email
Large,2026-05-27,14:42:00,Yes,Walmart,facebook
Large,2026-05-27,15:45:00,No,PetSmart,instagram
Large,2026-05-27,16:48:00,Yes,Chewy,google
Large,2026-05-27,17:51:00,No,Amazon,email
Large,2026-05-27,18:54:00,Yes,Target,facebook
Large,2026-05-27,19:57:00,No,Walmart,instagram
Large,2026-05-27,08:00:00,Yes,PetSmart,google
Large,2026-05-27,09:03:00,No,Chewy,email
Large,2026-05-27,10:06:00,Yes,Amazon,facebook
Large,2026-05-27,11:09:00,No,Target,instagram
Large,2026-05-27,12:12:00,Yes,Walmart,google
Large,2026-05-27,13:15:00,No,PetSmart,email
Large,2026-05-27,14:18:00,Yes,Chewy,facebook
Large,2026-05-27,15:21:00,No,Amazon,instagram
Large,2026-05-27,16:24:00,Yes,Target,google
Large,2026-05-27,17:27:00,No,Walmart,email
Large,2026-05-27,18:30:00,Yes,PetSmart,facebook
Large,2026-05-27,19:33:00,No,Chewy,instagram
Large,2026-05-27,08:36:00,Yes,Amazon,google
Large,2026-05-27,09:39:00,No,Target,email
Large,2026-05-27,10:42:00,Yes,Walmart,facebook
Large,2026-05-27,11:45:00,No,PetSmart,instagram
Large,2026-05-27,12:48:00,Yes,Chewy,google
Large,2026-05-27,13:51:00,No,Amazon,email
Large,2026-05-27,14:54:00,Yes,Target,facebook
Large,2026-05-27,15:57:00,No,Walmart,instagram
Large,2026-05-27,16:00:00,Yes,PetSmart,google
Large,2026-05-27,17:03:00,No,Chewy,email
Large,2026-05-27,18:06:00,Yes,Amazon,facebook
Large,2026-05-27,19:09:00,No,Target,instagram
Large,2026-05-27,08:12:00,Yes,Walmart,google
Large,2026-05-27,09:15:00,No,PetSmart,email
Large,2026-05-27,10:18:00,Yes,Chewy,facebook
Large,2026-05-27,11:21:00,No,Amazon,instagram
Large,2026-05-27,12:24:00,Yes,Target,google
Large,2026-05-27,13:27:00,No,Walmart,email
Large,2026-05-27,14:30:00,Yes,PetSmart,facebook
Large,2026-05-27,15:33:00,No,Chewy,instagram
Large,2026-05-27,16:36:00,Yes,Amazon,google
Large,2026-05-27,17:39:00,No,Target,email
Large,2026-05-27,18:42:00,Yes,Walmart,facebook
Large,2026-05-27,19:45:00,No,PetSmart,instagram
Large,2026-05-27,08:48:00,Yes,Chewy,google
Large,2026-05-27,09:51:00,No,Amazon,email
Large,2026-05-27,10:54:00,Yes,Target,facebook
Large,2026-05-27,11:57:00,No,Walmart,instagram
Large,2026-05-27,12:00:00,Yes,PetSmart,google
Large,2026-05-27,13:03:00,No,Chewy,email
Large,2026-05-27,14:06:00,Yes,Amazon,facebook
Large,2026-05-27,15:09:00,No,Target,instagram
Large,2026-05-27,16:12:00,Yes,Walmart,google
Large,2026-05-27,17:15:00,No,PetSmart,email
Large,2026-05-27,18:18:00,Yes,Chewy,facebook
Large,2026-05-27,19:21:00,No,Amazon,instagram
Large,2026-05-27,08:24:00,Yes,Target,google
Large,2026-05-27,09:27:00,No,Walmart,email
Large,2026-05-27,10:30:00,Yes,PetSmart,facebook
Large,2026-05-27,11:33:00,No,Chewy,instagram
Large,2026-05-27,12:36:00,Yes,Amazon,google
Large,2026-05-27,13:39:00,No,Target,email
Large,2026-05-27,14:42:00,Yes,Walmart,facebook
Large,2026-05-27,15:45:00,No,PetSmart,instagram
Large,2026-05-27,16:48:00,Yes,Chewy,google
Large,2026-05-27,17:51:00,No,Amazon,email
Large,2026-05-27,18:54:00,Yes,Target,facebook
Large,2026-05-27,19:57:00,No,Walmart,instagram
Large,2026-05-27,08:00:00,Yes,PetSmart,google
Large,2026-05-27,09:03:00,No,Chewy,email
Large,2026-05-27,10:06:00,Yes,Amazon,facebook
Large,2026-05-27,11:09:00,No,Target,instagram
Large,2026-05-27,12:12:00,Yes,Walmart,google
Large,2026-05-27,13:15:00,No,PetSmart,email
Large,2026-05-27,14:18:00,Yes,Chewy,facebook
Large,2026-05-27,15:21:00,No,Amazon,instagram
Large,2026-05-27,16:24:00,Yes,Target,google
Large,2026-05-27,17:27:00,No,Walmart,email
Large,2026-05-27,18:30:00,Yes,PetSmart,facebook
Large,2026-05-27,19:33:00,No,Chewy,instagram
Large,2026-05-27,08:36:00,Yes,Amazon,google
Large,2026-05-27,09:39:00,No,Target,email
Large,2026-05-27,10:42:00,Yes,Walmart,facebook
Large,2026-05-27,11:45:00,No,PetSmart,instagram
Large,2026-05-27,12:48:00,Yes,Chewy,google
Large,2026-05-27,13:51:00,No,Amazon,email
Large,2026-05-27,14:54:00,Yes,Target,facebook
Large,2026-05-27,15:57:00,No,Walmart,instagram
Large,2026-05-27,16:00:00,Yes,PetSmart,google
Large,2026-05-27,17:03:00,No,Chewy,email
Large,2026-05-27,18:06:00,Yes,Amazon,facebook
Large,2026-05-27,19:09:00,No,Target,instagram
Large,2026-05-27,08:12:00,Yes,Walmart,google
Large,2026-05-27,09:15:00,No,PetSmart,email
Large,2026-05-27,10:18:00,Yes,Chewy,facebook
Large,2026-05-27,11:21:00,No,Amazon,instagram
Large,2026-05-27,12:24:00,Yes,Target,google
Large,2026-05-27,13:27:00,No,Walmart,email
Large,2026-05-27,14:30:00,Yes,PetSmart,facebook
Large,2026-05-27,15:33:00,No,Chewy,instagram
Large,2026-05-27,16:36:00,Yes,Amazon,google
Large,2026-05-27,17:39:00,No,Target,email
Large,2026-05-27,18:42:00,Yes,Walmart,facebook
Large,2026-05-27,19:45:00,No,PetSmart,instagram
Large,2026-05-27,08:48:00,Yes,Chewy,google
Large,2026-05-27,09:51:00,No,Amazon,email
Large,2026-05-27,10:54:00,Yes,Target,facebook
Large,2026-05-27,11:57:00,No,Walmart,instagram
Large,2026-05-27,12:00:00,Yes,PetSmart,google
Large,2026-05-27,13:03:00,No,Chewy,email
Large,2026-05-27,14:06:00,Yes,Amazon,facebook
Large,2026-05-27,15:09:00,No,Target,instagram
Large,2026-05-27,16:12:00,Yes,Walmart,google
Large,2026-05-27,17:15:00,No,PetSmart,email
Large,2026-05-27,18:18:00,Yes,Chewy,facebook
Large,2026-05-27,19:21:00,No,Amazon,instagram
Large,2026-05-27,08:24:00,Yes,Target,google
Large,2026-05-27,09:27:00,No,Walmart,email
Large,2026-05-27,10:30:00,Yes,PetSmart,facebook
Large,2026-05-27,11:33:00,No,Chewy,instagram
Large,2026-05-27,12:36:00,Yes,Amazon,google
Large,2026-05-27,13:39:00,No,Target,email
Large,2026-05-27,14:42:00,Yes,Walmart,facebook
TEENIE,2026-05-28,08:00:00,No,Chewy,email
TEENIE,2026-05-28,09:03:00,Yes,Amazon,facebook
TEENIE,2026-05-28,10:06:00,No,Target,instagram
TEENIE,2026-05-28,11:09:00,Yes,Walmart,google
TEENIE,2026-05-28,12:12:00,No,PetSmart,email
TEENIE,2026-05-28,13:15:00,Yes,Chewy,facebook
TEENIE,2026-05-28,14:18:00,No,Amazon,instagram
TEENIE,2026-05-28,15:21:00,Yes,Target,google
TEENIE,2026-05-28,16:24:00,No,Walmart,email
TEENIE,2026-05-28,17:27:00,Yes,PetSmart,facebook
TEENIE,2026-05-28,18:30:00,No,Chewy,instagram
TEENIE,2026-05-28,19:33:00,Yes,Amazon,google
TEENIE,2026-05-28,08:36:00,No,Target,email
TEENIE,2026-05-28,09:39:00,Yes,Walmart,facebook
TEENIE,2026-05-28,10:42:00,No,PetSmart,instagram
TEENIE,2026-05-28,11:45:00,Yes,Chewy,google
TEENIE,2026-05-28,12:48:00,No,Amazon,email
TEENIE,2026-05-28,13:51:00,Yes,Target,facebook
TEENIE,2026-05-28,14:54:00,No,Walmart,instagram
TEENIE,2026-05-28,15:57:00,Yes,PetSmart,google
TEENIE,2026-05-28,16:00:00,No,Chewy,email
TEENIE,2026-05-28,17:03:00,Yes,Amazon,facebook
TEENIE,2026-05-28,18:06:00,No,Target,instagram
TEENIE,2026-05-28,19:09:00,Yes,Walmart,google
TEENIE,2026-05-28,08:12:00,No,PetSmart,email
TEENIE,2026-05-28,09:15:00,Yes,Chewy,facebook
TEENIE,2026-05-28,10:18:00,No,Amazon,instagram
TEENIE,2026-05-28,11:21:00,Yes,Target,google
TEENIE,2026-05-28,12:24:00,No,Walmart,email
TEENIE,2026-05-28,13:27:00,Yes,PetSmart,facebook
TEENIE,2026-05-28,14:30:00,No,Chewy,instagram
TEENIE,2026-05-28,15:33:00,Yes,Amazon,google
TEENIE,2026-05-28,16:36:00,No,Target,email
TEENIE,2026-05-28,17:39:00,Yes,Walmart,facebook
TEENIE,2026-05-28,18:42:00,No,PetSmart,instagram
TEENIE,2026-05-28,19:45:00,Yes,Chewy,google
TEENIE,2026-05-28,08:48:00,No,Amazon,email
TEENIE,2026-05-28,09:51:00,Yes,Target,facebook
TEENIE,2026-05-28,10:54:00,No,Walmart,instagram
TEENIE,2026-05-28,11:57:00,Yes,PetSmart,google
TEENIE,2026-05-28,12:00:00,No,Chewy,email
TEENIE,2026-05-28,13:03:00,Yes,Amazon,facebook
TEENIE,2026-05-28,14:06:00,No,Target,instagram
TEENIE,2026-05-28,15:09:00,Yes,Walmart,google
TEENIE,2026-05-28,16:12:00,No,PetSmart,email
TEENIE,2026-05-28,17:15:00,Yes,Chewy,facebook
TEENIE,2026-05-28,18:18:00,No,Amazon,instagram
TEENIE,2026-05-28,19:21:00,Yes,Target,google
TEENIE,2026-05-28,08:24:00,No,Walmart,email
TEENIE,2026-05-28,09:27:00,Yes,PetSmart,facebook
TEENIE,2026-05-28,10:30:00,No,Chewy,instagram
TEENIE,2026-05-28,11:33:00,Yes,Amazon,google
TEENIE,2026-05-28,12:36:00,No,Target,email
TEENIE,2026-05-28,13:39:00,Yes,Walmart,facebook
TEENIE,2026-05-28,14:42:00,No,PetSmart,instagram
TEENIE,2026-05-28,15:45:00,Yes,Chewy,google
TEENIE,2026-05-28,16:48:00,No,Amazon,email
TEENIE,2026-05-28,17:51:00,Yes,Target,facebook
TEENIE,2026-05-28,18:54:00,No,Walmart,instagram
TEENIE,2026-05-28,19:57:00,Yes,PetSmart,google
TEENIE,2026-05-28,08:00:00,No,Chewy,email
TEENIE,2026-05-28,09:03:00,Yes,Amazon,facebook
TEENIE,2026-05-28,10:06:00,No,Target,instagram
TEENIE,2026-05-28,11:09:00,Yes,Walmart,google
TEENIE,2026-05-28,12:12:00,No,PetSmart,email
TEENIE,2026-05-28,13:15:00,Yes,Chewy,facebook
TEENIE,2026-05-28,14:18:00,No,Amazon,instagram
TEENIE,2026-05-28,15:21:00,Yes,Target,google
TEENIE,2026-05-28,16:24:00,No,Walmart,email
TEENIE,2026-05-28,17:27:00,Yes,PetSmart,facebook
TEENIE,2026-05-28,18:30:00,No,Chewy,instagram
TEENIE,2026-05-28,19:33:00,Yes,Amazon,google
TEENIE,2026-05-28,08:36:00,No,Target,email
TEENIE,2026-05-28,09:39:00,Yes,Walmart,facebook
TEENIE,2026-05-28,10:42:00,No,PetSmart,instagram
TEENIE,2026-05-28,11:45:00,Yes,Chewy,google
TEENIE,2026-05-28,12:48:00,No,Amazon,email
TEENIE,2026-05-28,13:51:00,Yes,Target,facebook
TEENIE,2026-05-28,14:54:00,No,Walmart,instagram
TEENIE,2026-05-28,15:57:00,Yes,PetSmart,google
TEENIE,2026-05-28,16:00:00,No,Chewy,email
TEENIE,2026-05-28,17:03:00,Yes,Amazon,facebook
TEENIE,2026-05-28,18:06:00,No,Target,instagram
TEENIE,2026-05-28,19:09:00,Yes,Walmart,google
TEENIE,2026-05-28,08:12:00,No,PetSmart,email
TEENIE,2026-05-28,09:15:00,Yes,Chewy,facebook
TEENIE,2026-05-28,10:18:00,No,Amazon,instagram
TEENIE,2026-05-28,11:21:00,Yes,Target,google
TEENIE,2026-05-28,12:24:00,No,Walmart,email
TEENIE,2026-05-28,13:27:00,Yes,PetSmart,facebook
TEENIE,2026-05-28,14:30:00,No,Chewy,instagram
TEENIE,2026-05-28,15:33:00,Yes,Amazon,google
TEENIE,2026-05-28,16:36:00,No,Target,email
TEENIE,2026-05-28,17:39:00,Yes,Walmart,facebook
TEENIE,2026-05-28,18:42:00,No,PetSmart,instagram
TEENIE,2026-05-28,19:45:00,Yes,Chewy,google
TEENIE,2026-05-28,08:48:00,No,Amazon,email
TEENIE,2026-05-28,09:51:00,Yes,Target,facebook
TEENIE,2026-05-28,10:54:00,No,Walmart,instagram
TEENIE,2026-05-28,11:57:00,Yes,PetSmart,google
TEENIE,2026-05-28,12:00:00,No,Chewy,email
TEENIE,2026-05-28,13:03:00,Yes,Amazon,facebook
TEENIE,2026-05-28,14:06:00,No,Target,instagram
TEENIE,2026-05-28,15:09:00,Yes,Walmart,google
TEENIE,2026-05-28,16:12:00,No,PetSmart,email
TEENIE,2026-05-28,17:15:00,Yes,Chewy,facebook
TEENIE,2026-05-28,18:18:00,No,Amazon,instagram
TEENIE,2026-05-28,19:21:00,Yes,Target,google
TEENIE,2026-05-28,08:24:00,No,Walmart,email
TEENIE,2026-05-28,09:27:00,Yes,PetSmart,facebook
TEENIE,2026-05-28,10:30:00,No,Chewy,instagram
TEENIE,2026-05-28,11:33:00,Yes,Amazon,google
TEENIE,2026-05-28,12:36:00,No,Target,email
TEENIE,2026-05-28,13:39:00,Yes,Walmart,facebook
TEENIE,2026-05-28,14:42:00,No,PetSmart,instagram
TEENIE,2026-05-28,15:45:00,Yes,Chewy,google
TEENIE,2026-05-28,16:48:00,No,Amazon,email
TEENIE,2026-05-28,17:51:00,Yes,Target,facebook
TEENIE,2026-05-28,18:54:00,No,Walmart,instagram
TEENIE,2026-05-28,19:57:00,Yes,PetSmart,google
TEENIE,2026-05-28,08:00:00,No,Chewy,email
TEENIE,2026-05-28,09:03:00,Yes,Amazon,facebook
Petite,2026-05-28,08:00:00,No,Chewy,email
Petite,2026-05-28,09:03:00,Yes,Amazon,facebook
Petite,2026-05-28,10:06:00,No,Target,instagram
Petite,2026-05-28,11:09:00,Yes,Walmart,google
Petite,2026-05-28,12:12:00,No,PetSmart,email
Petite,2026-05-28,13:15:00,Yes,Chewy,facebook
Petite,2026-05-28,14:18:00,No,Amazon,instagram
Petite,2026-05-28,15:21:00,Yes,Target,google
Petite,2026-05-28,16:24:00,No,Walmart,email
Petite,2026-05-28,17:27:00,Yes,PetSmart,facebook
Petite,2026-05-28,18:30:00,No,Chewy,instagram
Petite,2026-05-28,19:33:00,Yes,Amazon,google
Petite,2026-05-28,08:36:00,No,Target,email
Petite,2026-05-28,09:39:00,Yes,Walmart,facebook
Petite,2026-05-28,10:42:00,No,PetSmart,instagram
Petite,2026-05-28,11:45:00,Yes,Chewy,google
Petite,2026-05-28,12:48:00,No,Amazon,email
Petite,2026-05-28,13:51:00,Yes,Target,facebook
Petite,2026-05-28,14:54:00,No,Walmart,instagram
Petite,2026-05-28,15:57:00,Yes,PetSmart,google
Petite,2026-05-28,16:00:00,No,Chewy,email
Petite,2026-05-28,17:03:00,Yes,Amazon,facebook
Petite,2026-05-28,18:06:00,No,Target,instagram
Petite,2026-05-28,19:09:00,Yes,Walmart,google
Petite,2026-05-28,08:12:00,No,PetSmart,email
Petite,2026-05-28,09:15:00,Yes,Chewy,facebook
Petite,2026-05-28,10:18:00,No,Amazon,instagram
Petite,2026-05-28,11:21:00,Yes,Target,google
Petite,2026-05-28,12:24:00,No,Walmart,email
Petite,2026-05-28,13:27:00,Yes,PetSmart,facebook
Petite,2026-05-28,14:30:00,No,Chewy,instagram
Petite,2026-05-28,15:33:00,Yes,Amazon,google
Petite,2026-05-28,16:36:00,No,Target,email
Petite,2026-05-28,17:39:00,Yes,Walmart,facebook
Petite,2026-05-28,18:42:00,No,PetSmart,instagram
Petite,2026-05-28,19:45:00,Yes,Chewy,google
Petite,2026-05-28,08:48:00,No,Amazon,email
Petite,2026-05-28,09:51:00,Yes,Target,facebook
Petite,2026-05-28,10:54:00,No,Walmart,instagram
Petite,2026-05-28,11:57:00,Yes,PetSmart,google
Petite,2026-05-28,12:00:00,No,Chewy,email
Petite,2026-05-28,13:03:00,Yes,Amazon,facebook
Petite,2026-05-28,14:06:00,No,Target,instagram
Petite,2026-05-28,15:09:00,Yes,Walmart,google
Petite,2026-05-28,16:12:00,No,PetSmart,email
Petite,2026-05-28,17:15:00,Yes,Chewy,facebook
Petite,2026-05-28,18:18:00,No,Amazon,instagram
Petite,2026-05-28,19:21:00,Yes,Target,google
Petite,2026-05-28,08:24:00,No,Walmart,email
Petite,2026-05-28,09:27:00,Yes,PetSmart,facebook
Petite,2026-05-28,10:30:00,No,Chewy,instagram
Petite,2026-05-28,11:33:00,Yes,Amazon,google
Petite,2026-05-28,12:36:00,No,Target,email
Petite,2026-05-28,13:39:00,Yes,Walmart,facebook
Petite,2026-05-28,14:42:00,No,PetSmart,instagram
Petite,2026-05-28,15:45:00,Yes,Chewy,google
Petite,2026-05-28,16:48:00,No,Amazon,email
Petite,2026-05-28,17:51:00,Yes,Target,facebook
Petite,2026-05-28,18:54:00,No,Walmart,instagram
Petite,2026-05-28,19:57:00,Yes,PetSmart,google
Petite,2026-05-28,08:00:00,No,Chewy,email
Petite,2026-05-28,09:03:00,Yes,Amazon,facebook
Petite,2026-05-28,10:06:00,No,Target,instagram
Petite,2026-05-28,11:09:00,Yes,Walmart,google
Petite,2026-05-28,12:12:00,No,PetSmart,email
Petite,2026-05-28,13:15:00,Yes,Chewy,facebook
Petite,2026-05-28,14:18:00,No,Amazon,instagram
Petite,2026-05-28,15:21:00,Yes,Target,google
Petite,2026-05-28,16:24:00,No,Walmart,email
Petite,2026-05-28,17:27:00,Yes,PetSmart,facebook
Petite,2026-05-28,18:30:00,No,Chewy,instagram
Petite,2026-05-28,19:33:00,Yes,Amazon,google
Petite,2026-05-28,08:36:00,No,Target,email
Petite,2026-05-28,09:39:00,Yes,Walmart,facebook
Petite,2026-05-28,10:42:00,No,PetSmart,instagram
Petite,2026-05-28,11:45:00,Yes,Chewy,google
Petite,2026-05-28,12:48:00,No,Amazon,email
Petite,2026-05-28,13:51:00,Yes,Target,facebook
Petite,2026-05-28,14:54:00,No,Walmart,instagram
Petite,2026-05-28,15:57:00,Yes,PetSmart,google
Petite,2026-05-28,16:00:00,No,Chewy,email
Petite,2026-05-28,17:03:00,Yes,Amazon,facebook
Petite,2026-05-28,18:06:00,No,Target,instagram
Petite,2026-05-28,19:09:00,Yes,Walmart,google
Petite,2026-05-28,08:12:00,No,PetSmart,email
Petite,2026-05-28,09:15:00,Yes,Chewy,facebook
Petite,2026-05-28,10:18:00,No,Amazon,instagram
Petite,2026-05-28,11:21:00,Yes,Target,google
Petite,2026-05-28,12:24:00,No,Walmart,email
Petite,2026-05-28,13:27:00,Yes,PetSmart,facebook
Petite,2026-05-28,14:30:00,No,Chewy,instagram
Petite,2026-05-28,15:33:00,Yes,Amazon,google
Regular,2026-05-28,08:00:00,No,Chewy,email
Regular,2026-05-28,09:03:00,Yes,Amazon,facebook
Regular,2026-05-28,10:06:00,No,Target,instagram
Regular,2026-05-28,11:09:00,Yes,Walmart,google
Regular,2026-05-28,12:12:00,No,PetSmart,email
Regular,2026-05-28,13:15:00,Yes,Chewy,facebook
Regular,2026-05-28,14:18:00,No,Amazon,instagram
Regular,2026-05-28,15:21:00,Yes,Target,google
Regular,2026-05-28,16:24:00,No,Walmart,email
Regular,2026-05-28,17:27:00,Yes,PetSmart,facebook
Regular,2026-05-28,18:30:00,No,Chewy,instagram
Regular,2026-05-28,19:33:00,Yes,Amazon,google
Regular,2026-05-28,08:36:00,No,Target,email
Regular,2026-05-28,09:39:00,Yes,Walmart,facebook
Regular,2026-05-28,10:42:00,No,PetSmart,instagram
Regular,2026-05-28,11:45:00,Yes,Chewy,google
Regular,2026-05-28,12:48:00,No,Amazon,email
Regular,2026-05-28,13:51:00,Yes,Target,facebook
Regular,2026-05-28,14:54:00,No,Walmart,instagram
Regular,2026-05-28,15:57:00,Yes,PetSmart,google
Regular,2026-05-28,16:00:00,No,Chewy,email
Regular,2026-05-28,17:03:00,Yes,Amazon,facebook
Regular,2026-05-28,18:06:00,No,Target,instagram
Regular,2026-05-28,19:09:00,Yes,Walmart,google
Regular,2026-05-28,08:12:00,No,PetSmart,email
Regular,2026-05-28,09:15:00,Yes,Chewy,facebook
Regular,2026-05-28,10:18:00,No,Amazon,instagram
Regular,2026-05-28,11:21:00,Yes,Target,google
Regular,2026-05-28,12:24:00,No,Walmart,email
Regular,2026-05-28,13:27:00,Yes,PetSmart,facebook
Regular,2026-05-28,14:30:00,No,Chewy,instagram
Regular,2026-05-28,15:33:00,Yes,Amazon,google
Regular,2026-05-28,16:36:00,No,Target,email
Regular,2026-05-28,17:39:00,Yes,Walmart,facebook
Regular,2026-05-28,18:42:00,No,PetSmart,instagram
Regular,2026-05-28,19:45:00,Yes,Chewy,google
Regular,2026-05-28,08:48:00,No,Amazon,email
Regular,2026-05-28,09:51:00,Yes,Target,facebook
Regular,2026-05-28,10:54:00,No,Walmart,instagram
Regular,2026-05-28,11:57:00,Yes,PetSmart,google
Regular,2026-05-28,12:00:00,No,Chewy,email
Regular,2026-05-28,13:03:00,Yes,Amazon,facebook
Regular,2026-05-28,14:06:00,No,Target,instagram
Regular,2026-05-28,15:09:00,Yes,Walmart,google
Regular,2026-05-28,16:12:00,No,PetSmart,email
Regular,2026-05-28,17:15:00,Yes,Chewy,facebook
Regular,2026-05-28,18:18:00,No,Amazon,instagram
Regular,2026-05-28,19:21:00,Yes,Target,google
Regular,2026-05-28,08:24:00,No,Walmart,email
Regular,2026-05-28,09:27:00,Yes,PetSmart,facebook
Regular,2026-05-28,10:30:00,No,Chewy,instagram
Regular,2026-05-28,11:33:00,Yes,Amazon,google
Regular,2026-05-28,12:36:00,No,Target,email
Regular,2026-05-28,13:39:00,Yes,Walmart,facebook
Regular,2026-05-28,14:42:00,No,PetSmart,instagram
Regular,2026-05-28,15:45:00,Yes,Chewy,google
Regular,2026-05-28,16:48:00,No,Amazon,email
Regular,2026-05-28,17:51:00,Yes,Target,facebook
Regular,2026-05-28,18:54:00,No,Walmart,instagram
Regular,2026-05-28,19:57:00,Yes,PetSmart,google
Regular,2026-05-28,08:00:00,No,Chewy,email
Regular,2026-05-28,09:03:00,Yes,Amazon,facebook
Regular,2026-05-28,10:06:00,No,Target,instagram
Regular,2026-05-28,11:09:00,Yes,Walmart,google
Regular,2026-05-28,12:12:00,No,PetSmart,email
Regular,2026-05-28,13:15:00,Yes,Chewy,facebook
Regular,2026-05-28,14:18:00,No,Amazon,instagram
Regular,2026-05-28,15:21:00,Yes,Target,google
Regular,2026-05-28,16:24:00,No,Walmart,email
Regular,2026-05-28,17:27:00,Yes,PetSmart,facebook
Regular,2026-05-28,18:30:00,No,Chewy,instagram
Regular,2026-05-28,19:33:00,Yes,Amazon,google
Regular,2026-05-28,08:36:00,No,Target,email
Regular,2026-05-28,09:39:00,Yes,Walmart,facebook
Regular,2026-05-28,10:42:00,No,PetSmart,instagram
Regular,2026-05-28,11:45:00,Yes,Chewy,google
Regular,2026-05-28,12:48:00,No,Amazon,email
Regular,2026-05-28,13:51:00,Yes,Target,facebook
Regular,2026-05-28,14:54:00,No,Walmart,instagram
Regular,2026-05-28,15:57:00,Yes,PetSmart,google
Regular,2026-05-28,16:00:00,No,Chewy,email
Regular,2026-05-28,17:03:00,Yes,Amazon,facebook
Regular,2026-05-28,18:06:00,No,Target,instagram
Regular,2026-05-28,19:09:00,Yes,Walmart,google
Regular,2026-05-28,08:12:00,No,PetSmart,email
Regular,2026-05-28,09:15:00,Yes,Chewy,facebook
Regular,2026-05-28,10:18:00,No,Amazon,instagram
Regular,2026-05-28,11:21:00,Yes,Target,google
Regular,2026-05-28,12:24:00,No,Walmart,email
Regular,2026-05-28,13:27:00,Yes,PetSmart,facebook
Regular,2026-05-28,14:30:00,No,Chewy,instagram
Regular,2026-05-28,15:33:00,Yes,Amazon,google
Regular,2026-05-28,16:36:00,No,Target,email
Regular,2026-05-28,17:39:00,Yes,Walmart,facebook
Regular,2026-05-28,18:42:00,No,PetSmart,instagram
Regular,2026-05-28,19:45:00,Yes,Chewy,google
Regular,2026-05-28,08:48:00,No,Amazon,email
Regular,2026-05-28,09:51:00,Yes,Target,facebook
Regular,2026-05-28,10:54:00,No,Walmart,instagram
Regular,2026-05-28,11:57:00,Yes,PetSmart,google
Regular,2026-05-28,12:00:00,No,Chewy,email
Regular,2026-05-28,13:03:00,Yes,Amazon,facebook
Regular,2026-05-28,14:06:00,No,Target,instagram
Regular,2026-05-28,15:09:00,Yes,Walmart,google
Regular,2026-05-28,16:12:00,No,PetSmart,email
Regular,2026-05-28,17:15:00,Yes,Chewy,facebook
Regular,2026-05-28,18:18:00,No,Amazon,instagram
Regular,2026-05-28,19:21:00,Yes,Target,google
Regular,2026-05-28,08:24:00,No,Walmart,email
Regular,2026-05-28,09:27:00,Yes,PetSmart,facebook
Regular,2026-05-28,10:30:00,No,Chewy,instagram
Regular,2026-05-28,11:33:00,Yes,Amazon,google
Regular,2026-05-28,12:36:00,No,Target,email
Regular,2026-05-28,13:39:00,Yes,Walmart,facebook
Regular,2026-05-28,14:42:00,No,PetSmart,instagram
Regular,2026-05-28,15:45:00,Yes,Chewy,google
Regular,2026-05-28,16:48:00,No,Amazon,email
Regular,2026-05-28,17:51:00,Yes,Target,facebook
Regular,2026-05-28,18:54:00,No,Walmart,instagram
Regular,2026-05-28,19:57:00,Yes,PetSmart,google
Regular,2026-05-28,08:00:00,No,Chewy,email
Regular,2026-05-28,09:03:00,Yes,Amazon,facebook
Regular,2026-05-28,10:06:00,No,Target,instagram
Regular,2026-05-28,11:09:00,Yes,Walmart,google
Regular,2026-05-28,12:12:00,No,PetSmart,email
Regular,2026-05-28,13:15:00,Yes,Chewy,facebook
Regular,2026-05-28,14:18:00,No,Amazon,instagram
Regular,2026-05-28,15:21:00,Yes,Target,google
Regular,2026-05-28,16:24:00,No,Walmart,email
Regular,2026-05-28,17:27:00,Yes,PetSmart,facebook
Regular,2026-05-28,18:30:00,No,Chewy,instagram
Regular,2026-05-28,19:33:00,Yes,Amazon,google
Regular,2026-05-28,08:36:00,No,Target,email
Regular,2026-05-28,09:39:00,Yes,Walmart,facebook
Regular,2026-05-28,10:42:00,No,PetSmart,instagram
Regular,2026-05-28,11:45:00,Yes,Chewy,google
Regular,2026-05-28,12:48:00,No,Amazon,email
Regular,2026-05-28,13:51:00,Yes,Target,facebook
Regular,2026-05-28,14:54:00,No,Walmart,instagram
Regular,2026-05-28,15:57:00,Yes,PetSmart,google
Regular,2026-05-28,16:00:00,No,Chewy,email
Regular,2026-05-28,17:03:00,Yes,Amazon,facebook
Large,2026-05-28,08:00:00,No,Chewy,email
Large,2026-05-28,09:03:00,Yes,Amazon,facebook
Large,2026-05-28,10:06:00,No,Target,instagram
Large,2026-05-28,11:09:00,Yes,Walmart,google
Large,2026-05-28,12:12:00,No,PetSmart,email
Large,2026-05-28,13:15:00,Yes,Chewy,facebook
Large,2026-05-28,14:18:00,No,Amazon,instagram
Large,2026-05-28,15:21:00,Yes,Target,google
Large,2026-05-28,16:24:00,No,Walmart,email
Large,2026-05-28,17:27:00,Yes,PetSmart,facebook
Large,2026-05-28,18:30:00,No,Chewy,instagram
Large,2026-05-28,19:33:00,Yes,Amazon,google
Large,2026-05-28,08:36:00,No,Target,email
Large,2026-05-28,09:39:00,Yes,Walmart,facebook
Large,2026-05-28,10:42:00,No,PetSmart,instagram
Large,2026-05-28,11:45:00,Yes,Chewy,google
Large,2026-05-28,12:48:00,No,Amazon,email
Large,2026-05-28,13:51:00,Yes,Target,facebook
Large,2026-05-28,14:54:00,No,Walmart,instagram
Large,2026-05-28,15:57:00,Yes,PetSmart,google
Large,2026-05-28,16:00:00,No,Chewy,email
Large,2026-05-28,17:03:00,Yes,Amazon,facebook
Large,2026-05-28,18:06:00,No,Target,instagram
Large,2026-05-28,19:09:00,Yes,Walmart,google
Large,2026-05-28,08:12:00,No,PetSmart,email
Large,2026-05-28,09:15:00,Yes,Chewy,facebook
Large,2026-05-28,10:18:00,No,Amazon,instagram
Large,2026-05-28,11:21:00,Yes,Target,google
Large,2026-05-28,12:24:00,No,Walmart,email
Large,2026-05-28,13:27:00,Yes,PetSmart,facebook
Large,2026-05-28,14:30:00,No,Chewy,instagram
Large,2026-05-28,15:33:00,Yes,Amazon,google
Large,2026-05-28,16:36:00,No,Target,email
Large,2026-05-28,17:39:00,Yes,Walmart,facebook
Large,2026-05-28,18:42:00,No,PetSmart,instagram
Large,2026-05-28,19:45:00,Yes,Chewy,google
Large,2026-05-28,08:48:00,No,Amazon,email
Large,2026-05-28,09:51:00,Yes,Target,facebook
Large,2026-05-28,10:54:00,No,Walmart,instagram
Large,2026-05-28,11:57:00,Yes,PetSmart,google
Large,2026-05-28,12:00:00,No,Chewy,email
Large,2026-05-28,13:03:00,Yes,Amazon,facebook
Large,2026-05-28,14:06:00,No,Target,instagram
Large,2026-05-28,15:09:00,Yes,Walmart,google
Large,2026-05-28,16:12:00,No,PetSmart,email
Large,2026-05-28,17:15:00,Yes,Chewy,facebook
Large,2026-05-28,18:18:00,No,Amazon,instagram
Large,2026-05-28,19:21:00,Yes,Target,google
Large,2026-05-28,08:24:00,No,Walmart,email
Large,2026-05-28,09:27:00,Yes,PetSmart,facebook
Large,2026-05-28,10:30:00,No,Chewy,instagram
Large,2026-05-28,11:33:00,Yes,Amazon,google
Large,2026-05-28,12:36:00,No,Target,email
Large,2026-05-28,13:39:00,Yes,Walmart,facebook
Large,2026-05-28,14:42:00,No,PetSmart,instagram
Large,2026-05-28,15:45:00,Yes,Chewy,google
Large,2026-05-28,16:48:00,No,Amazon,email
Large,2026-05-28,17:51:00,Yes,Target,facebook
Large,2026-05-28,18:54:00,No,Walmart,instagram
Large,2026-05-28,19:57:00,Yes,PetSmart,google
Large,2026-05-28,08:00:00,No,Chewy,email
Large,2026-05-28,09:03:00,Yes,Amazon,facebook
Large,2026-05-28,10:06:00,No,Target,instagram
Large,2026-05-28,11:09:00,Yes,Walmart,google
Large,2026-05-28,12:12:00,No,PetSmart,email
Large,2026-05-28,13:15:00,Yes,Chewy,facebook
Large,2026-05-28,14:18:00,No,Amazon,instagram
Large,2026-05-28,15:21:00,Yes,Target,google
Large,2026-05-28,16:24:00,No,Walmart,email
Large,2026-05-28,17:27:00,Yes,PetSmart,facebook
Large,2026-05-28,18:30:00,No,Chewy,instagram
Large,2026-05-28,19:33:00,Yes,Amazon,google
Large,2026-05-28,08:36:00,No,Target,email
Large,2026-05-28,09:39:00,Yes,Walmart,facebook
Large,2026-05-28,10:42:00,No,PetSmart,instagram
Large,2026-05-28,11:45:00,Yes,Chewy,google
Large,2026-05-28,12:48:00,No,Amazon,email
Large,2026-05-28,13:51:00,Yes,Target,facebook
Large,2026-05-28,14:54:00,No,Walmart,instagram
Large,2026-05-28,15:57:00,Yes,PetSmart,google
Large,2026-05-28,16:00:00,No,Chewy,email
Large,2026-05-28,17:03:00,Yes,Amazon,facebook
Large,2026-05-28,18:06:00,No,Target,instagram
Large,2026-05-28,19:09:00,Yes,Walmart,google
Large,2026-05-28,08:12:00,No,PetSmart,email
Large,2026-05-28,09:15:00,Yes,Chewy,facebook
Large,2026-05-28,10:18:00,No,Amazon,instagram
Large,2026-05-28,11:21:00,Yes,Target,google
Large,2026-05-28,12:24:00,No,Walmart,email
Large,2026-05-28,13:27:00,Yes,PetSmart,facebook
Large,2026-05-28,14:30:00,No,Chewy,instagram
Large,2026-05-28,15:33:00,Yes,Amazon,google
Large,2026-05-28,16:36:00,No,Target,email
Large,2026-05-28,17:39:00,Yes,Walmart,facebook
Large,2026-05-28,18:42:00,No,PetSmart,instagram
Large,2026-05-28,19:45:00,Yes,Chewy,google
Large,2026-05-28,08:48:00,No,Amazon,email
Large,2026-05-28,09:51:00,Yes,Target,facebook
Large,2026-05-28,10:54:00,No,Walmart,instagram
Large,2026-05-28,11:57:00,Yes,PetSmart,google
Large,2026-05-28,12:00:00,No,Chewy,email
Large,2026-05-28,13:03:00,Yes,Amazon,facebook
Large,2026-05-28,14:06:00,No,Target,instagram
Large,2026-05-28,15:09:00,Yes,Walmart,google
Large,2026-05-28,16:12:00,No,PetSmart,email
Large,2026-05-28,17:15:00,Yes,Chewy,facebook
Large,2026-05-28,18:18:00,No,Amazon,instagram
Large,2026-05-28,19:21:00,Yes,Target,google
Large,2026-05-28,08:24:00,No,Walmart,email
Large,2026-05-28,09:27:00,Yes,PetSmart,facebook
Large,2026-05-28,10:30:00,No,Chewy,instagram
Large,2026-05-28,11:33:00,Yes,Amazon,google
Large,2026-05-28,12:36:00,No,Target,email
Large,2026-05-28,13:39:00,Yes,Walmart,facebook
Large,2026-05-28,14:42:00,No,PetSmart,instagram
Large,2026-05-28,15:45:00,Yes,Chewy,google
Large,2026-05-28,16:48:00,No,Amazon,email
Large,2026-05-28,17:51:00,Yes,Target,facebook
Large,2026-05-28,18:54:00,No,Walmart,instagram
Large,2026-05-28,19:57:00,Yes,PetSmart,google
Large,2026-05-28,08:00:00,No,Chewy,email
Large,2026-05-28,09:03:00,Yes,Amazon,facebook
Large,2026-05-28,10:06:00,No,Target,instagram
Large,2026-05-28,11:09:00,Yes,Walmart,google
Large,2026-05-28,12:12:00,No,PetSmart,email
Large,2026-05-28,13:15:00,Yes,Chewy,facebook
Large,2026-05-28,14:18:00,No,Amazon,instagram
Large,2026-05-28,15:21:00,Yes,Target,google
Large,2026-05-28,16:24:00,No,Walmart,email
Large,2026-05-28,17:27:00,Yes,PetSmart,facebook
Large,2026-05-28,18:30:00,No,Chewy,instagram
Large,2026-05-28,19:33:00,Yes,Amazon,google
Large,2026-05-28,08:36:00,No,Target,email
Large,2026-05-28,09:39:00,Yes,Walmart,facebook
Large,2026-05-28,10:42:00,No,PetSmart,instagram
Large,2026-05-28,11:45:00,Yes,Chewy,google
Large,2026-05-28,12:48:00,No,Amazon,email
Large,2026-05-28,13:51:00,Yes,Target,facebook
Large,2026-05-28,14:54:00,No,Walmart,instagram
Large,2026-05-28,15:57:00,Yes,PetSmart,google
Large,2026-05-28,16:00:00,No,Chewy,email
Large,2026-05-28,17:03:00,Yes,Amazon,facebook
Large,2026-05-28,18:06:00,No,Target,instagram
Large,2026-05-28,19:09:00,Yes,Walmart,google
Large,2026-05-28,08:12:00,No,PetSmart,email
Large,2026-05-28,09:15:00,Yes,Chewy,facebook
Large,2026-05-28,10:18:00,No,Amazon,instagram
Large,2026-05-28,11:21:00,Yes,Target,google
Large,2026-05-28,12:24:00,No,Walmart,email
Large,2026-05-28,13:27:00,Yes,PetSmart,facebook
Large,2026-05-28,14:30:00,No,Chewy,instagram
Large,2026-05-28,15:33:00,Yes,Amazon,google
Large,2026-05-28,16:36:00,No,Target,email
Large,2026-05-28,17:39:00,Yes,Walmart,facebook
Large,2026-05-28,18:42:00,No,PetSmart,instagram
Large,2026-05-28,19:45:00,Yes,Chewy,google
Large,2026-05-28,08:48:00,No,Amazon,email
Large,2026-05-28,09:51:00,Yes,Target,facebook
Large,2026-05-28,10:54:00,No,Walmart,instagram
Large,2026-05-28,11:57:00,Yes,PetSmart,google
Large,2026-05-28,12:00:00,No,Chewy,email
Large,2026-05-28,13:03:00,Yes,Amazon,facebook
Large,2026-05-28,14:06:00,No,Target,instagram
Large,2026-05-28,15:09:00,Yes,Walmart,google
Large,2026-05-28,16:12:00,No,PetSmart,email
Large,2026-05-28,17:15:00,Yes,Chewy,facebook
Large,2026-05-28,18:18:00,No,Amazon,instagram
Large,2026-05-28,19:21:00,Yes,Target,google
Large,2026-05-28,08:24:00,No,Walmart,email
Large,2026-05-28,09:27:00,Yes,PetSmart,facebook
Large,2026-05-28,10:30:00,No,Chewy,instagram
Large,2026-05-28,11:33:00,Yes,Amazon,google
Large,2026-05-28,12:36:00,No,Target,email
Large,2026-05-28,13:39:00,Yes,Walmart,facebook
Large,2026-05-28,14:42:00,No,PetSmart,instagram
Large,2026-05-28,15:45:00,Yes,Chewy,google
Large,2026-05-28,16:48:00,No,Amazon,email
Large,2026-05-28,17:51:00,Yes,Target,facebook
Large,2026-05-28,18:54:00,No,Walmart,instagram
Large,2026-05-28,19:57:00,Yes,PetSmart,google
Large,2026-05-28,08:00:00,No,Chewy,email
Large,2026-05-28,09:03:00,Yes,Amazon,facebook
TEENIE,2026-05-29,08:00:00,Yes,Amazon,facebook
TEENIE,2026-05-29,09:03:00,No,Target,instagram
TEENIE,2026-05-29,10:06:00,Yes,Walmart,google
TEENIE,2026-05-29,11:09:00,No,PetSmart,email
TEENIE,2026-05-29,12:12:00,Yes,Chewy,facebook
TEENIE,2026-05-29,13:15:00,No,Amazon,instagram
TEENIE,2026-05-29,14:18:00,Yes,Target,google
TEENIE,2026-05-29,15:21:00,No,Walmart,email
TEENIE,2026-05-29,16:24:00,Yes,PetSmart,facebook
TEENIE,2026-05-29,17:27:00,No,Chewy,instagram
TEENIE,2026-05-29,18:30:00,Yes,Amazon,google
TEENIE,2026-05-29,19:33:00,No,Target,email
TEENIE,2026-05-29,08:36:00,Yes,Walmart,facebook
TEENIE,2026-05-29,09:39:00,No,PetSmart,instagram
TEENIE,2026-05-29,10:42:00,Yes,Chewy,google
TEENIE,2026-05-29,11:45:00,No,Amazon,email
TEENIE,2026-05-29,12:48:00,Yes,Target,facebook
TEENIE,2026-05-29,13:51:00,No,Walmart,instagram
TEENIE,2026-05-29,14:54:00,Yes,PetSmart,google
TEENIE,2026-05-29,15:57:00,No,Chewy,email
TEENIE,2026-05-29,16:00:00,Yes,Amazon,facebook
TEENIE,2026-05-29,17:03:00,No,Target,instagram
TEENIE,2026-05-29,18:06:00,Yes,Walmart,google
TEENIE,2026-05-29,19:09:00,No,PetSmart,email
TEENIE,2026-05-29,08:12:00,Yes,Chewy,facebook
TEENIE,2026-05-29,09:15:00,No,Amazon,instagram
TEENIE,2026-05-29,10:18:00,Yes,Target,google
TEENIE,2026-05-29,11:21:00,No,Walmart,email
TEENIE,2026-05-29,12:24:00,Yes,PetSmart,facebook
TEENIE,2026-05-29,13:27:00,No,Chewy,instagram
TEENIE,2026-05-29,14:30:00,Yes,Amazon,google
TEENIE,2026-05-29,15:33:00,No,Target,email
TEENIE,2026-05-29,16:36:00,Yes,Walmart,facebook
TEENIE,2026-05-29,17:39:00,No,PetSmart,instagram
TEENIE,2026-05-29,18:42:00,Yes,Chewy,google
TEENIE,2026-05-29,19:45:00,No,Amazon,email
TEENIE,2026-05-29,08:48:00,Yes,Target,facebook
TEENIE,2026-05-29,09:51:00,No,Walmart,instagram
TEENIE,2026-05-29,10:54:00,Yes,PetSmart,google
TEENIE,2026-05-29,11:57:00,No,Chewy,email
TEENIE,2026-05-29,12:00:00,Yes,Amazon,facebook
TEENIE,2026-05-29,13:03:00,No,Target,instagram
TEENIE,2026-05-29,14:06:00,Yes,Walmart,google
TEENIE,2026-05-29,15:09:00,No,PetSmart,email
TEENIE,2026-05-29,16:12:00,Yes,Chewy,facebook
TEENIE,2026-05-29,17:15:00,No,Amazon,instagram
TEENIE,2026-05-29,18:18:00,Yes,Target,google
TEENIE,2026-05-29,19:21:00,No,Walmart,email
TEENIE,2026-05-29,08:24:00,Yes,PetSmart,facebook
TEENIE,2026-05-29,09:27:00,No,Chewy,instagram
TEENIE,2026-05-29,10:30:00,Yes,Amazon,google
TEENIE,2026-05-29,11:33:00,No,Target,email
TEENIE,2026-05-29,12:36:00,Yes,Walmart,facebook
TEENIE,2026-05-29,13:39:00,No,PetSmart,instagram
TEENIE,2026-05-29,14:42:00,Yes,Chewy,google
TEENIE,2026-05-29,15:45:00,No,Amazon,email
TEENIE,2026-05-29,16:48:00,Yes,Target,facebook
TEENIE,2026-05-29,17:51:00,No,Walmart,instagram
TEENIE,2026-05-29,18:54:00,Yes,PetSmart,google
TEENIE,2026-05-29,19:57:00,No,Chewy,email
TEENIE,2026-05-29,08:00:00,Yes,Amazon,facebook
TEENIE,2026-05-29,09:03:00,No,Target,instagram
TEENIE,2026-05-29,10:06:00,Yes,Walmart,google
TEENIE,2026-05-29,11:09:00,No,PetSmart,email
TEENIE,2026-05-29,12:12:00,Yes,Chewy,facebook
TEENIE,2026-05-29,13:15:00,No,Amazon,instagram
TEENIE,2026-05-29,14:18:00,Yes,Target,google
TEENIE,2026-05-29,15:21:00,No,Walmart,email
TEENIE,2026-05-29,16:24:00,Yes,PetSmart,facebook
TEENIE,2026-05-29,17:27:00,No,Chewy,instagram
TEENIE,2026-05-29,18:30:00,Yes,Amazon,google
TEENIE,2026-05-29,19:33:00,No,Target,email
TEENIE,2026-05-29,08:36:00,Yes,Walmart,facebook
TEENIE,2026-05-29,09:39:00,No,PetSmart,instagram
TEENIE,2026-05-29,10:42:00,Yes,Chewy,google
TEENIE,2026-05-29,11:45:00,No,Amazon,email
TEENIE,2026-05-29,12:48:00,Yes,Target,facebook
TEENIE,2026-05-29,13:51:00,No,Walmart,instagram
TEENIE,2026-05-29,14:54:00,Yes,PetSmart,google
TEENIE,2026-05-29,15:57:00,No,Chewy,email
TEENIE,2026-05-29,16:00:00,Yes,Amazon,facebook
TEENIE,2026-05-29,17:03:00,No,Target,instagram
TEENIE,2026-05-29,18:06:00,Yes,Walmart,google
TEENIE,2026-05-29,19:09:00,No,PetSmart,email
TEENIE,2026-05-29,08:12:00,Yes,Chewy,facebook
TEENIE,2026-05-29,09:15:00,No,Amazon,instagram
TEENIE,2026-05-29,10:18:00,Yes,Target,google
TEENIE,2026-05-29,11:21:00,No,Walmart,email
TEENIE,2026-05-29,12:24:00,Yes,PetSmart,facebook
TEENIE,2026-05-29,13:27:00,No,Chewy,instagram
TEENIE,2026-05-29,14:30:00,Yes,Amazon,google
TEENIE,2026-05-29,15:33:00,No,Target,email
TEENIE,2026-05-29,16:36:00,Yes,Walmart,facebook
TEENIE,2026-05-29,17:39:00,No,PetSmart,instagram
TEENIE,2026-05-29,18:42:00,Yes,Chewy,google
TEENIE,2026-05-29,19:45:00,No,Amazon,email
TEENIE,2026-05-29,08:48:00,Yes,Target,facebook
TEENIE,2026-05-29,09:51:00,No,Walmart,instagram
TEENIE,2026-05-29,10:54:00,Yes,PetSmart,google
TEENIE,2026-05-29,11:57:00,No,Chewy,email
TEENIE,2026-05-29,12:00:00,Yes,Amazon,facebook
TEENIE,2026-05-29,13:03:00,No,Target,instagram
TEENIE,2026-05-29,14:06:00,Yes,Walmart,google
TEENIE,2026-05-29,15:09:00,No,PetSmart,email
TEENIE,2026-05-29,16:12:00,Yes,Chewy,facebook
TEENIE,2026-05-29,17:15:00,No,Amazon,instagram
TEENIE,2026-05-29,18:18:00,Yes,Target,google
TEENIE,2026-05-29,19:21:00,No,Walmart,email
TEENIE,2026-05-29,08:24:00,Yes,PetSmart,facebook
TEENIE,2026-05-29,09:27:00,No,Chewy,instagram
TEENIE,2026-05-29,10:30:00,Yes,Amazon,google
TEENIE,2026-05-29,11:33:00,No,Target,email
TEENIE,2026-05-29,12:36:00,Yes,Walmart,facebook
TEENIE,2026-05-29,13:39:00,No,PetSmart,instagram
TEENIE,2026-05-29,14:42:00,Yes,Chewy,google
TEENIE,2026-05-29,15:45:00,No,Amazon,email
TEENIE,2026-05-29,16:48:00,Yes,Target,facebook
TEENIE,2026-05-29,17:51:00,No,Walmart,instagram
TEENIE,2026-05-29,18:54:00,Yes,PetSmart,google
TEENIE,2026-05-29,19:57:00,No,Chewy,email
TEENIE,2026-05-29,08:00:00,Yes,Amazon,facebook
TEENIE,2026-05-29,09:03:00,No,Target,instagram
TEENIE,2026-05-29,10:06:00,Yes,Walmart,google
TEENIE,2026-05-29,11:09:00,No,PetSmart,email
TEENIE,2026-05-29,12:12:00,Yes,Chewy,facebook
TEENIE,2026-05-29,13:15:00,No,Amazon,instagram
TEENIE,2026-05-29,14:18:00,Yes,Target,google
TEENIE,2026-05-29,15:21:00,No,Walmart,email
TEENIE,2026-05-29,16:24:00,Yes,PetSmart,facebook
Petite,2026-05-29,08:00:00,Yes,Amazon,facebook
Petite,2026-05-29,09:03:00,No,Target,instagram
Petite,2026-05-29,10:06:00,Yes,Walmart,google
Petite,2026-05-29,11:09:00,No,PetSmart,email
Petite,2026-05-29,12:12:00,Yes,Chewy,facebook
Petite,2026-05-29,13:15:00,No,Amazon,instagram
Petite,2026-05-29,14:18:00,Yes,Target,google
Petite,2026-05-29,15:21:00,No,Walmart,email
Petite,2026-05-29,16:24:00,Yes,PetSmart,facebook
Petite,2026-05-29,17:27:00,No,Chewy,instagram
Petite,2026-05-29,18:30:00,Yes,Amazon,google
Petite,2026-05-29,19:33:00,No,Target,email
Petite,2026-05-29,08:36:00,Yes,Walmart,facebook
Petite,2026-05-29,09:39:00,No,PetSmart,instagram
Petite,2026-05-29,10:42:00,Yes,Chewy,google
Petite,2026-05-29,11:45:00,No,Amazon,email
Petite,2026-05-29,12:48:00,Yes,Target,facebook
Petite,2026-05-29,13:51:00,No,Walmart,instagram
Petite,2026-05-29,14:54:00,Yes,PetSmart,google
Petite,2026-05-29,15:57:00,No,Chewy,email
Petite,2026-05-29,16:00:00,Yes,Amazon,facebook
Petite,2026-05-29,17:03:00,No,Target,instagram
Petite,2026-05-29,18:06:00,Yes,Walmart,google
Petite,2026-05-29,19:09:00,No,PetSmart,email
Petite,2026-05-29,08:12:00,Yes,Chewy,facebook
Petite,2026-05-29,09:15:00,No,Amazon,instagram
Petite,2026-05-29,10:18:00,Yes,Target,google
Petite,2026-05-29,11:21:00,No,Walmart,email
Petite,2026-05-29,12:24:00,Yes,PetSmart,facebook
Petite,2026-05-29,13:27:00,No,Chewy,instagram
Petite,2026-05-29,14:30:00,Yes,Amazon,google
Petite,2026-05-29,15:33:00,No,Target,email
Petite,2026-05-29,16:36:00,Yes,Walmart,facebook
Petite,2026-05-29,17:39:00,No,PetSmart,instagram
Petite,2026-05-29,18:42:00,Yes,Chewy,google
Petite,2026-05-29,19:45:00,No,Amazon,email
Petite,2026-05-29,08:48:00,Yes,Target,facebook
Petite,2026-05-29,09:51:00,No,Walmart,instagram
Petite,2026-05-29,10:54:00,Yes,PetSmart,google
Petite,2026-05-29,11:57:00,No,Chewy,email
Petite,2026-05-29,12:00:00,Yes,Amazon,facebook
Petite,2026-05-29,13:03:00,No,Target,instagram
Petite,2026-05-29,14:06:00,Yes,Walmart,google
Petite,2026-05-29,15:09:00,No,PetSmart,email
Petite,2026-05-29,16:12:00,Yes,Chewy,facebook
Petite,2026-05-29,17:15:00,No,Amazon,instagram
Petite,2026-05-29,18:18:00,Yes,Target,google
Petite,2026-05-29,19:21:00,No,Walmart,email
Petite,2026-05-29,08:24:00,Yes,PetSmart,facebook
Petite,2026-05-29,09:27:00,No,Chewy,instagram
Petite,2026-05-29,10:30:00,Yes,Amazon,google
Petite,2026-05-29,11:33:00,No,Target,email
Petite,2026-05-29,12:36:00,Yes,Walmart,facebook
Petite,2026-05-29,13:39:00,No,PetSmart,instagram
Petite,2026-05-29,14:42:00,Yes,Chewy,google
Petite,2026-05-29,15:45:00,No,Amazon,email
Petite,2026-05-29,16:48:00,Yes,Target,facebook
Petite,2026-05-29,17:51:00,No,Walmart,instagram
Petite,2026-05-29,18:54:00,Yes,PetSmart,google
Petite,2026-05-29,19:57:00,No,Chewy,email
Petite,2026-05-29,08:00:00,Yes,Amazon,facebook
Petite,2026-05-29,09:03:00,No,Target,instagram
Petite,2026-05-29,10:06:00,Yes,Walmart,google
Petite,2026-05-29,11:09:00,No,PetSmart,email
Petite,2026-05-29,12:12:00,Yes,Chewy,facebook
Petite,2026-05-29,13:15:00,No,Amazon,instagram
Petite,2026-05-29,14:18:00,Yes,Target,google
Petite,2026-05-29,15:21:00,No,Walmart,email
Petite,2026-05-29,16:24:00,Yes,PetSmart,facebook
Petite,2026-05-29,17:27:00,No,Chewy,instagram
Petite,2026-05-29,18:30:00,Yes,Amazon,google
Petite,2026-05-29,19:33:00,No,Target,email
Petite,2026-05-29,08:36:00,Yes,Walmart,facebook
Petite,2026-05-29,09:39:00,No,PetSmart,instagram
Petite,2026-05-29,10:42:00,Yes,Chewy,google
Petite,2026-05-29,11:45:00,No,Amazon,email
Petite,2026-05-29,12:48:00,Yes,Target,facebook
Petite,2026-05-29,13:51:00,No,Walmart,instagram
Petite,2026-05-29,14:54:00,Yes,PetSmart,google
Petite,2026-05-29,15:57:00,No,Chewy,email
Petite,2026-05-29,16:00:00,Yes,Amazon,facebook
Petite,2026-05-29,17:03:00,No,Target,instagram
Petite,2026-05-29,18:06:00,Yes,Walmart,google
Petite,2026-05-29,19:09:00,No,PetSmart,email
Petite,2026-05-29,08:12:00,Yes,Chewy,facebook
Petite,2026-05-29,09:15:00,No,Amazon,instagram
Petite,2026-05-29,10:18:00,Yes,Target,google
Petite,2026-05-29,11:21:00,No,Walmart,email
Petite,2026-05-29,12:24:00,Yes,PetSmart,facebook
Petite,2026-05-29,13:27:00,No,Chewy,instagram
Petite,2026-05-29,14:30:00,Yes,Amazon,google
Petite,2026-05-29,15:33:00,No,Target,email
Petite,2026-05-29,16:36:00,Yes,Walmart,facebook
Petite,2026-05-29,17:39:00,No,PetSmart,instagram
Petite,2026-05-29,18:42:00,Yes,Chewy,google
Petite,2026-05-29,19:45:00,No,Amazon,email
Petite,2026-05-29,08:48:00,Yes,Target,facebook
Petite,2026-05-29,09:51:00,No,Walmart,instagram
Petite,2026-05-29,10:54:00,Yes,PetSmart,google
Regular,2026-05-29,08:00:00,Yes,Amazon,facebook
Regular,2026-05-29,09:03:00,No,Target,instagram
Regular,2026-05-29,10:06:00,Yes,Walmart,google
Regular,2026-05-29,11:09:00,No,PetSmart,email
Regular,2026-05-29,12:12:00,Yes,Chewy,facebook
Regular,2026-05-29,13:15:00,No,Amazon,instagram
Regular,2026-05-29,14:18:00,Yes,Target,google
Regular,2026-05-29,15:21:00,No,Walmart,email
Regular,2026-05-29,16:24:00,Yes,PetSmart,facebook
Regular,2026-05-29,17:27:00,No,Chewy,instagram
Regular,2026-05-29,18:30:00,Yes,Amazon,google
Regular,2026-05-29,19:33:00,No,Target,email
Regular,2026-05-29,08:36:00,Yes,Walmart,facebook
Regular,2026-05-29,09:39:00,No,PetSmart,instagram
Regular,2026-05-29,10:42:00,Yes,Chewy,google
Regular,2026-05-29,11:45:00,No,Amazon,email
Regular,2026-05-29,12:48:00,Yes,Target,facebook
Regular,2026-05-29,13:51:00,No,Walmart,instagram
Regular,2026-05-29,14:54:00,Yes,PetSmart,google
Regular,2026-05-29,15:57:00,No,Chewy,email
Regular,2026-05-29,16:00:00,Yes,Amazon,facebook
Regular,2026-05-29,17:03:00,No,Target,instagram
Regular,2026-05-29,18:06:00,Yes,Walmart,google
Regular,2026-05-29,19:09:00,No,PetSmart,email
Regular,2026-05-29,08:12:00,Yes,Chewy,facebook
Regular,2026-05-29,09:15:00,No,Amazon,instagram
Regular,2026-05-29,10:18:00,Yes,Target,google
Regular,2026-05-29,11:21:00,No,Walmart,email
Regular,2026-05-29,12:24:00,Yes,PetSmart,facebook
Regular,2026-05-29,13:27:00,No,Chewy,instagram
Regular,2026-05-29,14:30:00,Yes,Amazon,google
Regular,2026-05-29,15:33:00,No,Target,email
Regular,2026-05-29,16:36:00,Yes,Walmart,facebook
Regular,2026-05-29,17:39:00,No,PetSmart,instagram
Regular,2026-05-29,18:42:00,Yes,Chewy,google
Regular,2026-05-29,19:45:00,No,Amazon,email
Regular,2026-05-29,08:48:00,Yes,Target,facebook
Regular,2026-05-29,09:51:00,No,Walmart,instagram
Regular,2026-05-29,10:54:00,Yes,PetSmart,google
Regular,2026-05-29,11:57:00,No,Chewy,email
Regular,2026-05-29,12:00:00,Yes,Amazon,facebook
Regular,2026-05-29,13:03:00,No,Target,instagram
Regular,2026-05-29,14:06:00,Yes,Walmart,google
Regular,2026-05-29,15:09:00,No,PetSmart,email
Regular,2026-05-29,16:12:00,Yes,Chewy,facebook
Regular,2026-05-29,17:15:00,No,Amazon,instagram
Regular,2026-05-29,18:18:00,Yes,Target,google
Regular,2026-05-29,19:21:00,No,Walmart,email
Regular,2026-05-29,08:24:00,Yes,PetSmart,facebook
Regular,2026-05-29,09:27:00,No,Chewy,instagram
Regular,2026-05-29,10:30:00,Yes,Amazon,google
Regular,2026-05-29,11:33:00,No,Target,email
Regular,2026-05-29,12:36:00,Yes,Walmart,facebook
Regular,2026-05-29,13:39:00,No,PetSmart,instagram
Regular,2026-05-29,14:42:00,Yes,Chewy,google
Regular,2026-05-29,15:45:00,No,Amazon,email
Regular,2026-05-29,16:48:00,Yes,Target,facebook
Regular,2026-05-29,17:51:00,No,Walmart,instagram
Regular,2026-05-29,18:54:00,Yes,PetSmart,google
Regular,2026-05-29,19:57:00,No,Chewy,email
Regular,2026-05-29,08:00:00,Yes,Amazon,facebook
Regular,2026-05-29,09:03:00,No,Target,instagram
Regular,2026-05-29,10:06:00,Yes,Walmart,google
Regular,2026-05-29,11:09:00,No,PetSmart,email
Regular,2026-05-29,12:12:00,Yes,Chewy,facebook
Regular,2026-05-29,13:15:00,No,Amazon,instagram
Regular,2026-05-29,14:18:00,Yes,Target,google
Regular,2026-05-29,15:21:00,No,Walmart,email
Regular,2026-05-29,16:24:00,Yes,PetSmart,facebook
Regular,2026-05-29,17:27:00,No,Chewy,instagram
Regular,2026-05-29,18:30:00,Yes,Amazon,google
Regular,2026-05-29,19:33:00,No,Target,email
Regular,2026-05-29,08:36:00,Yes,Walmart,facebook
Regular,2026-05-29,09:39:00,No,PetSmart,instagram
Regular,2026-05-29,10:42:00,Yes,Chewy,google
Regular,2026-05-29,11:45:00,No,Amazon,email
Regular,2026-05-29,12:48:00,Yes,Target,facebook
Regular,2026-05-29,13:51:00,No,Walmart,instagram
Regular,2026-05-29,14:54:00,Yes,PetSmart,google
Regular,2026-05-29,15:57:00,No,Chewy,email
Regular,2026-05-29,16:00:00,Yes,Amazon,facebook
Regular,2026-05-29,17:03:00,No,Target,instagram
Regular,2026-05-29,18:06:00,Yes,Walmart,google
Regular,2026-05-29,19:09:00,No,PetSmart,email
Regular,2026-05-29,08:12:00,Yes,Chewy,facebook
Regular,2026-05-29,09:15:00,No,Amazon,instagram
Regular,2026-05-29,10:18:00,Yes,Target,google
Regular,2026-05-29,11:21:00,No,Walmart,email
Regular,2026-05-29,12:24:00,Yes,PetSmart,facebook
Regular,2026-05-29,13:27:00,No,Chewy,instagram
Regular,2026-05-29,14:30:00,Yes,Amazon,google
Regular,2026-05-29,15:33:00,No,Target,email
Regular,2026-05-29,16:36:00,Yes,Walmart,facebook
Regular,2026-05-29,17:39:00,No,PetSmart,instagram
Regular,2026-05-29,18:42:00,Yes,Chewy,google
Regular,2026-05-29,19:45:00,No,Amazon,email
Regular,2026-05-29,08:48:00,Yes,Target,facebook
Regular,2026-05-29,09:51:00,No,Walmart,instagram
Regular,2026-05-29,10:54:00,Yes,PetSmart,google
Regular,2026-05-29,11:57:00,No,Chewy,email
Regular,2026-05-29,12:00:00,Yes,Amazon,facebook
Regular,2026-05-29,13:03:00,No,Target,instagram
Regular,2026-05-29,14:06:00,Yes,Walmart,google
Regular,2026-05-29,15:09:00,No,PetSmart,email
Regular,2026-05-29,16:12:00,Yes,Chewy,facebook
Regular,2026-05-29,17:15:00,No,Amazon,instagram
Regular,2026-05-29,18:18:00,Yes,Target,google
Regular,2026-05-29,19:21:00,No,Walmart,email
Regular,2026-05-29,08:24:00,Yes,PetSmart,facebook
Regular,2026-05-29,09:27:00,No,Chewy,instagram
Regular,2026-05-29,10:30:00,Yes,Amazon,google
Regular,2026-05-29,11:33:00,No,Target,email
Regular,2026-05-29,12:36:00,Yes,Walmart,facebook
Regular,2026-05-29,13:39:00,No,PetSmart,instagram
Regular,2026-05-29,14:42:00,Yes,Chewy,google
Regular,2026-05-29,15:45:00,No,Amazon,email
Regular,2026-05-29,16:48:00,Yes,Target,facebook
Regular,2026-05-29,17:51:00,No,Walmart,instagram
Regular,2026-05-29,18:54:00,Yes,PetSmart,google
Regular,2026-05-29,19:57:00,No,Chewy,email
Regular,2026-05-29,08:00:00,Yes,Amazon,facebook
Regular,2026-05-29,09:03:00,No,Target,instagram
Regular,2026-05-29,10:06:00,Yes,Walmart,google
Regular,2026-05-29,11:09:00,No,PetSmart,email
Regular,2026-05-29,12:12:00,Yes,Chewy,facebook
Regular,2026-05-29,13:15:00,No,Amazon,instagram
Regular,2026-05-29,14:18:00,Yes,Target,google
Regular,2026-05-29,15:21:00,No,Walmart,email
Regular,2026-05-29,16:24:00,Yes,PetSmart,facebook
Regular,2026-05-29,17:27:00,No,Chewy,instagram
Regular,2026-05-29,18:30:00,Yes,Amazon,google
Regular,2026-05-29,19:33:00,No,Target,email
Regular,2026-05-29,08:36:00,Yes,Walmart,facebook
Regular,2026-05-29,09:39:00,No,PetSmart,instagram
Regular,2026-05-29,10:42:00,Yes,Chewy,google
Regular,2026-05-29,11:45:00,No,Amazon,email
Regular,2026-05-29,12:48:00,Yes,Target,facebook
Regular,2026-05-29,13:51:00,No,Walmart,instagram
Regular,2026-05-29,14:54:00,Yes,PetSmart,google
Regular,2026-05-29,15:57:00,No,Chewy,email
Regular,2026-05-29,16:00:00,Yes,Amazon,facebook
Regular,2026-05-29,17:03:00,No,Target,instagram
Regular,2026-05-29,18:06:00,Yes,Walmart,google
Regular,2026-05-29,19:09:00,No,PetSmart,email
Regular,2026-05-29,08:12:00,Yes,Chewy,facebook
Regular,2026-05-29,09:15:00,No,Amazon,instagram
Regular,2026-05-29,10:18:00,Yes,Target,google
Regular,2026-05-29,11:21:00,No,Walmart,email
Regular,2026-05-29,12:24:00,Yes,PetSmart,facebook
Large,2026-05-29,08:00:00,Yes,Amazon,facebook
Large,2026-05-29,09:03:00,No,Target,instagram
Large,2026-05-29,10:06:00,Yes,Walmart,google
Large,2026-05-29,11:09:00,No,PetSmart,email
Large,2026-05-29,12:12:00,Yes,Chewy,facebook
Large,2026-05-29,13:15:00,No,Amazon,instagram
Large,2026-05-29,14:18:00,Yes,Target,google
Large,2026-05-29,15:21:00,No,Walmart,email
Large,2026-05-29,16:24:00,Yes,PetSmart,facebook
Large,2026-05-29,17:27:00,No,Chewy,instagram
Large,2026-05-29,18:30:00,Yes,Amazon,google
Large,2026-05-29,19:33:00,No,Target,email
Large,2026-05-29,08:36:00,Yes,Walmart,facebook
Large,2026-05-29,09:39:00,No,PetSmart,instagram
Large,2026-05-29,10:42:00,Yes,Chewy,google
Large,2026-05-29,11:45:00,No,Amazon,email
Large,2026-05-29,12:48:00,Yes,Target,facebook
Large,2026-05-29,13:51:00,No,Walmart,instagram
Large,2026-05-29,14:54:00,Yes,PetSmart,google
Large,2026-05-29,15:57:00,No,Chewy,email
Large,2026-05-29,16:00:00,Yes,Amazon,facebook
Large,2026-05-29,17:03:00,No,Target,instagram
Large,2026-05-29,18:06:00,Yes,Walmart,google
Large,2026-05-29,19:09:00,No,PetSmart,email
Large,2026-05-29,08:12:00,Yes,Chewy,facebook
Large,2026-05-29,09:15:00,No,Amazon,instagram
Large,2026-05-29,10:18:00,Yes,Target,google
Large,2026-05-29,11:21:00,No,Walmart,email
Large,2026-05-29,12:24:00,Yes,PetSmart,facebook
Large,2026-05-29,13:27:00,No,Chewy,instagram
Large,2026-05-29,14:30:00,Yes,Amazon,google
Large,2026-05-29,15:33:00,No,Target,email
Large,2026-05-29,16:36:00,Yes,Walmart,facebook
Large,2026-05-29,17:39:00,No,PetSmart,instagram
Large,2026-05-29,18:42:00,Yes,Chewy,google
Large,2026-05-29,19:45:00,No,Amazon,email
Large,2026-05-29,08:48:00,Yes,Target,facebook
Large,2026-05-29,09:51:00,No,Walmart,instagram
Large,2026-05-29,10:54:00,Yes,PetSmart,google
Large,2026-05-29,11:57:00,No,Chewy,email
Large,2026-05-29,12:00:00,Yes,Amazon,facebook
Large,2026-05-29,13:03:00,No,Target,instagram
Large,2026-05-29,14:06:00,Yes,Walmart,google
Large,2026-05-29,15:09:00,No,PetSmart,email
Large,2026-05-29,16:12:00,Yes,Chewy,facebook
Large,2026-05-29,17:15:00,No,Amazon,instagram
Large,2026-05-29,18:18:00,Yes,Target,google
Large,2026-05-29,19:21:00,No,Walmart,email
Large,2026-05-29,08:24:00,Yes,PetSmart,facebook
Large,2026-05-29,09:27:00,No,Chewy,instagram
Large,2026-05-29,10:30:00,Yes,Amazon,google
Large,2026-05-29,11:33:00,No,Target,email
Large,2026-05-29,12:36:00,Yes,Walmart,facebook
Large,2026-05-29,13:39:00,No,PetSmart,instagram
Large,2026-05-29,14:42:00,Yes,Chewy,google
Large,2026-05-29,15:45:00,No,Amazon,email
Large,2026-05-29,16:48:00,Yes,Target,facebook
Large,2026-05-29,17:51:00,No,Walmart,instagram
Large,2026-05-29,18:54:00,Yes,PetSmart,google
Large,2026-05-29,19:57:00,No,Chewy,email
Large,2026-05-29,08:00:00,Yes,Amazon,facebook
Large,2026-05-29,09:03:00,No,Target,instagram
Large,2026-05-29,10:06:00,Yes,Walmart,google
Large,2026-05-29,11:09:00,No,PetSmart,email
Large,2026-05-29,12:12:00,Yes,Chewy,facebook
Large,2026-05-29,13:15:00,No,Amazon,instagram
Large,2026-05-29,14:18:00,Yes,Target,google
Large,2026-05-29,15:21:00,No,Walmart,email
Large,2026-05-29,16:24:00,Yes,PetSmart,facebook
Large,2026-05-29,17:27:00,No,Chewy,instagram
Large,2026-05-29,18:30:00,Yes,Amazon,google
Large,2026-05-29,19:33:00,No,Target,email
Large,2026-05-29,08:36:00,Yes,Walmart,facebook
Large,2026-05-29,09:39:00,No,PetSmart,instagram
Large,2026-05-29,10:42:00,Yes,Chewy,google
Large,2026-05-29,11:45:00,No,Amazon,email
Large,2026-05-29,12:48:00,Yes,Target,facebook
Large,2026-05-29,13:51:00,No,Walmart,instagram
Large,2026-05-29,14:54:00,Yes,PetSmart,google
Large,2026-05-29,15:57:00,No,Chewy,email
Large,2026-05-29,16:00:00,Yes,Amazon,facebook
Large,2026-05-29,17:03:00,No,Target,instagram
Large,2026-05-29,18:06:00,Yes,Walmart,google
Large,2026-05-29,19:09:00,No,PetSmart,email
Large,2026-05-29,08:12:00,Yes,Chewy,facebook
Large,2026-05-29,09:15:00,No,Amazon,instagram
Large,2026-05-29,10:18:00,Yes,Target,google
Large,2026-05-29,11:21:00,No,Walmart,email
Large,2026-05-29,12:24:00,Yes,PetSmart,facebook
Large,2026-05-29,13:27:00,No,Chewy,instagram
Large,2026-05-29,14:30:00,Yes,Amazon,google
Large,2026-05-29,15:33:00,No,Target,email
Large,2026-05-29,16:36:00,Yes,Walmart,facebook
Large,2026-05-29,17:39:00,No,PetSmart,instagram
Large,2026-05-29,18:42:00,Yes,Chewy,google
Large,2026-05-29,19:45:00,No,Amazon,email
Large,2026-05-29,08:48:00,Yes,Target,facebook
Large,2026-05-29,09:51:00,No,Walmart,instagram
Large,2026-05-29,10:54:00,Yes,PetSmart,google
Large,2026-05-29,11:57:00,No,Chewy,email
Large,2026-05-29,12:00:00,Yes,Amazon,facebook
Large,2026-05-29,13:03:00,No,Target,instagram
Large,2026-05-29,14:06:00,Yes,Walmart,google
Large,2026-05-29,15:09:00,No,PetSmart,email
Large,2026-05-29,16:12:00,Yes,Chewy,facebook
Large,2026-05-29,17:15:00,No,Amazon,instagram
Large,2026-05-29,18:18:00,Yes,Target,google
Large,2026-05-29,19:21:00,No,Walmart,email
Large,2026-05-29,08:24:00,Yes,PetSmart,facebook
Large,2026-05-29,09:27:00,No,Chewy,instagram
Large,2026-05-29,10:30:00,Yes,Amazon,google
Large,2026-05-29,11:33:00,No,Target,email
Large,2026-05-29,12:36:00,Yes,Walmart,facebook
Large,2026-05-29,13:39:00,No,PetSmart,instagram
Large,2026-05-29,14:42:00,Yes,Chewy,google
Large,2026-05-29,15:45:00,No,Amazon,email
Large,2026-05-29,16:48:00,Yes,Target,facebook
Large,2026-05-29,17:51:00,No,Walmart,instagram
Large,2026-05-29,18:54:00,Yes,PetSmart,google
Large,2026-05-29,19:57:00,No,Chewy,email
Large,2026-05-29,08:00:00,Yes,Amazon,facebook
Large,2026-05-29,09:03:00,No,Target,instagram
Large,2026-05-29,10:06:00,Yes,Walmart,google
Large,2026-05-29,11:09:00,No,PetSmart,email
Large,2026-05-29,12:12:00,Yes,Chewy,facebook
Large,2026-05-29,13:15:00,No,Amazon,instagram
Large,2026-05-29,14:18:00,Yes,Target,google
Large,2026-05-29,15:21:00,No,Walmart,email
Large,2026-05-29,16:24:00,Yes,PetSmart,facebook
Large,2026-05-29,17:27:00,No,Chewy,instagram
Large,2026-05-29,18:30:00,Yes,Amazon,google
Large,2026-05-29,19:33:00,No,Target,email
Large,2026-05-29,08:36:00,Yes,Walmart,facebook
Large,2026-05-29,09:39:00,No,PetSmart,instagram
Large,2026-05-29,10:42:00,Yes,Chewy,google
Large,2026-05-29,11:45:00,No,Amazon,email
Large,2026-05-29,12:48:00,Yes,Target,facebook
Large,2026-05-29,13:51:00,No,Walmart,instagram
Large,2026-05-29,14:54:00,Yes,PetSmart,google
Large,2026-05-29,15:57:00,No,Chewy,email
Large,2026-05-29,16:00:00,Yes,Amazon,facebook
Large,2026-05-29,17:03:00,No,Target,instagram
Large,2026-05-29,18:06:00,Yes,Walmart,google
Large,2026-05-29,19:09:00,No,PetSmart,email
Large,2026-05-29,08:12:00,Yes,Chewy,facebook
Large,2026-05-29,09:15:00,No,Amazon,instagram
Large,2026-05-29,10:18:00,Yes,Target,google
Large,2026-05-29,11:21:00,No,Walmart,email
Large,2026-05-29,12:24:00,Yes,PetSmart,facebook
Large,2026-05-29,13:27:00,No,Chewy,instagram
Large,2026-05-29,14:30:00,Yes,Amazon,google
Large,2026-05-29,15:33:00,No,Target,email
Large,2026-05-29,16:36:00,Yes,Walmart,facebook
Large,2026-05-29,17:39:00,No,PetSmart,instagram
Large,2026-05-29,18:42:00,Yes,Chewy,google
Large,2026-05-29,19:45:00,No,Amazon,email
Large,2026-05-29,08:48:00,Yes,Target,facebook
Large,2026-05-29,09:51:00,No,Walmart,instagram
Large,2026-05-29,10:54:00,Yes,PetSmart,google
Large,2026-05-29,11:57:00,No,Chewy,email
Large,2026-05-29,12:00:00,Yes,Amazon,facebook
Large,2026-05-29,13:03:00,No,Target,instagram
Large,2026-05-29,14:06:00,Yes,Walmart,google
Large,2026-05-29,15:09:00,No,PetSmart,email
Large,2026-05-29,16:12:00,Yes,Chewy,facebook
Large,2026-05-29,17:15:00,No,Amazon,instagram
Large,2026-05-29,18:18:00,Yes,Target,google
Large,2026-05-29,19:21:00,No,Walmart,email
Large,2026-05-29,08:24:00,Yes,PetSmart,facebook
Large,2026-05-29,09:27:00,No,Chewy,instagram
Large,2026-05-29,10:30:00,Yes,Amazon,google
Large,2026-05-29,11:33:00,No,Target,email
Large,2026-05-29,12:36:00,Yes,Walmart,facebook
Large,2026-05-29,13:39:00,No,PetSmart,instagram
Large,2026-05-29,14:42:00,Yes,Chewy,google
Large,2026-05-29,15:45:00,No,Amazon,email
Large,2026-05-29,16:48:00,Yes,Target,facebook
Large,2026-05-29,17:51:00,No,Walmart,instagram
Large,2026-05-29,18:54:00,Yes,PetSmart,google
Large,2026-05-29,19:57:00,No,Chewy,email
Large,2026-05-29,08:00:00,Yes,Amazon,facebook
Large,2026-05-29,09:03:00,No,Target,instagram
Large,2026-05-29,10:06:00,Yes,Walmart,google
Large,2026-05-29,11:09:00,No,PetSmart,email
Large,2026-05-29,12:12:00,Yes,Chewy,facebook
Large,2026-05-29,13:15:00,No,Amazon,instagram
Large,2026-05-29,14:18:00,Yes,Target,google
Large,2026-05-29,15:21:00,No,Walmart,email
Large,2026-05-29,16:24:00,Yes,PetSmart,facebook
TEENIE,2026-05-30,08:00:00,No,Target,instagram
TEENIE,2026-05-30,09:03:00,Yes,Walmart,google
TEENIE,2026-05-30,10:06:00,No,PetSmart,email
TEENIE,2026-05-30,11:09:00,Yes,Chewy,facebook
TEENIE,2026-05-30,12:12:00,No,Amazon,instagram
TEENIE,2026-05-30,13:15:00,Yes,Target,google
TEENIE,2026-05-30,14:18:00,No,Walmart,email
TEENIE,2026-05-30,15:21:00,Yes,PetSmart,facebook
TEENIE,2026-05-30,16:24:00,No,Chewy,instagram
TEENIE,2026-05-30,17:27:00,Yes,Amazon,google
TEENIE,2026-05-30,18:30:00,No,Target,email
TEENIE,2026-05-30,19:33:00,Yes,Walmart,facebook
TEENIE,2026-05-30,08:36:00,No,PetSmart,instagram
TEENIE,2026-05-30,09:39:00,Yes,Chewy,google
TEENIE,2026-05-30,10:42:00,No,Amazon,email
TEENIE,2026-05-30,11:45:00,Yes,Target,facebook
TEENIE,2026-05-30,12:48:00,No,Walmart,instagram
TEENIE,2026-05-30,13:51:00,Yes,PetSmart,google
TEENIE,2026-05-30,14:54:00,No,Chewy,email
TEENIE,2026-05-30,15:57:00,Yes,Amazon,facebook
TEENIE,2026-05-30,16:00:00,No,Target,instagram
TEENIE,2026-05-30,17:03:00,Yes,Walmart,google
TEENIE,2026-05-30,18:06:00,No,PetSmart,email
TEENIE,2026-05-30,19:09:00,Yes,Chewy,facebook
TEENIE,2026-05-30,08:12:00,No,Amazon,instagram
TEENIE,2026-05-30,09:15:00,Yes,Target,google
TEENIE,2026-05-30,10:18:00,No,Walmart,email
TEENIE,2026-05-30,11:21:00,Yes,PetSmart,facebook
TEENIE,2026-05-30,12:24:00,No,Chewy,instagram
TEENIE,2026-05-30,13:27:00,Yes,Amazon,google
TEENIE,2026-05-30,14:30:00,No,Target,email
TEENIE,2026-05-30,15:33:00,Yes,Walmart,facebook
TEENIE,2026-05-30,16:36:00,No,PetSmart,instagram
TEENIE,2026-05-30,17:39:00,Yes,Chewy,google
TEENIE,2026-05-30,18:42:00,No,Amazon,email
TEENIE,2026-05-30,19:45:00,Yes,Target,facebook
TEENIE,2026-05-30,08:48:00,No,Walmart,instagram
TEENIE,2026-05-30,09:51:00,Yes,PetSmart,google
TEENIE,2026-05-30,10:54:00,No,Chewy,email
TEENIE,2026-05-30,11:57:00,Yes,Amazon,facebook
TEENIE,2026-05-30,12:00:00,No,Target,instagram
TEENIE,2026-05-30,13:03:00,Yes,Walmart,google
TEENIE,2026-05-30,14:06:00,No,PetSmart,email
TEENIE,2026-05-30,15:09:00,Yes,Chewy,facebook
TEENIE,2026-05-30,16:12:00,No,Amazon,instagram
TEENIE,2026-05-30,17:15:00,Yes,Target,google
TEENIE,2026-05-30,18:18:00,No,Walmart,email
TEENIE,2026-05-30,19:21:00,Yes,PetSmart,facebook
TEENIE,2026-05-30,08:24:00,No,Chewy,instagram
TEENIE,2026-05-30,09:27:00,Yes,Amazon,google
TEENIE,2026-05-30,10:30:00,No,Target,email
TEENIE,2026-05-30,11:33:00,Yes,Walmart,facebook
TEENIE,2026-05-30,12:36:00,No,PetSmart,instagram
TEENIE,2026-05-30,13:39:00,Yes,Chewy,google
TEENIE,2026-05-30,14:42:00,No,Amazon,email
TEENIE,2026-05-30,15:45:00,Yes,Target,facebook
TEENIE,2026-05-30,16:48:00,No,Walmart,instagram
TEENIE,2026-05-30,17:51:00,Yes,PetSmart,google
TEENIE,2026-05-30,18:54:00,No,Chewy,email
TEENIE,2026-05-30,19:57:00,Yes,Amazon,facebook
TEENIE,2026-05-30,08:00:00,No,Target,instagram
TEENIE,2026-05-30,09:03:00,Yes,Walmart,google
TEENIE,2026-05-30,10:06:00,No,PetSmart,email
TEENIE,2026-05-30,11:09:00,Yes,Chewy,facebook
TEENIE,2026-05-30,12:12:00,No,Amazon,instagram
TEENIE,2026-05-30,13:15:00,Yes,Target,google
TEENIE,2026-05-30,14:18:00,No,Walmart,email
TEENIE,2026-05-30,15:21:00,Yes,PetSmart,facebook
TEENIE,2026-05-30,16:24:00,No,Chewy,instagram
TEENIE,2026-05-30,17:27:00,Yes,Amazon,google
TEENIE,2026-05-30,18:30:00,No,Target,email
TEENIE,2026-05-30,19:33:00,Yes,Walmart,facebook
TEENIE,2026-05-30,08:36:00,No,PetSmart,instagram
TEENIE,2026-05-30,09:39:00,Yes,Chewy,google
TEENIE,2026-05-30,10:42:00,No,Amazon,email
TEENIE,2026-05-30,11:45:00,Yes,Target,facebook
TEENIE,2026-05-30,12:48:00,No,Walmart,instagram
TEENIE,2026-05-30,13:51:00,Yes,PetSmart,google
TEENIE,2026-05-30,14:54:00,No,Chewy,email
TEENIE,2026-05-30,15:57:00,Yes,Amazon,facebook
TEENIE,2026-05-30,16:00:00,No,Target,instagram
TEENIE,2026-05-30,17:03:00,Yes,Walmart,google
TEENIE,2026-05-30,18:06:00,No,PetSmart,email
TEENIE,2026-05-30,19:09:00,Yes,Chewy,facebook
TEENIE,2026-05-30,08:12:00,No,Amazon,instagram
TEENIE,2026-05-30,09:15:00,Yes,Target,google
TEENIE,2026-05-30,10:18:00,No,Walmart,email
TEENIE,2026-05-30,11:21:00,Yes,PetSmart,facebook
TEENIE,2026-05-30,12:24:00,No,Chewy,instagram
TEENIE,2026-05-30,13:27:00,Yes,Amazon,google
TEENIE,2026-05-30,14:30:00,No,Target,email
TEENIE,2026-05-30,15:33:00,Yes,Walmart,facebook
TEENIE,2026-05-30,16:36:00,No,PetSmart,instagram
TEENIE,2026-05-30,17:39:00,Yes,Chewy,google
TEENIE,2026-05-30,18:42:00,No,Amazon,email
TEENIE,2026-05-30,19:45:00,Yes,Target,facebook
TEENIE,2026-05-30,08:48:00,No,Walmart,instagram
TEENIE,2026-05-30,09:51:00,Yes,PetSmart,google
TEENIE,2026-05-30,10:54:00,No,Chewy,email
TEENIE,2026-05-30,11:57:00,Yes,Amazon,facebook
TEENIE,2026-05-30,12:00:00,No,Target,instagram
TEENIE,2026-05-30,13:03:00,Yes,Walmart,google
TEENIE,2026-05-30,14:06:00,No,PetSmart,email
TEENIE,2026-05-30,15:09:00,Yes,Chewy,facebook
TEENIE,2026-05-30,16:12:00,No,Amazon,instagram
TEENIE,2026-05-30,17:15:00,Yes,Target,google
TEENIE,2026-05-30,18:18:00,No,Walmart,email
TEENIE,2026-05-30,19:21:00,Yes,PetSmart,facebook
TEENIE,2026-05-30,08:24:00,No,Chewy,instagram
TEENIE,2026-05-30,09:27:00,Yes,Amazon,google
TEENIE,2026-05-30,10:30:00,No,Target,email
Petite,2026-05-30,08:00:00,No,Target,instagram
Petite,2026-05-30,09:03:00,Yes,Walmart,google
Petite,2026-05-30,10:06:00,No,PetSmart,email
Petite,2026-05-30,11:09:00,Yes,Chewy,facebook
Petite,2026-05-30,12:12:00,No,Amazon,instagram
Petite,2026-05-30,13:15:00,Yes,Target,google
Petite,2026-05-30,14:18:00,No,Walmart,email
Petite,2026-05-30,15:21:00,Yes,PetSmart,facebook
Petite,2026-05-30,16:24:00,No,Chewy,instagram
Petite,2026-05-30,17:27:00,Yes,Amazon,google
Petite,2026-05-30,18:30:00,No,Target,email
Petite,2026-05-30,19:33:00,Yes,Walmart,facebook
Petite,2026-05-30,08:36:00,No,PetSmart,instagram
Petite,2026-05-30,09:39:00,Yes,Chewy,google
Petite,2026-05-30,10:42:00,No,Amazon,email
Petite,2026-05-30,11:45:00,Yes,Target,facebook
Petite,2026-05-30,12:48:00,No,Walmart,instagram
Petite,2026-05-30,13:51:00,Yes,PetSmart,google
Petite,2026-05-30,14:54:00,No,Chewy,email
Petite,2026-05-30,15:57:00,Yes,Amazon,facebook
Petite,2026-05-30,16:00:00,No,Target,instagram
Petite,2026-05-30,17:03:00,Yes,Walmart,google
Petite,2026-05-30,18:06:00,No,PetSmart,email
Petite,2026-05-30,19:09:00,Yes,Chewy,facebook
Petite,2026-05-30,08:12:00,No,Amazon,instagram
Petite,2026-05-30,09:15:00,Yes,Target,google
Petite,2026-05-30,10:18:00,No,Walmart,email
Petite,2026-05-30,11:21:00,Yes,PetSmart,facebook
Petite,2026-05-30,12:24:00,No,Chewy,instagram
Petite,2026-05-30,13:27:00,Yes,Amazon,google
Petite,2026-05-30,14:30:00,No,Target,email
Petite,2026-05-30,15:33:00,Yes,Walmart,facebook
Petite,2026-05-30,16:36:00,No,PetSmart,instagram
Petite,2026-05-30,17:39:00,Yes,Chewy,google
Petite,2026-05-30,18:42:00,No,Amazon,email
Petite,2026-05-30,19:45:00,Yes,Target,facebook
Petite,2026-05-30,08:48:00,No,Walmart,instagram
Petite,2026-05-30,09:51:00,Yes,PetSmart,google
Petite,2026-05-30,10:54:00,No,Chewy,email
Petite,2026-05-30,11:57:00,Yes,Amazon,facebook
Petite,2026-05-30,12:00:00,No,Target,instagram
Petite,2026-05-30,13:03:00,Yes,Walmart,google
Petite,2026-05-30,14:06:00,No,PetSmart,email
Petite,2026-05-30,15:09:00,Yes,Chewy,facebook
Petite,2026-05-30,16:12:00,No,Amazon,instagram
Petite,2026-05-30,17:15:00,Yes,Target,google
Petite,2026-05-30,18:18:00,No,Walmart,email
Petite,2026-05-30,19:21:00,Yes,PetSmart,facebook
Petite,2026-05-30,08:24:00,No,Chewy,instagram
Petite,2026-05-30,09:27:00,Yes,Amazon,google
Petite,2026-05-30,10:30:00,No,Target,email
Petite,2026-05-30,11:33:00,Yes,Walmart,facebook
Petite,2026-05-30,12:36:00,No,PetSmart,instagram
Petite,2026-05-30,13:39:00,Yes,Chewy,google
Petite,2026-05-30,14:42:00,No,Amazon,email
Petite,2026-05-30,15:45:00,Yes,Target,facebook
Petite,2026-05-30,16:48:00,No,Walmart,instagram
Petite,2026-05-30,17:51:00,Yes,PetSmart,google
Petite,2026-05-30,18:54:00,No,Chewy,email
Petite,2026-05-30,19:57:00,Yes,Amazon,facebook
Petite,2026-05-30,08:00:00,No,Target,instagram
Petite,2026-05-30,09:03:00,Yes,Walmart,google
Petite,2026-05-30,10:06:00,No,PetSmart,email
Petite,2026-05-30,11:09:00,Yes,Chewy,facebook
Petite,2026-05-30,12:12:00,No,Amazon,instagram
Petite,2026-05-30,13:15:00,Yes,Target,google
Petite,2026-05-30,14:18:00,No,Walmart,email
Petite,2026-05-30,15:21:00,Yes,PetSmart,facebook
Petite,2026-05-30,16:24:00,No,Chewy,instagram
Petite,2026-05-30,17:27:00,Yes,Amazon,google
Petite,2026-05-30,18:30:00,No,Target,email
Petite,2026-05-30,19:33:00,Yes,Walmart,facebook
Petite,2026-05-30,08:36:00,No,PetSmart,instagram
Petite,2026-05-30,09:39:00,Yes,Chewy,google
Petite,2026-05-30,10:42:00,No,Amazon,email
Petite,2026-05-30,11:45:00,Yes,Target,facebook
Petite,2026-05-30,12:48:00,No,Walmart,instagram
Petite,2026-05-30,13:51:00,Yes,PetSmart,google
Petite,2026-05-30,14:54:00,No,Chewy,email
Petite,2026-05-30,15:57:00,Yes,Amazon,facebook
Petite,2026-05-30,16:00:00,No,Target,instagram
Regular,2026-05-30,08:00:00,No,Target,instagram
Regular,2026-05-30,09:03:00,Yes,Walmart,google
Regular,2026-05-30,10:06:00,No,PetSmart,email
Regular,2026-05-30,11:09:00,Yes,Chewy,facebook
Regular,2026-05-30,12:12:00,No,Amazon,instagram
Regular,2026-05-30,13:15:00,Yes,Target,google
Regular,2026-05-30,14:18:00,No,Walmart,email
Regular,2026-05-30,15:21:00,Yes,PetSmart,facebook
Regular,2026-05-30,16:24:00,No,Chewy,instagram
Regular,2026-05-30,17:27:00,Yes,Amazon,google
Regular,2026-05-30,18:30:00,No,Target,email
Regular,2026-05-30,19:33:00,Yes,Walmart,facebook
Regular,2026-05-30,08:36:00,No,PetSmart,instagram
Regular,2026-05-30,09:39:00,Yes,Chewy,google
Regular,2026-05-30,10:42:00,No,Amazon,email
Regular,2026-05-30,11:45:00,Yes,Target,facebook
Regular,2026-05-30,12:48:00,No,Walmart,instagram
Regular,2026-05-30,13:51:00,Yes,PetSmart,google
Regular,2026-05-30,14:54:00,No,Chewy,email
Regular,2026-05-30,15:57:00,Yes,Amazon,facebook
Regular,2026-05-30,16:00:00,No,Target,instagram
Regular,2026-05-30,17:03:00,Yes,Walmart,google
Regular,2026-05-30,18:06:00,No,PetSmart,email
Regular,2026-05-30,19:09:00,Yes,Chewy,facebook
Regular,2026-05-30,08:12:00,No,Amazon,instagram
Regular,2026-05-30,09:15:00,Yes,Target,google
Regular,2026-05-30,10:18:00,No,Walmart,email
Regular,2026-05-30,11:21:00,Yes,PetSmart,facebook
Regular,2026-05-30,12:24:00,No,Chewy,instagram
Regular,2026-05-30,13:27:00,Yes,Amazon,google
Regular,2026-05-30,14:30:00,No,Target,email
Regular,2026-05-30,15:33:00,Yes,Walmart,facebook
Regular,2026-05-30,16:36:00,No,PetSmart,instagram
Regular,2026-05-30,17:39:00,Yes,Chewy,google
Regular,2026-05-30,18:42:00,No,Amazon,email
Regular,2026-05-30,19:45:00,Yes,Target,facebook
Regular,2026-05-30,08:48:00,No,Walmart,instagram
Regular,2026-05-30,09:51:00,Yes,PetSmart,google
Regular,2026-05-30,10:54:00,No,Chewy,email
Regular,2026-05-30,11:57:00,Yes,Amazon,facebook
Regular,2026-05-30,12:00:00,No,Target,instagram
Regular,2026-05-30,13:03:00,Yes,Walmart,google
Regular,2026-05-30,14:06:00,No,PetSmart,email
Regular,2026-05-30,15:09:00,Yes,Chewy,facebook
Regular,2026-05-30,16:12:00,No,Amazon,instagram
Regular,2026-05-30,17:15:00,Yes,Target,google
Regular,2026-05-30,18:18:00,No,Walmart,email
Regular,2026-05-30,19:21:00,Yes,PetSmart,facebook
Regular,2026-05-30,08:24:00,No,Chewy,instagram
Regular,2026-05-30,09:27:00,Yes,Amazon,google
Regular,2026-05-30,10:30:00,No,Target,email
Regular,2026-05-30,11:33:00,Yes,Walmart,facebook
Regular,2026-05-30,12:36:00,No,PetSmart,instagram
Regular,2026-05-30,13:39:00,Yes,Chewy,google
Regular,2026-05-30,14:42:00,No,Amazon,email
Regular,2026-05-30,15:45:00,Yes,Target,facebook
Regular,2026-05-30,16:48:00,No,Walmart,instagram
Regular,2026-05-30,17:51:00,Yes,PetSmart,google
Regular,2026-05-30,18:54:00,No,Chewy,email
Regular,2026-05-30,19:57:00,Yes,Amazon,facebook
Regular,2026-05-30,08:00:00,No,Target,instagram
Regular,2026-05-30,09:03:00,Yes,Walmart,google
Regular,2026-05-30,10:06:00,No,PetSmart,email
Regular,2026-05-30,11:09:00,Yes,Chewy,facebook
Regular,2026-05-30,12:12:00,No,Amazon,instagram
Regular,2026-05-30,13:15:00,Yes,Target,google
Regular,2026-05-30,14:18:00,No,Walmart,email
Regular,2026-05-30,15:21:00,Yes,PetSmart,facebook
Regular,2026-05-30,16:24:00,No,Chewy,instagram
Regular,2026-05-30,17:27:00,Yes,Amazon,google
Regular,2026-05-30,18:30:00,No,Target,email
Regular,2026-05-30,19:33:00,Yes,Walmart,facebook
Regular,2026-05-30,08:36:00,No,PetSmart,instagram
Regular,2026-05-30,09:39:00,Yes,Chewy,google
Regular,2026-05-30,10:42:00,No,Amazon,email
Regular,2026-05-30,11:45:00,Yes,Target,facebook
Regular,2026-05-30,12:48:00,No,Walmart,instagram
Regular,2026-05-30,13:51:00,Yes,PetSmart,google
Regular,2026-05-30,14:54:00,No,Chewy,email
Regular,2026-05-30,15:57:00,Yes,Amazon,facebook
Regular,2026-05-30,16:00:00,No,Target,instagram
Regular,2026-05-30,17:03:00,Yes,Walmart,google
Regular,2026-05-30,18:06:00,No,PetSmart,email
Regular,2026-05-30,19:09:00,Yes,Chewy,facebook
Regular,2026-05-30,08:12:00,No,Amazon,instagram
Regular,2026-05-30,09:15:00,Yes,Target,google
Regular,2026-05-30,10:18:00,No,Walmart,email
Regular,2026-05-30,11:21:00,Yes,PetSmart,facebook
Regular,2026-05-30,12:24:00,No,Chewy,instagram
Regular,2026-05-30,13:27:00,Yes,Amazon,google
Regular,2026-05-30,14:30:00,No,Target,email
Regular,2026-05-30,15:33:00,Yes,Walmart,facebook
Regular,2026-05-30,16:36:00,No,PetSmart,instagram
Regular,2026-05-30,17:39:00,Yes,Chewy,google
Regular,2026-05-30,18:42:00,No,Amazon,email
Regular,2026-05-30,19:45:00,Yes,Target,facebook
Regular,2026-05-30,08:48:00,No,Walmart,instagram
Regular,2026-05-30,09:51:00,Yes,PetSmart,google
Regular,2026-05-30,10:54:00,No,Chewy,email
Regular,2026-05-30,11:57:00,Yes,Amazon,facebook
Regular,2026-05-30,12:00:00,No,Target,instagram
Regular,2026-05-30,13:03:00,Yes,Walmart,google
Regular,2026-05-30,14:06:00,No,PetSmart,email
Regular,2026-05-30,15:09:00,Yes,Chewy,facebook
Regular,2026-05-30,16:12:00,No,Amazon,instagram
Regular,2026-05-30,17:15:00,Yes,Target,google
Regular,2026-05-30,18:18:00,No,Walmart,email
Regular,2026-05-30,19:21:00,Yes,PetSmart,facebook
Regular,2026-05-30,08:24:00,No,Chewy,instagram
Regular,2026-05-30,09:27:00,Yes,Amazon,google
Regular,2026-05-30,10:30:00,No,Target,email
Regular,2026-05-30,11:33:00,Yes,Walmart,facebook
Regular,2026-05-30,12:36:00,No,PetSmart,instagram
Regular,2026-05-30,13:39:00,Yes,Chewy,google
Regular,2026-05-30,14:42:00,No,Amazon,email
Regular,2026-05-30,15:45:00,Yes,Target,facebook
Regular,2026-05-30,16:48:00,No,Walmart,instagram
Regular,2026-05-30,17:51:00,Yes,PetSmart,google
Regular,2026-05-30,18:54:00,No,Chewy,email
Regular,2026-05-30,19:57:00,Yes,Amazon,facebook
Regular,2026-05-30,08:00:00,No,Target,instagram
Regular,2026-05-30,09:03:00,Yes,Walmart,google
Regular,2026-05-30,10:06:00,No,PetSmart,email
Regular,2026-05-30,11:09:00,Yes,Chewy,facebook
Regular,2026-05-30,12:12:00,No,Amazon,instagram
Regular,2026-05-30,13:15:00,Yes,Target,google
Regular,2026-05-30,14:18:00,No,Walmart,email
Regular,2026-05-30,15:21:00,Yes,PetSmart,facebook
Regular,2026-05-30,16:24:00,No,Chewy,instagram
Regular,2026-05-30,17:27:00,Yes,Amazon,google
Regular,2026-05-30,18:30:00,No,Target,email
Large,2026-05-30,08:00:00,No,Target,instagram
Large,2026-05-30,09:03:00,Yes,Walmart,google
Large,2026-05-30,10:06:00,No,PetSmart,email
Large,2026-05-30,11:09:00,Yes,Chewy,facebook
Large,2026-05-30,12:12:00,No,Amazon,instagram
Large,2026-05-30,13:15:00,Yes,Target,google
Large,2026-05-30,14:18:00,No,Walmart,email
Large,2026-05-30,15:21:00,Yes,PetSmart,facebook
Large,2026-05-30,16:24:00,No,Chewy,instagram
Large,2026-05-30,17:27:00,Yes,Amazon,google
Large,2026-05-30,18:30:00,No,Target,email
Large,2026-05-30,19:33:00,Yes,Walmart,facebook
Large,2026-05-30,08:36:00,No,PetSmart,instagram
Large,2026-05-30,09:39:00,Yes,Chewy,google
Large,2026-05-30,10:42:00,No,Amazon,email
Large,2026-05-30,11:45:00,Yes,Target,facebook
Large,2026-05-30,12:48:00,No,Walmart,instagram
Large,2026-05-30,13:51:00,Yes,PetSmart,google
Large,2026-05-30,14:54:00,No,Chewy,email
Large,2026-05-30,15:57:00,Yes,Amazon,facebook
Large,2026-05-30,16:00:00,No,Target,instagram
Large,2026-05-30,17:03:00,Yes,Walmart,google
Large,2026-05-30,18:06:00,No,PetSmart,email
Large,2026-05-30,19:09:00,Yes,Chewy,facebook
Large,2026-05-30,08:12:00,No,Amazon,instagram
Large,2026-05-30,09:15:00,Yes,Target,google
Large,2026-05-30,10:18:00,No,Walmart,email
Large,2026-05-30,11:21:00,Yes,PetSmart,facebook
Large,2026-05-30,12:24:00,No,Chewy,instagram
Large,2026-05-30,13:27:00,Yes,Amazon,google
Large,2026-05-30,14:30:00,No,Target,email
Large,2026-05-30,15:33:00,Yes,Walmart,facebook
Large,2026-05-30,16:36:00,No,PetSmart,instagram
Large,2026-05-30,17:39:00,Yes,Chewy,google
Large,2026-05-30,18:42:00,No,Amazon,email
Large,2026-05-30,19:45:00,Yes,Target,facebook
Large,2026-05-30,08:48:00,No,Walmart,instagram
Large,2026-05-30,09:51:00,Yes,PetSmart,google
Large,2026-05-30,10:54:00,No,Chewy,email
Large,2026-05-30,11:57:00,Yes,Amazon,facebook
Large,2026-05-30,12:00:00,No,Target,instagram
Large,2026-05-30,13:03:00,Yes,Walmart,google
Large,2026-05-30,14:06:00,No,PetSmart,email
Large,2026-05-30,15:09:00,Yes,Chewy,facebook
Large,2026-05-30,16:12:00,No,Amazon,instagram
Large,2026-05-30,17:15:00,Yes,Target,google
Large,2026-05-30,18:18:00,No,Walmart,email
Large,2026-05-30,19:21:00,Yes,PetSmart,facebook
Large,2026-05-30,08:24:00,No,Chewy,instagram
Large,2026-05-30,09:27:00,Yes,Amazon,google
Large,2026-05-30,10:30:00,No,Target,email
Large,2026-05-30,11:33:00,Yes,Walmart,facebook
Large,2026-05-30,12:36:00,No,PetSmart,instagram
Large,2026-05-30,13:39:00,Yes,Chewy,google
Large,2026-05-30,14:42:00,No,Amazon,email
Large,2026-05-30,15:45:00,Yes,Target,facebook
Large,2026-05-30,16:48:00,No,Walmart,instagram
Large,2026-05-30,17:51:00,Yes,PetSmart,google
Large,2026-05-30,18:54:00,No,Chewy,email
Large,2026-05-30,19:57:00,Yes,Amazon,facebook
Large,2026-05-30,08:00:00,No,Target,instagram
Large,2026-05-30,09:03:00,Yes,Walmart,google
Large,2026-05-30,10:06:00,No,PetSmart,email
Large,2026-05-30,11:09:00,Yes,Chewy,facebook
Large,2026-05-30,12:12:00,No,Amazon,instagram
Large,2026-05-30,13:15:00,Yes,Target,google
Large,2026-05-30,14:18:00,No,Walmart,email
Large,2026-05-30,15:21:00,Yes,PetSmart,facebook
Large,2026-05-30,16:24:00,No,Chewy,instagram
Large,2026-05-30,17:27:00,Yes,Amazon,google
Large,2026-05-30,18:30:00,No,Target,email
Large,2026-05-30,19:33:00,Yes,Walmart,facebook
Large,2026-05-30,08:36:00,No,PetSmart,instagram
Large,2026-05-30,09:39:00,Yes,Chewy,google
Large,2026-05-30,10:42:00,No,Amazon,email
Large,2026-05-30,11:45:00,Yes,Target,facebook
Large,2026-05-30,12:48:00,No,Walmart,instagram
Large,2026-05-30,13:51:00,Yes,PetSmart,google
Large,2026-05-30,14:54:00,No,Chewy,email
Large,2026-05-30,15:57:00,Yes,Amazon,facebook
Large,2026-05-30,16:00:00,No,Target,instagram
Large,2026-05-30,17:03:00,Yes,Walmart,google
Large,2026-05-30,18:06:00,No,PetSmart,email
Large,2026-05-30,19:09:00,Yes,Chewy,facebook
Large,2026-05-30,08:12:00,No,Amazon,instagram
Large,2026-05-30,09:15:00,Yes,Target,google
Large,2026-05-30,10:18:00,No,Walmart,email
Large,2026-05-30,11:21:00,Yes,PetSmart,facebook
Large,2026-05-30,12:24:00,No,Chewy,instagram
Large,2026-05-30,13:27:00,Yes,Amazon,google
Large,2026-05-30,14:30:00,No,Target,email
Large,2026-05-30,15:33:00,Yes,Walmart,facebook
Large,2026-05-30,16:36:00,No,PetSmart,instagram
Large,2026-05-30,17:39:00,Yes,Chewy,google
Large,2026-05-30,18:42:00,No,Amazon,email
Large,2026-05-30,19:45:00,Yes,Target,facebook
Large,2026-05-30,08:48:00,No,Walmart,instagram
Large,2026-05-30,09:51:00,Yes,PetSmart,google
Large,2026-05-30,10:54:00,No,Chewy,email
Large,2026-05-30,11:57:00,Yes,Amazon,facebook
Large,2026-05-30,12:00:00,No,Target,instagram
Large,2026-05-30,13:03:00,Yes,Walmart,google
Large,2026-05-30,14:06:00,No,PetSmart,email
Large,2026-05-30,15:09:00,Yes,Chewy,facebook
Large,2026-05-30,16:12:00,No,Amazon,instagram
Large,2026-05-30,17:15:00,Yes,Target,google
Large,2026-05-30,18:18:00,No,Walmart,email
Large,2026-05-30,19:21:00,Yes,PetSmart,facebook
Large,2026-05-30,08:24:00,No,Chewy,instagram
Large,2026-05-30,09:27:00,Yes,Amazon,google
Large,2026-05-30,10:30:00,No,Target,email
Large,2026-05-30,11:33:00,Yes,Walmart,facebook
Large,2026-05-30,12:36:00,No,PetSmart,instagram
Large,2026-05-30,13:39:00,Yes,Chewy,google
Large,2026-05-30,14:42:00,No,Amazon,email
Large,2026-05-30,15:45:00,Yes,Target,facebook
Large,2026-05-30,16:48:00,No,Walmart,instagram
Large,2026-05-30,17:51:00,Yes,PetSmart,google
Large,2026-05-30,18:54:00,No,Chewy,email
Large,2026-05-30,19:57:00,Yes,Amazon,facebook
Large,2026-05-30,08:00:00,No,Target,instagram
Large,2026-05-30,09:03:00,Yes,Walmart,google
Large,2026-05-30,10:06:00,No,PetSmart,email
Large,2026-05-30,11:09:00,Yes,Chewy,facebook
Large,2026-05-30,12:12:00,No,Amazon,instagram
Large,2026-05-30,13:15:00,Yes,Target,google
Large,2026-05-30,14:18:00,No,Walmart,email
Large,2026-05-30,15:21:00,Yes,PetSmart,facebook
Large,2026-05-30,16:24:00,No,Chewy,instagram
Large,2026-05-30,17:27:00,Yes,Amazon,google
Large,2026-05-30,18:30:00,No,Target,email
Large,2026-05-30,19:33:00,Yes,Walmart,facebook
Large,2026-05-30,08:36:00,No,PetSmart,instagram
Large,2026-05-30,09:39:00,Yes,Chewy,google
Large,2026-05-30,10:42:00,No,Amazon,email
Large,2026-05-30,11:45:00,Yes,Target,facebook
Large,2026-05-30,12:48:00,No,Walmart,instagram
Large,2026-05-30,13:51:00,Yes,PetSmart,google
Large,2026-05-30,14:54:00,No,Chewy,email
Large,2026-05-30,15:57:00,Yes,Amazon,facebook
Large,2026-05-30,16:00:00,No,Target,instagram
Large,2026-05-30,17:03:00,Yes,Walmart,google
Large,2026-05-30,18:06:00,No,PetSmart,email
Large,2026-05-30,19:09:00,Yes,Chewy,facebook
Large,2026-05-30,08:12:00,No,Amazon,instagram
Large,2026-05-30,09:15:00,Yes,Target,google
Large,2026-05-30,10:18:00,No,Walmart,email
Large,2026-05-30,11:21:00,Yes,PetSmart,facebook
Large,2026-05-30,12:24:00,No,Chewy,instagram
Large,2026-05-30,13:27:00,Yes,Amazon,google
Large,2026-05-30,14:30:00,No,Target,email
Large,2026-05-30,15:33:00,Yes,Walmart,facebook
Large,2026-05-30,16:36:00,No,PetSmart,instagram
Large,2026-05-30,17:39:00,Yes,Chewy,google
Large,2026-05-30,18:42:00,No,Amazon,email
Large,2026-05-30,19:45:00,Yes,Target,facebook
Large,2026-05-30,08:48:00,No,Walmart,instagram
Large,2026-05-30,09:51:00,Yes,PetSmart,google
Large,2026-05-30,10:54:00,No,Chewy,email
Large,2026-05-30,11:57:00,Yes,Amazon,facebook
Large,2026-05-30,12:00:00,No,Target,instagram
Large,2026-05-30,13:03:00,Yes,Walmart,google
Large,2026-05-30,14:06:00,No,PetSmart,email
Large,2026-05-30,15:09:00,Yes,Chewy,facebook
Large,2026-05-30,16:12:00,No,Amazon,instagram
Large,2026-05-30,17:15:00,Yes,Target,google
Large,2026-05-30,18:18:00,No,Walmart,email
Large,2026-05-30,19:21:00,Yes,PetSmart,facebook
Large,2026-05-30,08:24:00,No,Chewy,instagram
Large,2026-05-30,09:27:00,Yes,Amazon,google
Large,2026-05-30,10:30:00,No,Target,email
TEENIE,2026-05-31,08:00:00,Yes,Walmart,google
TEENIE,2026-05-31,09:03:00,No,PetSmart,email
TEENIE,2026-05-31,10:06:00,Yes,Chewy,facebook
TEENIE,2026-05-31,11:09:00,No,Amazon,instagram
TEENIE,2026-05-31,12:12:00,Yes,Target,google
TEENIE,2026-05-31,13:15:00,No,Walmart,email
TEENIE,2026-05-31,14:18:00,Yes,PetSmart,facebook
TEENIE,2026-05-31,15:21:00,No,Chewy,instagram
TEENIE,2026-05-31,16:24:00,Yes,Amazon,google
TEENIE,2026-05-31,17:27:00,No,Target,email
TEENIE,2026-05-31,18:30:00,Yes,Walmart,facebook
TEENIE,2026-05-31,19:33:00,No,PetSmart,instagram
TEENIE,2026-05-31,08:36:00,Yes,Chewy,google
TEENIE,2026-05-31,09:39:00,No,Amazon,email
TEENIE,2026-05-31,10:42:00,Yes,Target,facebook
TEENIE,2026-05-31,11:45:00,No,Walmart,instagram
TEENIE,2026-05-31,12:48:00,Yes,PetSmart,google
TEENIE,2026-05-31,13:51:00,No,Chewy,email
TEENIE,2026-05-31,14:54:00,Yes,Amazon,facebook
TEENIE,2026-05-31,15:57:00,No,Target,instagram
TEENIE,2026-05-31,16:00:00,Yes,Walmart,google
TEENIE,2026-05-31,17:03:00,No,PetSmart,email
TEENIE,2026-05-31,18:06:00,Yes,Chewy,facebook
TEENIE,2026-05-31,19:09:00,No,Amazon,instagram
TEENIE,2026-05-31,08:12:00,Yes,Target,google
TEENIE,2026-05-31,09:15:00,No,Walmart,email
TEENIE,2026-05-31,10:18:00,Yes,PetSmart,facebook
TEENIE,2026-05-31,11:21:00,No,Chewy,instagram
TEENIE,2026-05-31,12:24:00,Yes,Amazon,google
TEENIE,2026-05-31,13:27:00,No,Target,email
TEENIE,2026-05-31,14:30:00,Yes,Walmart,facebook
TEENIE,2026-05-31,15:33:00,No,PetSmart,instagram
TEENIE,2026-05-31,16:36:00,Yes,Chewy,google
TEENIE,2026-05-31,17:39:00,No,Amazon,email
TEENIE,2026-05-31,18:42:00,Yes,Target,facebook
TEENIE,2026-05-31,19:45:00,No,Walmart,instagram
TEENIE,2026-05-31,08:48:00,Yes,PetSmart,google
TEENIE,2026-05-31,09:51:00,No,Chewy,email
TEENIE,2026-05-31,10:54:00,Yes,Amazon,facebook
TEENIE,2026-05-31,11:57:00,No,Target,instagram
TEENIE,2026-05-31,12:00:00,Yes,Walmart,google
TEENIE,2026-05-31,13:03:00,No,PetSmart,email
TEENIE,2026-05-31,14:06:00,Yes,Chewy,facebook
TEENIE,2026-05-31,15:09:00,No,Amazon,instagram
TEENIE,2026-05-31,16:12:00,Yes,Target,google
TEENIE,2026-05-31,17:15:00,No,Walmart,email
TEENIE,2026-05-31,18:18:00,Yes,PetSmart,facebook
TEENIE,2026-05-31,19:21:00,No,Chewy,instagram
TEENIE,2026-05-31,08:24:00,Yes,Amazon,google
TEENIE,2026-05-31,09:27:00,No,Target,email
TEENIE,2026-05-31,10:30:00,Yes,Walmart,facebook
TEENIE,2026-05-31,11:33:00,No,PetSmart,instagram
TEENIE,2026-05-31,12:36:00,Yes,Chewy,google
TEENIE,2026-05-31,13:39:00,No,Amazon,email
TEENIE,2026-05-31,14:42:00,Yes,Target,facebook
TEENIE,2026-05-31,15:45:00,No,Walmart,instagram
TEENIE,2026-05-31,16:48:00,Yes,PetSmart,google
TEENIE,2026-05-31,17:51:00,No,Chewy,email
TEENIE,2026-05-31,18:54:00,Yes,Amazon,facebook
TEENIE,2026-05-31,19:57:00,No,Target,instagram
TEENIE,2026-05-31,08:00:00,Yes,Walmart,google
TEENIE,2026-05-31,09:03:00,No,PetSmart,email
TEENIE,2026-05-31,10:06:00,Yes,Chewy,facebook
TEENIE,2026-05-31,11:09:00,No,Amazon,instagram
TEENIE,2026-05-31,12:12:00,Yes,Target,google
TEENIE,2026-05-31,13:15:00,No,Walmart,email
TEENIE,2026-05-31,14:18:00,Yes,PetSmart,facebook
TEENIE,2026-05-31,15:21:00,No,Chewy,instagram
TEENIE,2026-05-31,16:24:00,Yes,Amazon,google
TEENIE,2026-05-31,17:27:00,No,Target,email
TEENIE,2026-05-31,18:30:00,Yes,Walmart,facebook
TEENIE,2026-05-31,19:33:00,No,PetSmart,instagram
TEENIE,2026-05-31,08:36:00,Yes,Chewy,google
TEENIE,2026-05-31,09:39:00,No,Amazon,email
TEENIE,2026-05-31,10:42:00,Yes,Target,facebook
TEENIE,2026-05-31,11:45:00,No,Walmart,instagram
TEENIE,2026-05-31,12:48:00,Yes,PetSmart,google
TEENIE,2026-05-31,13:51:00,No,Chewy,email
TEENIE,2026-05-31,14:54:00,Yes,Amazon,facebook
TEENIE,2026-05-31,15:57:00,No,Target,instagram
TEENIE,2026-05-31,16:00:00,Yes,Walmart,google
TEENIE,2026-05-31,17:03:00,No,PetSmart,email
TEENIE,2026-05-31,18:06:00,Yes,Chewy,facebook
TEENIE,2026-05-31,19:09:00,No,Amazon,instagram
TEENIE,2026-05-31,08:12:00,Yes,Target,google
TEENIE,2026-05-31,09:15:00,No,Walmart,email
TEENIE,2026-05-31,10:18:00,Yes,PetSmart,facebook
TEENIE,2026-05-31,11:21:00,No,Chewy,instagram
TEENIE,2026-05-31,12:24:00,Yes,Amazon,google
TEENIE,2026-05-31,13:27:00,No,Target,email
TEENIE,2026-05-31,14:30:00,Yes,Walmart,facebook
TEENIE,2026-05-31,15:33:00,No,PetSmart,instagram
TEENIE,2026-05-31,16:36:00,Yes,Chewy,google
TEENIE,2026-05-31,17:39:00,No,Amazon,email
TEENIE,2026-05-31,18:42:00,Yes,Target,facebook
TEENIE,2026-05-31,19:45:00,No,Walmart,instagram
TEENIE,2026-05-31,08:48:00,Yes,PetSmart,google
TEENIE,2026-05-31,09:51:00,No,Chewy,email
TEENIE,2026-05-31,10:54:00,Yes,Amazon,facebook
TEENIE,2026-05-31,11:57:00,No,Target,instagram
TEENIE,2026-05-31,12:00:00,Yes,Walmart,google
TEENIE,2026-05-31,13:03:00,No,PetSmart,email
TEENIE,2026-05-31,14:06:00,Yes,Chewy,facebook
TEENIE,2026-05-31,15:09:00,No,Amazon,instagram
TEENIE,2026-05-31,16:12:00,Yes,Target,google
TEENIE,2026-05-31,17:15:00,No,Walmart,email
TEENIE,2026-05-31,18:18:00,Yes,PetSmart,facebook
TEENIE,2026-05-31,19:21:00,No,Chewy,instagram
TEENIE,2026-05-31,08:24:00,Yes,Amazon,google
TEENIE,2026-05-31,09:27:00,No,Target,email
TEENIE,2026-05-31,10:30:00,Yes,Walmart,facebook
TEENIE,2026-05-31,11:33:00,No,PetSmart,instagram
TEENIE,2026-05-31,12:36:00,Yes,Chewy,google
TEENIE,2026-05-31,13:39:00,No,Amazon,email
TEENIE,2026-05-31,14:42:00,Yes,Target,facebook
TEENIE,2026-05-31,15:45:00,No,Walmart,instagram
TEENIE,2026-05-31,16:48:00,Yes,PetSmart,google
TEENIE,2026-05-31,17:51:00,No,Chewy,email
Petite,2026-05-31,08:00:00,Yes,Walmart,google
Petite,2026-05-31,09:03:00,No,PetSmart,email
Petite,2026-05-31,10:06:00,Yes,Chewy,facebook
Petite,2026-05-31,11:09:00,No,Amazon,instagram
Petite,2026-05-31,12:12:00,Yes,Target,google
Petite,2026-05-31,13:15:00,No,Walmart,email
Petite,2026-05-31,14:18:00,Yes,PetSmart,facebook
Petite,2026-05-31,15:21:00,No,Chewy,instagram
Petite,2026-05-31,16:24:00,Yes,Amazon,google
Petite,2026-05-31,17:27:00,No,Target,email
Petite,2026-05-31,18:30:00,Yes,Walmart,facebook
Petite,2026-05-31,19:33:00,No,PetSmart,instagram
Petite,2026-05-31,08:36:00,Yes,Chewy,google
Petite,2026-05-31,09:39:00,No,Amazon,email
Petite,2026-05-31,10:42:00,Yes,Target,facebook
Petite,2026-05-31,11:45:00,No,Walmart,instagram
Petite,2026-05-31,12:48:00,Yes,PetSmart,google
Petite,2026-05-31,13:51:00,No,Chewy,email
Petite,2026-05-31,14:54:00,Yes,Amazon,facebook
Petite,2026-05-31,15:57:00,No,Target,instagram
Petite,2026-05-31,16:00:00,Yes,Walmart,google
Petite,2026-05-31,17:03:00,No,PetSmart,email
Petite,2026-05-31,18:06:00,Yes,Chewy,facebook
Petite,2026-05-31,19:09:00,No,Amazon,instagram
Petite,2026-05-31,08:12:00,Yes,Target,google
Petite,2026-05-31,09:15:00,No,Walmart,email
Petite,2026-05-31,10:18:00,Yes,PetSmart,facebook
Petite,2026-05-31,11:21:00,No,Chewy,instagram
Petite,2026-05-31,12:24:00,Yes,Amazon,google
Petite,2026-05-31,13:27:00,No,Target,email
Petite,2026-05-31,14:30:00,Yes,Walmart,facebook
Petite,2026-05-31,15:33:00,No,PetSmart,instagram
Petite,2026-05-31,16:36:00,Yes,Chewy,google
Petite,2026-05-31,17:39:00,No,Amazon,email
Petite,2026-05-31,18:42:00,Yes,Target,facebook
Petite,2026-05-31,19:45:00,No,Walmart,instagram
Petite,2026-05-31,08:48:00,Yes,PetSmart,google
Petite,2026-05-31,09:51:00,No,Chewy,email
Petite,2026-05-31,10:54:00,Yes,Amazon,facebook
Petite,2026-05-31,11:57:00,No,Target,instagram
Petite,2026-05-31,12:00:00,Yes,Walmart,google
Petite,2026-05-31,13:03:00,No,PetSmart,email
Petite,2026-05-31,14:06:00,Yes,Chewy,facebook
Petite,2026-05-31,15:09:00,No,Amazon,instagram
Petite,2026-05-31,16:12:00,Yes,Target,google
Petite,2026-05-31,17:15:00,No,Walmart,email
Petite,2026-05-31,18:18:00,Yes,PetSmart,facebook
Petite,2026-05-31,19:21:00,No,Chewy,instagram
Petite,2026-05-31,08:24:00,Yes,Amazon,google
Petite,2026-05-31,09:27:00,No,Target,email
Petite,2026-05-31,10:30:00,Yes,Walmart,facebook
Petite,2026-05-31,11:33:00,No,PetSmart,instagram
Petite,2026-05-31,12:36:00,Yes,Chewy,google
Petite,2026-05-31,13:39:00,No,Amazon,email
Petite,2026-05-31,14:42:00,Yes,Target,facebook
Petite,2026-05-31,15:45:00,No,Walmart,instagram
Petite,2026-05-31,16:48:00,Yes,PetSmart,google
Petite,2026-05-31,17:51:00,No,Chewy,email
Petite,2026-05-31,18:54:00,Yes,Amazon,facebook
Petite,2026-05-31,19:57:00,No,Target,instagram
Petite,2026-05-31,08:00:00,Yes,Walmart,google
Petite,2026-05-31,09:03:00,No,PetSmart,email
Petite,2026-05-31,10:06:00,Yes,Chewy,facebook
Petite,2026-05-31,11:09:00,No,Amazon,instagram
Petite,2026-05-31,12:12:00,Yes,Target,google
Petite,2026-05-31,13:15:00,No,Walmart,email
Petite,2026-05-31,14:18:00,Yes,PetSmart,facebook
Petite,2026-05-31,15:21:00,No,Chewy,instagram
Petite,2026-05-31,16:24:00,Yes,Amazon,google
Petite,2026-05-31,17:27:00,No,Target,email
Petite,2026-05-31,18:30:00,Yes,Walmart,facebook
Petite,2026-05-31,19:33:00,No,PetSmart,instagram
Petite,2026-05-31,08:36:00,Yes,Chewy,google
Petite,2026-05-31,09:39:00,No,Amazon,email
Petite,2026-05-31,10:42:00,Yes,Target,facebook
Petite,2026-05-31,11:45:00,No,Walmart,instagram
Petite,2026-05-31,12:48:00,Yes,PetSmart,google
Petite,2026-05-31,13:51:00,No,Chewy,email
Petite,2026-05-31,14:54:00,Yes,Amazon,facebook
Petite,2026-05-31,15:57:00,No,Target,instagram
Petite,2026-05-31,16:00:00,Yes,Walmart,google
Petite,2026-05-31,17:03:00,No,PetSmart,email
Petite,2026-05-31,18:06:00,Yes,Chewy,facebook
Petite,2026-05-31,19:09:00,No,Amazon,instagram
Petite,2026-05-31,08:12:00,Yes,Target,google
Petite,2026-05-31,09:15:00,No,Walmart,email
Petite,2026-05-31,10:18:00,Yes,PetSmart,facebook
Petite,2026-05-31,11:21:00,No,Chewy,instagram
Regular,2026-05-31,08:00:00,Yes,Walmart,google
Regular,2026-05-31,09:03:00,No,PetSmart,email
Regular,2026-05-31,10:06:00,Yes,Chewy,facebook
Regular,2026-05-31,11:09:00,No,Amazon,instagram
Regular,2026-05-31,12:12:00,Yes,Target,google
Regular,2026-05-31,13:15:00,No,Walmart,email
Regular,2026-05-31,14:18:00,Yes,PetSmart,facebook
Regular,2026-05-31,15:21:00,No,Chewy,instagram
Regular,2026-05-31,16:24:00,Yes,Amazon,google
Regular,2026-05-31,17:27:00,No,Target,email
Regular,2026-05-31,18:30:00,Yes,Walmart,facebook
Regular,2026-05-31,19:33:00,No,PetSmart,instagram
Regular,2026-05-31,08:36:00,Yes,Chewy,google
Regular,2026-05-31,09:39:00,No,Amazon,email
Regular,2026-05-31,10:42:00,Yes,Target,facebook
Regular,2026-05-31,11:45:00,No,Walmart,instagram
Regular,2026-05-31,12:48:00,Yes,PetSmart,google
Regular,2026-05-31,13:51:00,No,Chewy,email
Regular,2026-05-31,14:54:00,Yes,Amazon,facebook
Regular,2026-05-31,15:57:00,No,Target,instagram
Regular,2026-05-31,16:00:00,Yes,Walmart,google
Regular,2026-05-31,17:03:00,No,PetSmart,email
Regular,2026-05-31,18:06:00,Yes,Chewy,facebook
Regular,2026-05-31,19:09:00,No,Amazon,instagram
Regular,2026-05-31,08:12:00,Yes,Target,google
Regular,2026-05-31,09:15:00,No,Walmart,email
Regular,2026-05-31,10:18:00,Yes,PetSmart,facebook
Regular,2026-05-31,11:21:00,No,Chewy,instagram
Regular,2026-05-31,12:24:00,Yes,Amazon,google
Regular,2026-05-31,13:27:00,No,Target,email
Regular,2026-05-31,14:30:00,Yes,Walmart,facebook
Regular,2026-05-31,15:33:00,No,PetSmart,instagram
Regular,2026-05-31,16:36:00,Yes,Chewy,google
Regular,2026-05-31,17:39:00,No,Amazon,email
Regular,2026-05-31,18:42:00,Yes,Target,facebook
Regular,2026-05-31,19:45:00,No,Walmart,instagram
Regular,2026-05-31,08:48:00,Yes,PetSmart,google
Regular,2026-05-31,09:51:00,No,Chewy,email
Regular,2026-05-31,10:54:00,Yes,Amazon,facebook
Regular,2026-05-31,11:57:00,No,Target,instagram
Regular,2026-05-31,12:00:00,Yes,Walmart,google
Regular,2026-05-31,13:03:00,No,PetSmart,email
Regular,2026-05-31,14:06:00,Yes,Chewy,facebook
Regular,2026-05-31,15:09:00,No,Amazon,instagram
Regular,2026-05-31,16:12:00,Yes,Target,google
Regular,2026-05-31,17:15:00,No,Walmart,email
Regular,2026-05-31,18:18:00,Yes,PetSmart,facebook
Regular,2026-05-31,19:21:00,No,Chewy,instagram
Regular,2026-05-31,08:24:00,Yes,Amazon,google
Regular,2026-05-31,09:27:00,No,Target,email
Regular,2026-05-31,10:30:00,Yes,Walmart,facebook
Regular,2026-05-31,11:33:00,No,PetSmart,instagram
Regular,2026-05-31,12:36:00,Yes,Chewy,google
Regular,2026-05-31,13:39:00,No,Amazon,email
Regular,2026-05-31,14:42:00,Yes,Target,facebook
Regular,2026-05-31,15:45:00,No,Walmart,instagram
Regular,2026-05-31,16:48:00,Yes,PetSmart,google
Regular,2026-05-31,17:51:00,No,Chewy,email
Regular,2026-05-31,18:54:00,Yes,Amazon,facebook
Regular,2026-05-31,19:57:00,No,Target,instagram
Regular,2026-05-31,08:00:00,Yes,Walmart,google
Regular,2026-05-31,09:03:00,No,PetSmart,email
Regular,2026-05-31,10:06:00,Yes,Chewy,facebook
Regular,2026-05-31,11:09:00,No,Amazon,instagram
Regular,2026-05-31,12:12:00,Yes,Target,google
Regular,2026-05-31,13:15:00,No,Walmart,email
Regular,2026-05-31,14:18:00,Yes,PetSmart,facebook
Regular,2026-05-31,15:21:00,No,Chewy,instagram
Regular,2026-05-31,16:24:00,Yes,Amazon,google
Regular,2026-05-31,17:27:00,No,Target,email
Regular,2026-05-31,18:30:00,Yes,Walmart,facebook
Regular,2026-05-31,19:33:00,No,PetSmart,instagram
Regular,2026-05-31,08:36:00,Yes,Chewy,google
Regular,2026-05-31,09:39:00,No,Amazon,email
Regular,2026-05-31,10:42:00,Yes,Target,facebook
Regular,2026-05-31,11:45:00,No,Walmart,instagram
Regular,2026-05-31,12:48:00,Yes,PetSmart,google
Regular,2026-05-31,13:51:00,No,Chewy,email
Regular,2026-05-31,14:54:00,Yes,Amazon,facebook
Regular,2026-05-31,15:57:00,No,Target,instagram
Regular,2026-05-31,16:00:00,Yes,Walmart,google
Regular,2026-05-31,17:03:00,No,PetSmart,email
Regular,2026-05-31,18:06:00,Yes,Chewy,facebook
Regular,2026-05-31,19:09:00,No,Amazon,instagram
Regular,2026-05-31,08:12:00,Yes,Target,google
Regular,2026-05-31,09:15:00,No,Walmart,email
Regular,2026-05-31,10:18:00,Yes,PetSmart,facebook
Regular,2026-05-31,11:21:00,No,Chewy,instagram
Regular,2026-05-31,12:24:00,Yes,Amazon,google
Regular,2026-05-31,13:27:00,No,Target,email
Regular,2026-05-31,14:30:00,Yes,Walmart,facebook
Regular,2026-05-31,15:33:00,No,PetSmart,instagram
Regular,2026-05-31,16:36:00,Yes,Chewy,google
Regular,2026-05-31,17:39:00,No,Amazon,email
Regular,2026-05-31,18:42:00,Yes,Target,facebook
Regular,2026-05-31,19:45:00,No,Walmart,instagram
Regular,2026-05-31,08:48:00,Yes,PetSmart,google
Regular,2026-05-31,09:51:00,No,Chewy,email
Regular,2026-05-31,10:54:00,Yes,Amazon,facebook
Regular,2026-05-31,11:57:00,No,Target,instagram
Regular,2026-05-31,12:00:00,Yes,Walmart,google
Regular,2026-05-31,13:03:00,No,PetSmart,email
Regular,2026-05-31,14:06:00,Yes,Chewy,facebook
Regular,2026-05-31,15:09:00,No,Amazon,instagram
Regular,2026-05-31,16:12:00,Yes,Target,google
Regular,2026-05-31,17:15:00,No,Walmart,email
Regular,2026-05-31,18:18:00,Yes,PetSmart,facebook
Regular,2026-05-31,19:21:00,No,Chewy,instagram
Regular,2026-05-31,08:24:00,Yes,Amazon,google
Regular,2026-05-31,09:27:00,No,Target,email
Regular,2026-05-31,10:30:00,Yes,Walmart,facebook
Regular,2026-05-31,11:33:00,No,PetSmart,instagram
Regular,2026-05-31,12:36:00,Yes,Chewy,google
Regular,2026-05-31,13:39:00,No,Amazon,email
Regular,2026-05-31,14:42:00,Yes,Target,facebook
Regular,2026-05-31,15:45:00,No,Walmart,instagram
Regular,2026-05-31,16:48:00,Yes,PetSmart,google
Regular,2026-05-31,17:51:00,No,Chewy,email
Regular,2026-05-31,18:54:00,Yes,Amazon,facebook
Regular,2026-05-31,19:57:00,No,Target,instagram
Regular,2026-05-31,08:00:00,Yes,Walmart,google
Regular,2026-05-31,09:03:00,No,PetSmart,email
Regular,2026-05-31,10:06:00,Yes,Chewy,facebook
Regular,2026-05-31,11:09:00,No,Amazon,instagram
Regular,2026-05-31,12:12:00,Yes,Target,google
Regular,2026-05-31,13:15:00,No,Walmart,email
Regular,2026-05-31,14:18:00,Yes,PetSmart,facebook
Regular,2026-05-31,15:21:00,No,Chewy,instagram
Regular,2026-05-31,16:24:00,Yes,Amazon,google
Regular,2026-05-31,17:27:00,No,Target,email
Regular,2026-05-31,18:30:00,Yes,Walmart,facebook
Regular,2026-05-31,19:33:00,No,PetSmart,instagram
Regular,2026-05-31,08:36:00,Yes,Chewy,google
Regular,2026-05-31,09:39:00,No,Amazon,email
Regular,2026-05-31,10:42:00,Yes,Target,facebook
Regular,2026-05-31,11:45:00,No,Walmart,instagram
Regular,2026-05-31,12:48:00,Yes,PetSmart,google
Regular,2026-05-31,13:51:00,No,Chewy,email
Large,2026-05-31,08:00:00,Yes,Walmart,google
Large,2026-05-31,09:03:00,No,PetSmart,email
Large,2026-05-31,10:06:00,Yes,Chewy,facebook
Large,2026-05-31,11:09:00,No,Amazon,instagram
Large,2026-05-31,12:12:00,Yes,Target,google
Large,2026-05-31,13:15:00,No,Walmart,email
Large,2026-05-31,14:18:00,Yes,PetSmart,facebook
Large,2026-05-31,15:21:00,No,Chewy,instagram
Large,2026-05-31,16:24:00,Yes,Amazon,google
Large,2026-05-31,17:27:00,No,Target,email
Large,2026-05-31,18:30:00,Yes,Walmart,facebook
Large,2026-05-31,19:33:00,No,PetSmart,instagram
Large,2026-05-31,08:36:00,Yes,Chewy,google
Large,2026-05-31,09:39:00,No,Amazon,email
Large,2026-05-31,10:42:00,Yes,Target,facebook
Large,2026-05-31,11:45:00,No,Walmart,instagram
Large,2026-05-31,12:48:00,Yes,PetSmart,google
Large,2026-05-31,13:51:00,No,Chewy,email
Large,2026-05-31,14:54:00,Yes,Amazon,facebook
Large,2026-05-31,15:57:00,No,Target,instagram
Large,2026-05-31,16:00:00,Yes,Walmart,google
Large,2026-05-31,17:03:00,No,PetSmart,email
Large,2026-05-31,18:06:00,Yes,Chewy,facebook
Large,2026-05-31,19:09:00,No,Amazon,instagram
Large,2026-05-31,08:12:00,Yes,Target,google
Large,2026-05-31,09:15:00,No,Walmart,email
Large,2026-05-31,10:18:00,Yes,PetSmart,facebook
Large,2026-05-31,11:21:00,No,Chewy,instagram
Large,2026-05-31,12:24:00,Yes,Amazon,google
Large,2026-05-31,13:27:00,No,Target,email
Large,2026-05-31,14:30:00,Yes,Walmart,facebook
Large,2026-05-31,15:33:00,No,PetSmart,instagram
Large,2026-05-31,16:36:00,Yes,Chewy,google
Large,2026-05-31,17:39:00,No,Amazon,email
Large,2026-05-31,18:42:00,Yes,Target,facebook
Large,2026-05-31,19:45:00,No,Walmart,instagram
Large,2026-05-31,08:48:00,Yes,PetSmart,google
Large,2026-05-31,09:51:00,No,Chewy,email
Large,2026-05-31,10:54:00,Yes,Amazon,facebook
Large,2026-05-31,11:57:00,No,Target,instagram
Large,2026-05-31,12:00:00,Yes,Walmart,google
Large,2026-05-31,13:03:00,No,PetSmart,email
Large,2026-05-31,14:06:00,Yes,Chewy,facebook
Large,2026-05-31,15:09:00,No,Amazon,instagram
Large,2026-05-31,16:12:00,Yes,Target,google
Large,2026-05-31,17:15:00,No,Walmart,email
Large,2026-05-31,18:18:00,Yes,PetSmart,facebook
Large,2026-05-31,19:21:00,No,Chewy,instagram
Large,2026-05-31,08:24:00,Yes,Amazon,google
Large,2026-05-31,09:27:00,No,Target,email
Large,2026-05-31,10:30:00,Yes,Walmart,facebook
Large,2026-05-31,11:33:00,No,PetSmart,instagram
Large,2026-05-31,12:36:00,Yes,Chewy,google
Large,2026-05-31,13:39:00,No,Amazon,email
Large,2026-05-31,14:42:00,Yes,Target,facebook
Large,2026-05-31,15:45:00,No,Walmart,instagram
Large,2026-05-31,16:48:00,Yes,PetSmart,google
Large,2026-05-31,17:51:00,No,Chewy,email
Large,2026-05-31,18:54:00,Yes,Amazon,facebook
Large,2026-05-31,19:57:00,No,Target,instagram
Large,2026-05-31,08:00:00,Yes,Walmart,google
Large,2026-05-31,09:03:00,No,PetSmart,email
Large,2026-05-31,10:06:00,Yes,Chewy,facebook
Large,2026-05-31,11:09:00,No,Amazon,instagram
Large,2026-05-31,12:12:00,Yes,Target,google
Large,2026-05-31,13:15:00,No,Walmart,email
Large,2026-05-31,14:18:00,Yes,PetSmart,facebook
Large,2026-05-31,15:21:00,No,Chewy,instagram
Large,2026-05-31,16:24:00,Yes,Amazon,google
Large,2026-05-31,17:27:00,No,Target,email
Large,2026-05-31,18:30:00,Yes,Walmart,facebook
Large,2026-05-31,19:33:00,No,PetSmart,instagram
Large,2026-05-31,08:36:00,Yes,Chewy,google
Large,2026-05-31,09:39:00,No,Amazon,email
Large,2026-05-31,10:42:00,Yes,Target,facebook
Large,2026-05-31,11:45:00,No,Walmart,instagram
Large,2026-05-31,12:48:00,Yes,PetSmart,google
Large,2026-05-31,13:51:00,No,Chewy,email
Large,2026-05-31,14:54:00,Yes,Amazon,facebook
Large,2026-05-31,15:57:00,No,Target,instagram
Large,2026-05-31,16:00:00,Yes,Walmart,google
Large,2026-05-31,17:03:00,No,PetSmart,email
Large,2026-05-31,18:06:00,Yes,Chewy,facebook
Large,2026-05-31,19:09:00,No,Amazon,instagram
Large,2026-05-31,08:12:00,Yes,Target,google
Large,2026-05-31,09:15:00,No,Walmart,email
Large,2026-05-31,10:18:00,Yes,PetSmart,facebook
Large,2026-05-31,11:21:00,No,Chewy,instagram
Large,2026-05-31,12:24:00,Yes,Amazon,google
Large,2026-05-31,13:27:00,No,Target,email
Large,2026-05-31,14:30:00,Yes,Walmart,facebook
Large,2026-05-31,15:33:00,No,PetSmart,instagram
Large,2026-05-31,16:36:00,Yes,Chewy,google
Large,2026-05-31,17:39:00,No,Amazon,email
Large,2026-05-31,18:42:00,Yes,Target,facebook
Large,2026-05-31,19:45:00,No,Walmart,instagram
Large,2026-05-31,08:48:00,Yes,PetSmart,google
Large,2026-05-31,09:51:00,No,Chewy,email
Large,2026-05-31,10:54:00,Yes,Amazon,facebook
Large,2026-05-31,11:57:00,No,Target,instagram
Large,2026-05-31,12:00:00,Yes,Walmart,google
Large,2026-05-31,13:03:00,No,PetSmart,email
Large,2026-05-31,14:06:00,Yes,Chewy,facebook
Large,2026-05-31,15:09:00,No,Amazon,instagram
Large,2026-05-31,16:12:00,Yes,Target,google
Large,2026-05-31,17:15:00,No,Walmart,email
Large,2026-05-31,18:18:00,Yes,PetSmart,facebook
Large,2026-05-31,19:21:00,No,Chewy,instagram
Large,2026-05-31,08:24:00,Yes,Amazon,google
Large,2026-05-31,09:27:00,No,Target,email
Large,2026-05-31,10:30:00,Yes,Walmart,facebook
Large,2026-05-31,11:33:00,No,PetSmart,instagram
Large,2026-05-31,12:36:00,Yes,Chewy,google
Large,2026-05-31,13:39:00,No,Amazon,email
Large,2026-05-31,14:42:00,Yes,Target,facebook
Large,2026-05-31,15:45:00,No,Walmart,instagram
Large,2026-05-31,16:48:00,Yes,PetSmart,google
Large,2026-05-31,17:51:00,No,Chewy,email
Large,2026-05-31,18:54:00,Yes,Amazon,facebook
Large,2026-05-31,19:57:00,No,Target,instagram
Large,2026-05-31,08:00:00,Yes,Walmart,google
Large,2026-05-31,09:03:00,No,PetSmart,email
Large,2026-05-31,10:06:00,Yes,Chewy,facebook
Large,2026-05-31,11:09:00,No,Amazon,instagram
Large,2026-05-31,12:12:00,Yes,Target,google
Large,2026-05-31,13:15:00,No,Walmart,email
Large,2026-05-31,14:18:00,Yes,PetSmart,facebook
Large,2026-05-31,15:21:00,No,Chewy,instagram
Large,2026-05-31,16:24:00,Yes,Amazon,google
Large,2026-05-31,17:27:00,No,Target,email
Large,2026-05-31,18:30:00,Yes,Walmart,facebook
Large,2026-05-31,19:33:00,No,PetSmart,instagram
Large,2026-05-31,08:36:00,Yes,Chewy,google
Large,2026-05-31,09:39:00,No,Amazon,email
Large,2026-05-31,10:42:00,Yes,Target,facebook
Large,2026-05-31,11:45:00,No,Walmart,instagram
Large,2026-05-31,12:48:00,Yes,PetSmart,google
Large,2026-05-31,13:51:00,No,Chewy,email
Large,2026-05-31,14:54:00,Yes,Amazon,facebook
Large,2026-05-31,15:57:00,No,Target,instagram
Large,2026-05-31,16:00:00,Yes,Walmart,google
Large,2026-05-31,17:03:00,No,PetSmart,email
Large,2026-05-31,18:06:00,Yes,Chewy,facebook
Large,2026-05-31,19:09:00,No,Amazon,instagram
Large,2026-05-31,08:12:00,Yes,Target,google
Large,2026-05-31,09:15:00,No,Walmart,email
Large,2026-05-31,10:18:00,Yes,PetSmart,facebook
Large,2026-05-31,11:21:00,No,Chewy,instagram
Large,2026-05-31,12:24:00,Yes,Amazon,google
Large,2026-05-31,13:27:00,No,Target,email
Large,2026-05-31,14:30:00,Yes,Walmart,facebook
Large,2026-05-31,15:33:00,No,PetSmart,instagram
Large,2026-05-31,16:36:00,Yes,Chewy,google
Large,2026-05-31,17:39:00,No,Amazon,email
Large,2026-05-31,18:42:00,Yes,Target,facebook
Large,2026-05-31,19:45:00,No,Walmart,instagram
Large,2026-05-31,08:48:00,Yes,PetSmart,google
Large,2026-05-31,09:51:00,No,Chewy,email
Large,2026-05-31,10:54:00,Yes,Amazon,facebook
Large,2026-05-31,11:57:00,No,Target,instagram
Large,2026-05-31,12:00:00,Yes,Walmart,google
Large,2026-05-31,13:03:00,No,PetSmart,email
Large,2026-05-31,14:06:00,Yes,Chewy,facebook
Large,2026-05-31,15:09:00,No,Amazon,instagram
Large,2026-05-31,16:12:00,Yes,Target,google
Large,2026-05-31,17:15:00,No,Walmart,email
Large,2026-05-31,18:18:00,Yes,PetSmart,facebook
Large,2026-05-31,19:21:00,No,Chewy,instagram
Large,2026-05-31,08:24:00,Yes,Amazon,google
Large,2026-05-31,09:27:00,No,Target,email
Large,2026-05-31,10:30:00,Yes,Walmart,facebook
Large,2026-05-31,11:33:00,No,PetSmart,instagram
Large,2026-05-31,12:36:00,Yes,Chewy,google
Large,2026-05-31,13:39:00,No,Amazon,email
Large,2026-05-31,14:42:00,Yes,Target,facebook
Large,2026-05-31,15:45:00,No,Walmart,instagram
Large,2026-05-31,16:48:00,Yes,PetSmart,google
Large,2026-05-31,17:51:00,No,Chewy,email
TEENIE,2026-06-01,08:00:00,No,PetSmart,email
TEENIE,2026-06-01,09:03:00,Yes,Chewy,facebook
TEENIE,2026-06-01,10:06:00,No,Amazon,instagram
TEENIE,2026-06-01,11:09:00,Yes,Target,google
TEENIE,2026-06-01,12:12:00,No,Walmart,email
TEENIE,2026-06-01,13:15:00,Yes,PetSmart,facebook
TEENIE,2026-06-01,14:18:00,No,Chewy,instagram
TEENIE,2026-06-01,15:21:00,Yes,Amazon,google
TEENIE,2026-06-01,16:24:00,No,Target,email
TEENIE,2026-06-01,17:27:00,Yes,Walmart,facebook
TEENIE,2026-06-01,18:30:00,No,PetSmart,instagram
TEENIE,2026-06-01,19:33:00,Yes,Chewy,google
TEENIE,2026-06-01,08:36:00,No,Amazon,email
TEENIE,2026-06-01,09:39:00,Yes,Target,facebook
TEENIE,2026-06-01,10:42:00,No,Walmart,instagram
TEENIE,2026-06-01,11:45:00,Yes,PetSmart,google
TEENIE,2026-06-01,12:48:00,No,Chewy,email
TEENIE,2026-06-01,13:51:00,Yes,Amazon,facebook
TEENIE,2026-06-01,14:54:00,No,Target,instagram
TEENIE,2026-06-01,15:57:00,Yes,Walmart,google
TEENIE,2026-06-01,16:00:00,No,PetSmart,email
TEENIE,2026-06-01,17:03:00,Yes,Chewy,facebook
TEENIE,2026-06-01,18:06:00,No,Amazon,instagram
TEENIE,2026-06-01,19:09:00,Yes,Target,google
TEENIE,2026-06-01,08:12:00,No,Walmart,email
TEENIE,2026-06-01,09:15:00,Yes,PetSmart,facebook
TEENIE,2026-06-01,10:18:00,No,Chewy,instagram
TEENIE,2026-06-01,11:21:00,Yes,Amazon,google
TEENIE,2026-06-01,12:24:00,No,Target,email
TEENIE,2026-06-01,13:27:00,Yes,Walmart,facebook
TEENIE,2026-06-01,14:30:00,No,PetSmart,instagram
TEENIE,2026-06-01,15:33:00,Yes,Chewy,google
TEENIE,2026-06-01,16:36:00,No,Amazon,email
TEENIE,2026-06-01,17:39:00,Yes,Target,facebook
TEENIE,2026-06-01,18:42:00,No,Walmart,instagram
TEENIE,2026-06-01,19:45:00,Yes,PetSmart,google
TEENIE,2026-06-01,08:48:00,No,Chewy,email
TEENIE,2026-06-01,09:51:00,Yes,Amazon,facebook
TEENIE,2026-06-01,10:54:00,No,Target,instagram
TEENIE,2026-06-01,11:57:00,Yes,Walmart,google
TEENIE,2026-06-01,12:00:00,No,PetSmart,email
TEENIE,2026-06-01,13:03:00,Yes,Chewy,facebook
TEENIE,2026-06-01,14:06:00,No,Amazon,instagram
TEENIE,2026-06-01,15:09:00,Yes,Target,google
TEENIE,2026-06-01,16:12:00,No,Walmart,email
TEENIE,2026-06-01,17:15:00,Yes,PetSmart,facebook
TEENIE,2026-06-01,18:18:00,No,Chewy,instagram
TEENIE,2026-06-01,19:21:00,Yes,Amazon,google
TEENIE,2026-06-01,08:24:00,No,Target,email
TEENIE,2026-06-01,09:27:00,Yes,Walmart,facebook
TEENIE,2026-06-01,10:30:00,No,PetSmart,instagram
TEENIE,2026-06-01,11:33:00,Yes,Chewy,google
TEENIE,2026-06-01,12:36:00,No,Amazon,email
TEENIE,2026-06-01,13:39:00,Yes,Target,facebook
TEENIE,2026-06-01,14:42:00,No,Walmart,instagram
TEENIE,2026-06-01,15:45:00,Yes,PetSmart,google
TEENIE,2026-06-01,16:48:00,No,Chewy,email
TEENIE,2026-06-01,17:51:00,Yes,Amazon,facebook
TEENIE,2026-06-01,18:54:00,No,Target,instagram
TEENIE,2026-06-01,19:57:00,Yes,Walmart,google
TEENIE,2026-06-01,08:00:00,No,PetSmart,email
TEENIE,2026-06-01,09:03:00,Yes,Chewy,facebook
TEENIE,2026-06-01,10:06:00,No,Amazon,instagram
TEENIE,2026-06-01,11:09:00,Yes,Target,google
TEENIE,2026-06-01,12:12:00,No,Walmart,email
TEENIE,2026-06-01,13:15:00,Yes,PetSmart,facebook
TEENIE,2026-06-01,14:18:00,No,Chewy,instagram
TEENIE,2026-06-01,15:21:00,Yes,Amazon,google
TEENIE,2026-06-01,16:24:00,No,Target,email
TEENIE,2026-06-01,17:27:00,Yes,Walmart,facebook
TEENIE,2026-06-01,18:30:00,No,PetSmart,instagram
TEENIE,2026-06-01,19:33:00,Yes,Chewy,google
TEENIE,2026-06-01,08:36:00,No,Amazon,email
TEENIE,2026-06-01,09:39:00,Yes,Target,facebook
TEENIE,2026-06-01,10:42:00,No,Walmart,instagram
TEENIE,2026-06-01,11:45:00,Yes,PetSmart,google
TEENIE,2026-06-01,12:48:00,No,Chewy,email
TEENIE,2026-06-01,13:51:00,Yes,Amazon,facebook
TEENIE,2026-06-01,14:54:00,No,Target,instagram
TEENIE,2026-06-01,15:57:00,Yes,Walmart,google
TEENIE,2026-06-01,16:00:00,No,PetSmart,email
TEENIE,2026-06-01,17:03:00,Yes,Chewy,facebook
TEENIE,2026-06-01,18:06:00,No,Amazon,instagram
TEENIE,2026-06-01,19:09:00,Yes,Target,google
TEENIE,2026-06-01,08:12:00,No,Walmart,email
TEENIE,2026-06-01,09:15:00,Yes,PetSmart,facebook
TEENIE,2026-06-01,10:18:00,No,Chewy,instagram
TEENIE,2026-06-01,11:21:00,Yes,Amazon,google
TEENIE,2026-06-01,12:24:00,No,Target,email
TEENIE,2026-06-01,13:27:00,Yes,Walmart,facebook
TEENIE,2026-06-01,14:30:00,No,PetSmart,instagram
TEENIE,2026-06-01,15:33:00,Yes,Chewy,google
TEENIE,2026-06-01,16:36:00,No,Amazon,email
TEENIE,2026-06-01,17:39:00,Yes,Target,facebook
TEENIE,2026-06-01,18:42:00,No,Walmart,instagram
TEENIE,2026-06-01,19:45:00,Yes,PetSmart,google
TEENIE,2026-06-01,08:48:00,No,Chewy,email
TEENIE,2026-06-01,09:51:00,Yes,Amazon,facebook
TEENIE,2026-06-01,10:54:00,No,Target,instagram
TEENIE,2026-06-01,11:57:00,Yes,Walmart,google
TEENIE,2026-06-01,12:00:00,No,PetSmart,email
TEENIE,2026-06-01,13:03:00,Yes,Chewy,facebook
TEENIE,2026-06-01,14:06:00,No,Amazon,instagram
TEENIE,2026-06-01,15:09:00,Yes,Target,google
TEENIE,2026-06-01,16:12:00,No,Walmart,email
TEENIE,2026-06-01,17:15:00,Yes,PetSmart,facebook
TEENIE,2026-06-01,18:18:00,No,Chewy,instagram
TEENIE,2026-06-01,19:21:00,Yes,Amazon,google
TEENIE,2026-06-01,08:24:00,No,Target,email
TEENIE,2026-06-01,09:27:00,Yes,Walmart,facebook
TEENIE,2026-06-01,10:30:00,No,PetSmart,instagram
TEENIE,2026-06-01,11:33:00,Yes,Chewy,google
TEENIE,2026-06-01,12:36:00,No,Amazon,email
TEENIE,2026-06-01,13:39:00,Yes,Target,facebook
TEENIE,2026-06-01,14:42:00,No,Walmart,instagram
TEENIE,2026-06-01,15:45:00,Yes,PetSmart,google
TEENIE,2026-06-01,16:48:00,No,Chewy,email
TEENIE,2026-06-01,17:51:00,Yes,Amazon,facebook
TEENIE,2026-06-01,18:54:00,No,Target,instagram
TEENIE,2026-06-01,19:57:00,Yes,Walmart,google
TEENIE,2026-06-01,08:00:00,No,PetSmart,email
TEENIE,2026-06-01,09:03:00,Yes,Chewy,facebook
TEENIE,2026-06-01,10:06:00,No,Amazon,instagram
TEENIE,2026-06-01,11:09:00,Yes,Target,google
TEENIE,2026-06-01,12:12:00,No,Walmart,email
Petite,2026-06-01,08:00:00,No,PetSmart,email
Petite,2026-06-01,09:03:00,Yes,Chewy,facebook
Petite,2026-06-01,10:06:00,No,Amazon,instagram
Petite,2026-06-01,11:09:00,Yes,Target,google
Petite,2026-06-01,12:12:00,No,Walmart,email
Petite,2026-06-01,13:15:00,Yes,PetSmart,facebook
Petite,2026-06-01,14:18:00,No,Chewy,instagram
Petite,2026-06-01,15:21:00,Yes,Amazon,google
Petite,2026-06-01,16:24:00,No,Target,email
Petite,2026-06-01,17:27:00,Yes,Walmart,facebook
Petite,2026-06-01,18:30:00,No,PetSmart,instagram
Petite,2026-06-01,19:33:00,Yes,Chewy,google
Petite,2026-06-01,08:36:00,No,Amazon,email
Petite,2026-06-01,09:39:00,Yes,Target,facebook
Petite,2026-06-01,10:42:00,No,Walmart,instagram
Petite,2026-06-01,11:45:00,Yes,PetSmart,google
Petite,2026-06-01,12:48:00,No,Chewy,email
Petite,2026-06-01,13:51:00,Yes,Amazon,facebook
Petite,2026-06-01,14:54:00,No,Target,instagram
Petite,2026-06-01,15:57:00,Yes,Walmart,google
Petite,2026-06-01,16:00:00,No,PetSmart,email
Petite,2026-06-01,17:03:00,Yes,Chewy,facebook
Petite,2026-06-01,18:06:00,No,Amazon,instagram
Petite,2026-06-01,19:09:00,Yes,Target,google
Petite,2026-06-01,08:12:00,No,Walmart,email
Petite,2026-06-01,09:15:00,Yes,PetSmart,facebook
Petite,2026-06-01,10:18:00,No,Chewy,instagram
Petite,2026-06-01,11:21:00,Yes,Amazon,google
Petite,2026-06-01,12:24:00,No,Target,email
Petite,2026-06-01,13:27:00,Yes,Walmart,facebook
Petite,2026-06-01,14:30:00,No,PetSmart,instagram
Petite,2026-06-01,15:33:00,Yes,Chewy,google
Petite,2026-06-01,16:36:00,No,Amazon,email
Petite,2026-06-01,17:39:00,Yes,Target,facebook
Petite,2026-06-01,18:42:00,No,Walmart,instagram
Petite,2026-06-01,19:45:00,Yes,PetSmart,google
Petite,2026-06-01,08:48:00,No,Chewy,email
Petite,2026-06-01,09:51:00,Yes,Amazon,facebook
Petite,2026-06-01,10:54:00,No,Target,instagram
Petite,2026-06-01,11:57:00,Yes,Walmart,google
Petite,2026-06-01,12:00:00,No,PetSmart,email
Petite,2026-06-01,13:03:00,Yes,Chewy,facebook
Petite,2026-06-01,14:06:00,No,Amazon,instagram
Petite,2026-06-01,15:09:00,Yes,Target,google
Petite,2026-06-01,16:12:00,No,Walmart,email
Petite,2026-06-01,17:15:00,Yes,PetSmart,facebook
Petite,2026-06-01,18:18:00,No,Chewy,instagram
Petite,2026-06-01,19:21:00,Yes,Amazon,google
Petite,2026-06-01,08:24:00,No,Target,email
Petite,2026-06-01,09:27:00,Yes,Walmart,facebook
Petite,2026-06-01,10:30:00,No,PetSmart,instagram
Petite,2026-06-01,11:33:00,Yes,Chewy,google
Petite,2026-06-01,12:36:00,No,Amazon,email
Petite,2026-06-01,13:39:00,Yes,Target,facebook
Petite,2026-06-01,14:42:00,No,Walmart,instagram
Petite,2026-06-01,15:45:00,Yes,PetSmart,google
Petite,2026-06-01,16:48:00,No,Chewy,email
Petite,2026-06-01,17:51:00,Yes,Amazon,facebook
Petite,2026-06-01,18:54:00,No,Target,instagram
Petite,2026-06-01,19:57:00,Yes,Walmart,google
Petite,2026-06-01,08:00:00,No,PetSmart,email
Petite,2026-06-01,09:03:00,Yes,Chewy,facebook
Petite,2026-06-01,10:06:00,No,Amazon,instagram
Petite,2026-06-01,11:09:00,Yes,Target,google
Petite,2026-06-01,12:12:00,No,Walmart,email
Petite,2026-06-01,13:15:00,Yes,PetSmart,facebook
Petite,2026-06-01,14:18:00,No,Chewy,instagram
Petite,2026-06-01,15:21:00,Yes,Amazon,google
Petite,2026-06-01,16:24:00,No,Target,email
Petite,2026-06-01,17:27:00,Yes,Walmart,facebook
Petite,2026-06-01,18:30:00,No,PetSmart,instagram
Petite,2026-06-01,19:33:00,Yes,Chewy,google
Petite,2026-06-01,08:36:00,No,Amazon,email
Petite,2026-06-01,09:39:00,Yes,Target,facebook
Petite,2026-06-01,10:42:00,No,Walmart,instagram
Petite,2026-06-01,11:45:00,Yes,PetSmart,google
Petite,2026-06-01,12:48:00,No,Chewy,email
Petite,2026-06-01,13:51:00,Yes,Amazon,facebook
Petite,2026-06-01,14:54:00,No,Target,instagram
Petite,2026-06-01,15:57:00,Yes,Walmart,google
Petite,2026-06-01,16:00:00,No,PetSmart,email
Petite,2026-06-01,17:03:00,Yes,Chewy,facebook
Petite,2026-06-01,18:06:00,No,Amazon,instagram
Petite,2026-06-01,19:09:00,Yes,Target,google
Petite,2026-06-01,08:12:00,No,Walmart,email
Petite,2026-06-01,09:15:00,Yes,PetSmart,facebook
Petite,2026-06-01,10:18:00,No,Chewy,instagram
Petite,2026-06-01,11:21:00,Yes,Amazon,google
Petite,2026-06-01,12:24:00,No,Target,email
Petite,2026-06-01,13:27:00,Yes,Walmart,facebook
Petite,2026-06-01,14:30:00,No,PetSmart,instagram
Petite,2026-06-01,15:33:00,Yes,Chewy,google
Petite,2026-06-01,16:36:00,No,Amazon,email
Petite,2026-06-01,17:39:00,Yes,Target,facebook
Petite,2026-06-01,18:42:00,No,Walmart,instagram
Regular,2026-06-01,08:00:00,No,PetSmart,email
Regular,2026-06-01,09:03:00,Yes,Chewy,facebook
Regular,2026-06-01,10:06:00,No,Amazon,instagram
Regular,2026-06-01,11:09:00,Yes,Target,google
Regular,2026-06-01,12:12:00,No,Walmart,email
Regular,2026-06-01,13:15:00,Yes,PetSmart,facebook
Regular,2026-06-01,14:18:00,No,Chewy,instagram
Regular,2026-06-01,15:21:00,Yes,Amazon,google
Regular,2026-06-01,16:24:00,No,Target,email
Regular,2026-06-01,17:27:00,Yes,Walmart,facebook
Regular,2026-06-01,18:30:00,No,PetSmart,instagram
Regular,2026-06-01,19:33:00,Yes,Chewy,google
Regular,2026-06-01,08:36:00,No,Amazon,email
Regular,2026-06-01,09:39:00,Yes,Target,facebook
Regular,2026-06-01,10:42:00,No,Walmart,instagram
Regular,2026-06-01,11:45:00,Yes,PetSmart,google
Regular,2026-06-01,12:48:00,No,Chewy,email
Regular,2026-06-01,13:51:00,Yes,Amazon,facebook
Regular,2026-06-01,14:54:00,No,Target,instagram
Regular,2026-06-01,15:57:00,Yes,Walmart,google
Regular,2026-06-01,16:00:00,No,PetSmart,email
Regular,2026-06-01,17:03:00,Yes,Chewy,facebook
Regular,2026-06-01,18:06:00,No,Amazon,instagram
Regular,2026-06-01,19:09:00,Yes,Target,google
Regular,2026-06-01,08:12:00,No,Walmart,email
Regular,2026-06-01,09:15:00,Yes,PetSmart,facebook
Regular,2026-06-01,10:18:00,No,Chewy,instagram
Regular,2026-06-01,11:21:00,Yes,Amazon,google
Regular,2026-06-01,12:24:00,No,Target,email
Regular,2026-06-01,13:27:00,Yes,Walmart,facebook
Regular,2026-06-01,14:30:00,No,PetSmart,instagram
Regular,2026-06-01,15:33:00,Yes,Chewy,google
Regular,2026-06-01,16:36:00,No,Amazon,email
Regular,2026-06-01,17:39:00,Yes,Target,facebook
Regular,2026-06-01,18:42:00,No,Walmart,instagram
Regular,2026-06-01,19:45:00,Yes,PetSmart,google
Regular,2026-06-01,08:48:00,No,Chewy,email
Regular,2026-06-01,09:51:00,Yes,Amazon,facebook
Regular,2026-06-01,10:54:00,No,Target,instagram
Regular,2026-06-01,11:57:00,Yes,Walmart,google
Regular,2026-06-01,12:00:00,No,PetSmart,email
Regular,2026-06-01,13:03:00,Yes,Chewy,facebook
Regular,2026-06-01,14:06:00,No,Amazon,instagram
Regular,2026-06-01,15:09:00,Yes,Target,google
Regular,2026-06-01,16:12:00,No,Walmart,email
Regular,2026-06-01,17:15:00,Yes,PetSmart,facebook
Regular,2026-06-01,18:18:00,No,Chewy,instagram
Regular,2026-06-01,19:21:00,Yes,Amazon,google
Regular,2026-06-01,08:24:00,No,Target,email
Regular,2026-06-01,09:27:00,Yes,Walmart,facebook
Regular,2026-06-01,10:30:00,No,PetSmart,instagram
Regular,2026-06-01,11:33:00,Yes,Chewy,google
Regular,2026-06-01,12:36:00,No,Amazon,email
Regular,2026-06-01,13:39:00,Yes,Target,facebook
Regular,2026-06-01,14:42:00,No,Walmart,instagram
Regular,2026-06-01,15:45:00,Yes,PetSmart,google
Regular,2026-06-01,16:48:00,No,Chewy,email
Regular,2026-06-01,17:51:00,Yes,Amazon,facebook
Regular,2026-06-01,18:54:00,No,Target,instagram
Regular,2026-06-01,19:57:00,Yes,Walmart,google
Regular,2026-06-01,08:00:00,No,PetSmart,email
Regular,2026-06-01,09:03:00,Yes,Chewy,facebook
Regular,2026-06-01,10:06:00,No,Amazon,instagram
Regular,2026-06-01,11:09:00,Yes,Target,google
Regular,2026-06-01,12:12:00,No,Walmart,email
Regular,2026-06-01,13:15:00,Yes,PetSmart,facebook
Regular,2026-06-01,14:18:00,No,Chewy,instagram
Regular,2026-06-01,15:21:00,Yes,Amazon,google
Regular,2026-06-01,16:24:00,No,Target,email
Regular,2026-06-01,17:27:00,Yes,Walmart,facebook
Regular,2026-06-01,18:30:00,No,PetSmart,instagram
Regular,2026-06-01,19:33:00,Yes,Chewy,google
Regular,2026-06-01,08:36:00,No,Amazon,email
Regular,2026-06-01,09:39:00,Yes,Target,facebook
Regular,2026-06-01,10:42:00,No,Walmart,instagram
Regular,2026-06-01,11:45:00,Yes,PetSmart,google
Regular,2026-06-01,12:48:00,No,Chewy,email
Regular,2026-06-01,13:51:00,Yes,Amazon,facebook
Regular,2026-06-01,14:54:00,No,Target,instagram
Regular,2026-06-01,15:57:00,Yes,Walmart,google
Regular,2026-06-01,16:00:00,No,PetSmart,email
Regular,2026-06-01,17:03:00,Yes,Chewy,facebook
Regular,2026-06-01,18:06:00,No,Amazon,instagram
Regular,2026-06-01,19:09:00,Yes,Target,google
Regular,2026-06-01,08:12:00,No,Walmart,email
Regular,2026-06-01,09:15:00,Yes,PetSmart,facebook
Regular,2026-06-01,10:18:00,No,Chewy,instagram
Regular,2026-06-01,11:21:00,Yes,Amazon,google
Regular,2026-06-01,12:24:00,No,Target,email
Regular,2026-06-01,13:27:00,Yes,Walmart,facebook
Regular,2026-06-01,14:30:00,No,PetSmart,instagram
Regular,2026-06-01,15:33:00,Yes,Chewy,google
Regular,2026-06-01,16:36:00,No,Amazon,email
Regular,2026-06-01,17:39:00,Yes,Target,facebook
Regular,2026-06-01,18:42:00,No,Walmart,instagram
Regular,2026-06-01,19:45:00,Yes,PetSmart,google
Regular,2026-06-01,08:48:00,No,Chewy,email
Regular,2026-06-01,09:51:00,Yes,Amazon,facebook
Regular,2026-06-01,10:54:00,No,Target,instagram
Regular,2026-06-01,11:57:00,Yes,Walmart,google
Regular,2026-06-01,12:00:00,No,PetSmart,email
Regular,2026-06-01,13:03:00,Yes,Chewy,facebook
Regular,2026-06-01,14:06:00,No,Amazon,instagram
Regular,2026-06-01,15:09:00,Yes,Target,google
Regular,2026-06-01,16:12:00,No,Walmart,email
Regular,2026-06-01,17:15:00,Yes,PetSmart,facebook
Regular,2026-06-01,18:18:00,No,Chewy,instagram
Regular,2026-06-01,19:21:00,Yes,Amazon,google
Regular,2026-06-01,08:24:00,No,Target,email
Regular,2026-06-01,09:27:00,Yes,Walmart,facebook
Regular,2026-06-01,10:30:00,No,PetSmart,instagram
Regular,2026-06-01,11:33:00,Yes,Chewy,google
Regular,2026-06-01,12:36:00,No,Amazon,email
Regular,2026-06-01,13:39:00,Yes,Target,facebook
Regular,2026-06-01,14:42:00,No,Walmart,instagram
Regular,2026-06-01,15:45:00,Yes,PetSmart,google
Regular,2026-06-01,16:48:00,No,Chewy,email
Regular,2026-06-01,17:51:00,Yes,Amazon,facebook
Regular,2026-06-01,18:54:00,No,Target,instagram
Regular,2026-06-01,19:57:00,Yes,Walmart,google
Regular,2026-06-01,08:00:00,No,PetSmart,email
Regular,2026-06-01,09:03:00,Yes,Chewy,facebook
Regular,2026-06-01,10:06:00,No,Amazon,instagram
Regular,2026-06-01,11:09:00,Yes,Target,google
Regular,2026-06-01,12:12:00,No,Walmart,email
Regular,2026-06-01,13:15:00,Yes,PetSmart,facebook
Regular,2026-06-01,14:18:00,No,Chewy,instagram
Regular,2026-06-01,15:21:00,Yes,Amazon,google
Regular,2026-06-01,16:24:00,No,Target,email
Regular,2026-06-01,17:27:00,Yes,Walmart,facebook
Regular,2026-06-01,18:30:00,No,PetSmart,instagram
Regular,2026-06-01,19:33:00,Yes,Chewy,google
Regular,2026-06-01,08:36:00,No,Amazon,email
Regular,2026-06-01,09:39:00,Yes,Target,facebook
Regular,2026-06-01,10:42:00,No,Walmart,instagram
Regular,2026-06-01,11:45:00,Yes,PetSmart,google
Regular,2026-06-01,12:48:00,No,Chewy,email
Regular,2026-06-01,13:51:00,Yes,Amazon,facebook
Regular,2026-06-01,14:54:00,No,Target,instagram
Regular,2026-06-01,15:57:00,Yes,Walmart,google
Regular,2026-06-01,16:00:00,No,PetSmart,email
Regular,2026-06-01,17:03:00,Yes,Chewy,facebook
Regular,2026-06-01,18:06:00,No,Amazon,instagram
Regular,2026-06-01,19:09:00,Yes,Target,google
Regular,2026-06-01,08:12:00,No,Walmart,email
Large,2026-06-01,08:00:00,No,PetSmart,email
Large,2026-06-01,09:03:00,Yes,Chewy,facebook
Large,2026-06-01,10:06:00,No,Amazon,instagram
Large,2026-06-01,11:09:00,Yes,Target,google
Large,2026-06-01,12:12:00,No,Walmart,email
Large,2026-06-01,13:15:00,Yes,PetSmart,facebook
Large,2026-06-01,14:18:00,No,Chewy,instagram
Large,2026-06-01,15:21:00,Yes,Amazon,google
Large,2026-06-01,16:24:00,No,Target,email
Large,2026-06-01,17:27:00,Yes,Walmart,facebook
Large,2026-06-01,18:30:00,No,PetSmart,instagram
Large,2026-06-01,19:33:00,Yes,Chewy,google
Large,2026-06-01,08:36:00,No,Amazon,email
Large,2026-06-01,09:39:00,Yes,Target,facebook
Large,2026-06-01,10:42:00,No,Walmart,instagram
Large,2026-06-01,11:45:00,Yes,PetSmart,google
Large,2026-06-01,12:48:00,No,Chewy,email
Large,2026-06-01,13:51:00,Yes,Amazon,facebook
Large,2026-06-01,14:54:00,No,Target,instagram
Large,2026-06-01,15:57:00,Yes,Walmart,google
Large,2026-06-01,16:00:00,No,PetSmart,email
Large,2026-06-01,17:03:00,Yes,Chewy,facebook
Large,2026-06-01,18:06:00,No,Amazon,instagram
Large,2026-06-01,19:09:00,Yes,Target,google
Large,2026-06-01,08:12:00,No,Walmart,email
Large,2026-06-01,09:15:00,Yes,PetSmart,facebook
Large,2026-06-01,10:18:00,No,Chewy,instagram
Large,2026-06-01,11:21:00,Yes,Amazon,google
Large,2026-06-01,12:24:00,No,Target,email
Large,2026-06-01,13:27:00,Yes,Walmart,facebook
Large,2026-06-01,14:30:00,No,PetSmart,instagram
Large,2026-06-01,15:33:00,Yes,Chewy,google
Large,2026-06-01,16:36:00,No,Amazon,email
Large,2026-06-01,17:39:00,Yes,Target,facebook
Large,2026-06-01,18:42:00,No,Walmart,instagram
Large,2026-06-01,19:45:00,Yes,PetSmart,google
Large,2026-06-01,08:48:00,No,Chewy,email
Large,2026-06-01,09:51:00,Yes,Amazon,facebook
Large,2026-06-01,10:54:00,No,Target,instagram
Large,2026-06-01,11:57:00,Yes,Walmart,google
Large,2026-06-01,12:00:00,No,PetSmart,email
Large,2026-06-01,13:03:00,Yes,Chewy,facebook
Large,2026-06-01,14:06:00,No,Amazon,instagram
Large,2026-06-01,15:09:00,Yes,Target,google
Large,2026-06-01,16:12:00,No,Walmart,email
Large,2026-06-01,17:15:00,Yes,PetSmart,facebook
Large,2026-06-01,18:18:00,No,Chewy,instagram
Large,2026-06-01,19:21:00,Yes,Amazon,google
Large,2026-06-01,08:24:00,No,Target,email
Large,2026-06-01,09:27:00,Yes,Walmart,facebook
Large,2026-06-01,10:30:00,No,PetSmart,instagram
Large,2026-06-01,11:33:00,Yes,Chewy,google
Large,2026-06-01,12:36:00,No,Amazon,email
Large,2026-06-01,13:39:00,Yes,Target,facebook
Large,2026-06-01,14:42:00,No,Walmart,instagram
Large,2026-06-01,15:45:00,Yes,PetSmart,google
Large,2026-06-01,16:48:00,No,Chewy,email
Large,2026-06-01,17:51:00,Yes,Amazon,facebook
Large,2026-06-01,18:54:00,No,Target,instagram
Large,2026-06-01,19:57:00,Yes,Walmart,google
Large,2026-06-01,08:00:00,No,PetSmart,email
Large,2026-06-01,09:03:00,Yes,Chewy,facebook
Large,2026-06-01,10:06:00,No,Amazon,instagram
Large,2026-06-01,11:09:00,Yes,Target,google
Large,2026-06-01,12:12:00,No,Walmart,email
Large,2026-06-01,13:15:00,Yes,PetSmart,facebook
Large,2026-06-01,14:18:00,No,Chewy,instagram
Large,2026-06-01,15:21:00,Yes,Amazon,google
Large,2026-06-01,16:24:00,No,Target,email
Large,2026-06-01,17:27:00,Yes,Walmart,facebook
Large,2026-06-01,18:30:00,No,PetSmart,instagram
Large,2026-06-01,19:33:00,Yes,Chewy,google
Large,2026-06-01,08:36:00,No,Amazon,email
Large,2026-06-01,09:39:00,Yes,Target,facebook
Large,2026-06-01,10:42:00,No,Walmart,instagram
Large,2026-06-01,11:45:00,Yes,PetSmart,google
Large,2026-06-01,12:48:00,No,Chewy,email
Large,2026-06-01,13:51:00,Yes,Amazon,facebook
Large,2026-06-01,14:54:00,No,Target,instagram
Large,2026-06-01,15:57:00,Yes,Walmart,google
Large,2026-06-01,16:00:00,No,PetSmart,email
Large,2026-06-01,17:03:00,Yes,Chewy,facebook
Large,2026-06-01,18:06:00,No,Amazon,instagram
Large,2026-06-01,19:09:00,Yes,Target,google
Large,2026-06-01,08:12:00,No,Walmart,email
Large,2026-06-01,09:15:00,Yes,PetSmart,facebook
Large,2026-06-01,10:18:00,No,Chewy,instagram
Large,2026-06-01,11:21:00,Yes,Amazon,google
Large,2026-06-01,12:24:00,No,Target,email
Large,2026-06-01,13:27:00,Yes,Walmart,facebook
Large,2026-06-01,14:30:00,No,PetSmart,instagram
Large,2026-06-01,15:33:00,Yes,Chewy,google
Large,2026-06-01,16:36:00,No,Amazon,email
Large,2026-06-01,17:39:00,Yes,Target,facebook
Large,2026-06-01,18:42:00,No,Walmart,instagram
Large,2026-06-01,19:45:00,Yes,PetSmart,google
Large,2026-06-01,08:48:00,No,Chewy,email
Large,2026-06-01,09:51:00,Yes,Amazon,facebook
Large,2026-06-01,10:54:00,No,Target,instagram
Large,2026-06-01,11:57:00,Yes,Walmart,google
Large,2026-06-01,12:00:00,No,PetSmart,email
Large,2026-06-01,13:03:00,Yes,Chewy,facebook
Large,2026-06-01,14:06:00,No,Amazon,instagram
Large,2026-06-01,15:09:00,Yes,Target,google
Large,2026-06-01,16:12:00,No,Walmart,email
Large,2026-06-01,17:15:00,Yes,PetSmart,facebook
Large,2026-06-01,18:18:00,No,Chewy,instagram
Large,2026-06-01,19:21:00,Yes,Amazon,google
Large,2026-06-01,08:24:00,No,Target,email
Large,2026-06-01,09:27:00,Yes,Walmart,facebook
Large,2026-06-01,10:30:00,No,PetSmart,instagram
Large,2026-06-01,11:33:00,Yes,Chewy,google
Large,2026-06-01,12:36:00,No,Amazon,email
Large,2026-06-01,13:39:00,Yes,Target,facebook
Large,2026-06-01,14:42:00,No,Walmart,instagram
Large,2026-06-01,15:45:00,Yes,PetSmart,google
Large,2026-06-01,16:48:00,No,Chewy,email
Large,2026-06-01,17:51:00,Yes,Amazon,facebook
Large,2026-06-01,18:54:00,No,Target,instagram
Large,2026-06-01,19:57:00,Yes,Walmart,google
Large,2026-06-01,08:00:00,No,PetSmart,email
Large,2026-06-01,09:03:00,Yes,Chewy,facebook
Large,2026-06-01,10:06:00,No,Amazon,instagram
Large,2026-06-01,11:09:00,Yes,Target,google
Large,2026-06-01,12:12:00,No,Walmart,email
Large,2026-06-01,13:15:00,Yes,PetSmart,facebook
Large,2026-06-01,14:18:00,No,Chewy,instagram
Large,2026-06-01,15:21:00,Yes,Amazon,google
Large,2026-06-01,16:24:00,No,Target,email
Large,2026-06-01,17:27:00,Yes,Walmart,facebook
Large,2026-06-01,18:30:00,No,PetSmart,instagram
Large,2026-06-01,19:33:00,Yes,Chewy,google
Large,2026-06-01,08:36:00,No,Amazon,email
Large,2026-06-01,09:39:00,Yes,Target,facebook
Large,2026-06-01,10:42:00,No,Walmart,instagram
Large,2026-06-01,11:45:00,Yes,PetSmart,google
Large,2026-06-01,12:48:00,No,Chewy,email
Large,2026-06-01,13:51:00,Yes,Amazon,facebook
Large,2026-06-01,14:54:00,No,Target,instagram
Large,2026-06-01,15:57:00,Yes,Walmart,google
Large,2026-06-01,16:00:00,No,PetSmart,email
Large,2026-06-01,17:03:00,Yes,Chewy,facebook
Large,2026-06-01,18:06:00,No,Amazon,instagram
Large,2026-06-01,19:09:00,Yes,Target,google
Large,2026-06-01,08:12:00,No,Walmart,email
Large,2026-06-01,09:15:00,Yes,PetSmart,facebook
Large,2026-06-01,10:18:00,No,Chewy,instagram
Large,2026-06-01,11:21:00,Yes,Amazon,google
Large,2026-06-01,12:24:00,No,Target,email
Large,2026-06-01,13:27:00,Yes,Walmart,facebook
Large,2026-06-01,14:30:00,No,PetSmart,instagram
Large,2026-06-01,15:33:00,Yes,Chewy,google
Large,2026-06-01,16:36:00,No,Amazon,email
Large,2026-06-01,17:39:00,Yes,Target,facebook
Large,2026-06-01,18:42:00,No,Walmart,instagram
Large,2026-06-01,19:45:00,Yes,PetSmart,google
Large,2026-06-01,08:48:00,No,Chewy,email
Large,2026-06-01,09:51:00,Yes,Amazon,facebook
Large,2026-06-01,10:54:00,No,Target,instagram
Large,2026-06-01,11:57:00,Yes,Walmart,google
Large,2026-06-01,12:00:00,No,PetSmart,email
Large,2026-06-01,13:03:00,Yes,Chewy,facebook
Large,2026-06-01,14:06:00,No,Amazon,instagram
Large,2026-06-01,15:09:00,Yes,Target,google
Large,2026-06-01,16:12:00,No,Walmart,email
Large,2026-06-01,17:15:00,Yes,PetSmart,facebook
Large,2026-06-01,18:18:00,No,Chewy,instagram
Large,2026-06-01,19:21:00,Yes,Amazon,google
Large,2026-06-01,08:24:00,No,Target,email
Large,2026-06-01,09:27:00,Yes,Walmart,facebook
Large,2026-06-01,10:30:00,No,PetSmart,instagram
Large,2026-06-01,11:33:00,Yes,Chewy,google
Large,2026-06-01,12:36:00,No,Amazon,email
Large,2026-06-01,13:39:00,Yes,Target,facebook
Large,2026-06-01,14:42:00,No,Walmart,instagram
Large,2026-06-01,15:45:00,Yes,PetSmart,google
Large,2026-06-01,16:48:00,No,Chewy,email
Large,2026-06-01,17:51:00,Yes,Amazon,facebook
Large,2026-06-01,18:54:00,No,Target,instagram
Large,2026-06-01,19:57:00,Yes,Walmart,google
Large,2026-06-01,08:00:00,No,PetSmart,email
Large,2026-06-01,09:03:00,Yes,Chewy,facebook
Large,2026-06-01,10:06:00,No,Amazon,instagram
Large,2026-06-01,11:09:00,Yes,Target,google
Large,2026-06-01,12:12:00,No,Walmart,email
TEENIE,2026-06-02,08:00:00,Yes,Chewy,facebook
TEENIE,2026-06-02,09:03:00,No,Amazon,instagram
TEENIE,2026-06-02,10:06:00,Yes,Target,google
TEENIE,2026-06-02,11:09:00,No,Walmart,email
TEENIE,2026-06-02,12:12:00,Yes,PetSmart,facebook
TEENIE,2026-06-02,13:15:00,No,Chewy,instagram
TEENIE,2026-06-02,14:18:00,Yes,Amazon,google
TEENIE,2026-06-02,15:21:00,No,Target,email
TEENIE,2026-06-02,16:24:00,Yes,Walmart,facebook
TEENIE,2026-06-02,17:27:00,No,PetSmart,instagram
TEENIE,2026-06-02,18:30:00,Yes,Chewy,google
TEENIE,2026-06-02,19:33:00,No,Amazon,email
TEENIE,2026-06-02,08:36:00,Yes,Target,facebook
TEENIE,2026-06-02,09:39:00,No,Walmart,instagram
TEENIE,2026-06-02,10:42:00,Yes,PetSmart,google
TEENIE,2026-06-02,11:45:00,No,Chewy,email
TEENIE,2026-06-02,12:48:00,Yes,Amazon,facebook
TEENIE,2026-06-02,13:51:00,No,Target,instagram
TEENIE,2026-06-02,14:54:00,Yes,Walmart,google
TEENIE,2026-06-02,15:57:00,No,PetSmart,email
TEENIE,2026-06-02,16:00:00,Yes,Chewy,facebook
TEENIE,2026-06-02,17:03:00,No,Amazon,instagram
TEENIE,2026-06-02,18:06:00,Yes,Target,google
TEENIE,2026-06-02,19:09:00,No,Walmart,email
TEENIE,2026-06-02,08:12:00,Yes,PetSmart,facebook
TEENIE,2026-06-02,09:15:00,No,Chewy,instagram
TEENIE,2026-06-02,10:18:00,Yes,Amazon,google
TEENIE,2026-06-02,11:21:00,No,Target,email
TEENIE,2026-06-02,12:24:00,Yes,Walmart,facebook
TEENIE,2026-06-02,13:27:00,No,PetSmart,instagram
TEENIE,2026-06-02,14:30:00,Yes,Chewy,google
TEENIE,2026-06-02,15:33:00,No,Amazon,email
TEENIE,2026-06-02,16:36:00,Yes,Target,facebook
TEENIE,2026-06-02,17:39:00,No,Walmart,instagram
TEENIE,2026-06-02,18:42:00,Yes,PetSmart,google
TEENIE,2026-06-02,19:45:00,No,Chewy,email
TEENIE,2026-06-02,08:48:00,Yes,Amazon,facebook
TEENIE,2026-06-02,09:51:00,No,Target,instagram
TEENIE,2026-06-02,10:54:00,Yes,Walmart,google
TEENIE,2026-06-02,11:57:00,No,PetSmart,email
TEENIE,2026-06-02,12:00:00,Yes,Chewy,facebook
TEENIE,2026-06-02,13:03:00,No,Amazon,instagram
TEENIE,2026-06-02,14:06:00,Yes,Target,google
TEENIE,2026-06-02,15:09:00,No,Walmart,email
TEENIE,2026-06-02,16:12:00,Yes,PetSmart,facebook
TEENIE,2026-06-02,17:15:00,No,Chewy,instagram
TEENIE,2026-06-02,18:18:00,Yes,Amazon,google
TEENIE,2026-06-02,19:21:00,No,Target,email
TEENIE,2026-06-02,08:24:00,Yes,Walmart,facebook
TEENIE,2026-06-02,09:27:00,No,PetSmart,instagram
TEENIE,2026-06-02,10:30:00,Yes,Chewy,google
TEENIE,2026-06-02,11:33:00,No,Amazon,email
TEENIE,2026-06-02,12:36:00,Yes,Target,facebook
TEENIE,2026-06-02,13:39:00,No,Walmart,instagram
TEENIE,2026-06-02,14:42:00,Yes,PetSmart,google
TEENIE,2026-06-02,15:45:00,No,Chewy,email
TEENIE,2026-06-02,16:48:00,Yes,Amazon,facebook
TEENIE,2026-06-02,17:51:00,No,Target,instagram
TEENIE,2026-06-02,18:54:00,Yes,Walmart,google
TEENIE,2026-06-02,19:57:00,No,PetSmart,email
TEENIE,2026-06-02,08:00:00,Yes,Chewy,facebook
TEENIE,2026-06-02,09:03:00,No,Amazon,instagram
TEENIE,2026-06-02,10:06:00,Yes,Target,google
TEENIE,2026-06-02,11:09:00,No,Walmart,email
TEENIE,2026-06-02,12:12:00,Yes,PetSmart,facebook
TEENIE,2026-06-02,13:15:00,No,Chewy,instagram
TEENIE,2026-06-02,14:18:00,Yes,Amazon,google
TEENIE,2026-06-02,15:21:00,No,Target,email
TEENIE,2026-06-02,16:24:00,Yes,Walmart,facebook
TEENIE,2026-06-02,17:27:00,No,PetSmart,instagram
TEENIE,2026-06-02,18:30:00,Yes,Chewy,google
TEENIE,2026-06-02,19:33:00,No,Amazon,email
TEENIE,2026-06-02,08:36:00,Yes,Target,facebook
TEENIE,2026-06-02,09:39:00,No,Walmart,instagram
TEENIE,2026-06-02,10:42:00,Yes,PetSmart,google
TEENIE,2026-06-02,11:45:00,No,Chewy,email
TEENIE,2026-06-02,12:48:00,Yes,Amazon,facebook
TEENIE,2026-06-02,13:51:00,No,Target,instagram
TEENIE,2026-06-02,14:54:00,Yes,Walmart,google
TEENIE,2026-06-02,15:57:00,No,PetSmart,email
TEENIE,2026-06-02,16:00:00,Yes,Chewy,facebook
TEENIE,2026-06-02,17:03:00,No,Amazon,instagram
TEENIE,2026-06-02,18:06:00,Yes,Target,google
TEENIE,2026-06-02,19:09:00,No,Walmart,email
TEENIE,2026-06-02,08:12:00,Yes,PetSmart,facebook
TEENIE,2026-06-02,09:15:00,No,Chewy,instagram
TEENIE,2026-06-02,10:18:00,Yes,Amazon,google
TEENIE,2026-06-02,11:21:00,No,Target,email
TEENIE,2026-06-02,12:24:00,Yes,Walmart,facebook
TEENIE,2026-06-02,13:27:00,No,PetSmart,instagram
TEENIE,2026-06-02,14:30:00,Yes,Chewy,google
TEENIE,2026-06-02,15:33:00,No,Amazon,email
TEENIE,2026-06-02,16:36:00,Yes,Target,facebook
TEENIE,2026-06-02,17:39:00,No,Walmart,instagram
TEENIE,2026-06-02,18:42:00,Yes,PetSmart,google
TEENIE,2026-06-02,19:45:00,No,Chewy,email
TEENIE,2026-06-02,08:48:00,Yes,Amazon,facebook
TEENIE,2026-06-02,09:51:00,No,Target,instagram
TEENIE,2026-06-02,10:54:00,Yes,Walmart,google
TEENIE,2026-06-02,11:57:00,No,PetSmart,email
TEENIE,2026-06-02,12:00:00,Yes,Chewy,facebook
TEENIE,2026-06-02,13:03:00,No,Amazon,instagram
TEENIE,2026-06-02,14:06:00,Yes,Target,google
TEENIE,2026-06-02,15:09:00,No,Walmart,email
TEENIE,2026-06-02,16:12:00,Yes,PetSmart,facebook
TEENIE,2026-06-02,17:15:00,No,Chewy,instagram
TEENIE,2026-06-02,18:18:00,Yes,Amazon,google
TEENIE,2026-06-02,19:21:00,No,Target,email
TEENIE,2026-06-02,08:24:00,Yes,Walmart,facebook
TEENIE,2026-06-02,09:27:00,No,PetSmart,instagram
TEENIE,2026-06-02,10:30:00,Yes,Chewy,google
TEENIE,2026-06-02,11:33:00,No,Amazon,email
TEENIE,2026-06-02,12:36:00,Yes,Target,facebook
TEENIE,2026-06-02,13:39:00,No,Walmart,instagram
TEENIE,2026-06-02,14:42:00,Yes,PetSmart,google
TEENIE,2026-06-02,15:45:00,No,Chewy,email
TEENIE,2026-06-02,16:48:00,Yes,Amazon,facebook
TEENIE,2026-06-02,17:51:00,No,Target,instagram
TEENIE,2026-06-02,18:54:00,Yes,Walmart,google
TEENIE,2026-06-02,19:57:00,No,PetSmart,email
TEENIE,2026-06-02,08:00:00,Yes,Chewy,facebook
TEENIE,2026-06-02,09:03:00,No,Amazon,instagram
TEENIE,2026-06-02,10:06:00,Yes,Target,google
TEENIE,2026-06-02,11:09:00,No,Walmart,email
TEENIE,2026-06-02,12:12:00,Yes,PetSmart,facebook
TEENIE,2026-06-02,13:15:00,No,Chewy,instagram
TEENIE,2026-06-02,14:18:00,Yes,Amazon,google
TEENIE,2026-06-02,15:21:00,No,Target,email
TEENIE,2026-06-02,16:24:00,Yes,Walmart,facebook
TEENIE,2026-06-02,17:27:00,No,PetSmart,instagram
TEENIE,2026-06-02,18:30:00,Yes,Chewy,google
TEENIE,2026-06-02,19:33:00,No,Amazon,email
Petite,2026-06-02,08:00:00,Yes,Chewy,facebook
Petite,2026-06-02,09:03:00,No,Amazon,instagram
Petite,2026-06-02,10:06:00,Yes,Target,google
Petite,2026-06-02,11:09:00,No,Walmart,email
Petite,2026-06-02,12:12:00,Yes,PetSmart,facebook
Petite,2026-06-02,13:15:00,No,Chewy,instagram
Petite,2026-06-02,14:18:00,Yes,Amazon,google
Petite,2026-06-02,15:21:00,No,Target,email
Petite,2026-06-02,16:24:00,Yes,Walmart,facebook
Petite,2026-06-02,17:27:00,No,PetSmart,instagram
Petite,2026-06-02,18:30:00,Yes,Chewy,google
Petite,2026-06-02,19:33:00,No,Amazon,email
Petite,2026-06-02,08:36:00,Yes,Target,facebook
Petite,2026-06-02,09:39:00,No,Walmart,instagram
Petite,2026-06-02,10:42:00,Yes,PetSmart,google
Petite,2026-06-02,11:45:00,No,Chewy,email
Petite,2026-06-02,12:48:00,Yes,Amazon,facebook
Petite,2026-06-02,13:51:00,No,Target,instagram
Petite,2026-06-02,14:54:00,Yes,Walmart,google
Petite,2026-06-02,15:57:00,No,PetSmart,email
Petite,2026-06-02,16:00:00,Yes,Chewy,facebook
Petite,2026-06-02,17:03:00,No,Amazon,instagram
Petite,2026-06-02,18:06:00,Yes,Target,google
Petite,2026-06-02,19:09:00,No,Walmart,email
Petite,2026-06-02,08:12:00,Yes,PetSmart,facebook
Petite,2026-06-02,09:15:00,No,Chewy,instagram
Petite,2026-06-02,10:18:00,Yes,Amazon,google
Petite,2026-06-02,11:21:00,No,Target,email
Petite,2026-06-02,12:24:00,Yes,Walmart,facebook
Petite,2026-06-02,13:27:00,No,PetSmart,instagram
Petite,2026-06-02,14:30:00,Yes,Chewy,google
Petite,2026-06-02,15:33:00,No,Amazon,email
Petite,2026-06-02,16:36:00,Yes,Target,facebook
Petite,2026-06-02,17:39:00,No,Walmart,instagram
Petite,2026-06-02,18:42:00,Yes,PetSmart,google
Petite,2026-06-02,19:45:00,No,Chewy,email
Petite,2026-06-02,08:48:00,Yes,Amazon,facebook
Petite,2026-06-02,09:51:00,No,Target,instagram
Petite,2026-06-02,10:54:00,Yes,Walmart,google
Petite,2026-06-02,11:57:00,No,PetSmart,email
Petite,2026-06-02,12:00:00,Yes,Chewy,facebook
Petite,2026-06-02,13:03:00,No,Amazon,instagram
Petite,2026-06-02,14:06:00,Yes,Target,google
Petite,2026-06-02,15:09:00,No,Walmart,email
Petite,2026-06-02,16:12:00,Yes,PetSmart,facebook
Petite,2026-06-02,17:15:00,No,Chewy,instagram
Petite,2026-06-02,18:18:00,Yes,Amazon,google
Petite,2026-06-02,19:21:00,No,Target,email
Petite,2026-06-02,08:24:00,Yes,Walmart,facebook
Petite,2026-06-02,09:27:00,No,PetSmart,instagram
Petite,2026-06-02,10:30:00,Yes,Chewy,google
Petite,2026-06-02,11:33:00,No,Amazon,email
Petite,2026-06-02,12:36:00,Yes,Target,facebook
Petite,2026-06-02,13:39:00,No,Walmart,instagram
Petite,2026-06-02,14:42:00,Yes,PetSmart,google
Petite,2026-06-02,15:45:00,No,Chewy,email
Petite,2026-06-02,16:48:00,Yes,Amazon,facebook
Petite,2026-06-02,17:51:00,No,Target,instagram
Petite,2026-06-02,18:54:00,Yes,Walmart,google
Petite,2026-06-02,19:57:00,No,PetSmart,email
Petite,2026-06-02,08:00:00,Yes,Chewy,facebook
Petite,2026-06-02,09:03:00,No,Amazon,instagram
Petite,2026-06-02,10:06:00,Yes,Target,google
Petite,2026-06-02,11:09:00,No,Walmart,email
Petite,2026-06-02,12:12:00,Yes,PetSmart,facebook
Petite,2026-06-02,13:15:00,No,Chewy,instagram
Petite,2026-06-02,14:18:00,Yes,Amazon,google
Petite,2026-06-02,15:21:00,No,Target,email
Petite,2026-06-02,16:24:00,Yes,Walmart,facebook
Petite,2026-06-02,17:27:00,No,PetSmart,instagram
Petite,2026-06-02,18:30:00,Yes,Chewy,google
Petite,2026-06-02,19:33:00,No,Amazon,email
Petite,2026-06-02,08:36:00,Yes,Target,facebook
Petite,2026-06-02,09:39:00,No,Walmart,instagram
Petite,2026-06-02,10:42:00,Yes,PetSmart,google
Petite,2026-06-02,11:45:00,No,Chewy,email
Petite,2026-06-02,12:48:00,Yes,Amazon,facebook
Petite,2026-06-02,13:51:00,No,Target,instagram
Petite,2026-06-02,14:54:00,Yes,Walmart,google
Petite,2026-06-02,15:57:00,No,PetSmart,email
Petite,2026-06-02,16:00:00,Yes,Chewy,facebook
Petite,2026-06-02,17:03:00,No,Amazon,instagram
Petite,2026-06-02,18:06:00,Yes,Target,google
Petite,2026-06-02,19:09:00,No,Walmart,email
Petite,2026-06-02,08:12:00,Yes,PetSmart,facebook
Petite,2026-06-02,09:15:00,No,Chewy,instagram
Petite,2026-06-02,10:18:00,Yes,Amazon,google
Petite,2026-06-02,11:21:00,No,Target,email
Petite,2026-06-02,12:24:00,Yes,Walmart,facebook
Petite,2026-06-02,13:27:00,No,PetSmart,instagram
Petite,2026-06-02,14:30:00,Yes,Chewy,google
Petite,2026-06-02,15:33:00,No,Amazon,email
Petite,2026-06-02,16:36:00,Yes,Target,facebook
Petite,2026-06-02,17:39:00,No,Walmart,instagram
Petite,2026-06-02,18:42:00,Yes,PetSmart,google
Petite,2026-06-02,19:45:00,No,Chewy,email
Petite,2026-06-02,08:48:00,Yes,Amazon,facebook
Petite,2026-06-02,09:51:00,No,Target,instagram
Petite,2026-06-02,10:54:00,Yes,Walmart,google
Petite,2026-06-02,11:57:00,No,PetSmart,email
Petite,2026-06-02,12:00:00,Yes,Chewy,facebook
Petite,2026-06-02,13:03:00,No,Amazon,instagram
Regular,2026-06-02,08:00:00,Yes,Chewy,facebook
Regular,2026-06-02,09:03:00,No,Amazon,instagram
Regular,2026-06-02,10:06:00,Yes,Target,google
Regular,2026-06-02,11:09:00,No,Walmart,email
Regular,2026-06-02,12:12:00,Yes,PetSmart,facebook
Regular,2026-06-02,13:15:00,No,Chewy,instagram
Regular,2026-06-02,14:18:00,Yes,Amazon,google
Regular,2026-06-02,15:21:00,No,Target,email
Regular,2026-06-02,16:24:00,Yes,Walmart,facebook
Regular,2026-06-02,17:27:00,No,PetSmart,instagram
Regular,2026-06-02,18:30:00,Yes,Chewy,google
Regular,2026-06-02,19:33:00,No,Amazon,email
Regular,2026-06-02,08:36:00,Yes,Target,facebook
Regular,2026-06-02,09:39:00,No,Walmart,instagram
Regular,2026-06-02,10:42:00,Yes,PetSmart,google
Regular,2026-06-02,11:45:00,No,Chewy,email
Regular,2026-06-02,12:48:00,Yes,Amazon,facebook
Regular,2026-06-02,13:51:00,No,Target,instagram
Regular,2026-06-02,14:54:00,Yes,Walmart,google
Regular,2026-06-02,15:57:00,No,PetSmart,email
Regular,2026-06-02,16:00:00,Yes,Chewy,facebook
Regular,2026-06-02,17:03:00,No,Amazon,instagram
Regular,2026-06-02,18:06:00,Yes,Target,google
Regular,2026-06-02,19:09:00,No,Walmart,email
Regular,2026-06-02,08:12:00,Yes,PetSmart,facebook
Regular,2026-06-02,09:15:00,No,Chewy,instagram
Regular,2026-06-02,10:18:00,Yes,Amazon,google
Regular,2026-06-02,11:21:00,No,Target,email
Regular,2026-06-02,12:24:00,Yes,Walmart,facebook
Regular,2026-06-02,13:27:00,No,PetSmart,instagram
Regular,2026-06-02,14:30:00,Yes,Chewy,google
Regular,2026-06-02,15:33:00,No,Amazon,email
Regular,2026-06-02,16:36:00,Yes,Target,facebook
Regular,2026-06-02,17:39:00,No,Walmart,instagram
Regular,2026-06-02,18:42:00,Yes,PetSmart,google
Regular,2026-06-02,19:45:00,No,Chewy,email
Regular,2026-06-02,08:48:00,Yes,Amazon,facebook
Regular,2026-06-02,09:51:00,No,Target,instagram
Regular,2026-06-02,10:54:00,Yes,Walmart,google
Regular,2026-06-02,11:57:00,No,PetSmart,email
Regular,2026-06-02,12:00:00,Yes,Chewy,facebook
Regular,2026-06-02,13:03:00,No,Amazon,instagram
Regular,2026-06-02,14:06:00,Yes,Target,google
Regular,2026-06-02,15:09:00,No,Walmart,email
Regular,2026-06-02,16:12:00,Yes,PetSmart,facebook
Regular,2026-06-02,17:15:00,No,Chewy,instagram
Regular,2026-06-02,18:18:00,Yes,Amazon,google
Regular,2026-06-02,19:21:00,No,Target,email
Regular,2026-06-02,08:24:00,Yes,Walmart,facebook
Regular,2026-06-02,09:27:00,No,PetSmart,instagram
Regular,2026-06-02,10:30:00,Yes,Chewy,google
Regular,2026-06-02,11:33:00,No,Amazon,email
Regular,2026-06-02,12:36:00,Yes,Target,facebook
Regular,2026-06-02,13:39:00,No,Walmart,instagram
Regular,2026-06-02,14:42:00,Yes,PetSmart,google
Regular,2026-06-02,15:45:00,No,Chewy,email
Regular,2026-06-02,16:48:00,Yes,Amazon,facebook
Regular,2026-06-02,17:51:00,No,Target,instagram
Regular,2026-06-02,18:54:00,Yes,Walmart,google
Regular,2026-06-02,19:57:00,No,PetSmart,email
Regular,2026-06-02,08:00:00,Yes,Chewy,facebook
Regular,2026-06-02,09:03:00,No,Amazon,instagram
Regular,2026-06-02,10:06:00,Yes,Target,google
Regular,2026-06-02,11:09:00,No,Walmart,email
Regular,2026-06-02,12:12:00,Yes,PetSmart,facebook
Regular,2026-06-02,13:15:00,No,Chewy,instagram
Regular,2026-06-02,14:18:00,Yes,Amazon,google
Regular,2026-06-02,15:21:00,No,Target,email
Regular,2026-06-02,16:24:00,Yes,Walmart,facebook
Regular,2026-06-02,17:27:00,No,PetSmart,instagram
Regular,2026-06-02,18:30:00,Yes,Chewy,google
Regular,2026-06-02,19:33:00,No,Amazon,email
Regular,2026-06-02,08:36:00,Yes,Target,facebook
Regular,2026-06-02,09:39:00,No,Walmart,instagram
Regular,2026-06-02,10:42:00,Yes,PetSmart,google
Regular,2026-06-02,11:45:00,No,Chewy,email
Regular,2026-06-02,12:48:00,Yes,Amazon,facebook
Regular,2026-06-02,13:51:00,No,Target,instagram
Regular,2026-06-02,14:54:00,Yes,Walmart,google
Regular,2026-06-02,15:57:00,No,PetSmart,email
Regular,2026-06-02,16:00:00,Yes,Chewy,facebook
Regular,2026-06-02,17:03:00,No,Amazon,instagram
Regular,2026-06-02,18:06:00,Yes,Target,google
Regular,2026-06-02,19:09:00,No,Walmart,email
Regular,2026-06-02,08:12:00,Yes,PetSmart,facebook
Regular,2026-06-02,09:15:00,No,Chewy,instagram
Regular,2026-06-02,10:18:00,Yes,Amazon,google
Regular,2026-06-02,11:21:00,No,Target,email
Regular,2026-06-02,12:24:00,Yes,Walmart,facebook
Regular,2026-06-02,13:27:00,No,PetSmart,instagram
Regular,2026-06-02,14:30:00,Yes,Chewy,google
Regular,2026-06-02,15:33:00,No,Amazon,email
Regular,2026-06-02,16:36:00,Yes,Target,facebook
Regular,2026-06-02,17:39:00,No,Walmart,instagram
Regular,2026-06-02,18:42:00,Yes,PetSmart,google
Regular,2026-06-02,19:45:00,No,Chewy,email
Regular,2026-06-02,08:48:00,Yes,Amazon,facebook
Regular,2026-06-02,09:51:00,No,Target,instagram
Regular,2026-06-02,10:54:00,Yes,Walmart,google
Regular,2026-06-02,11:57:00,No,PetSmart,email
Regular,2026-06-02,12:00:00,Yes,Chewy,facebook
Regular,2026-06-02,13:03:00,No,Amazon,instagram
Regular,2026-06-02,14:06:00,Yes,Target,google
Regular,2026-06-02,15:09:00,No,Walmart,email
Regular,2026-06-02,16:12:00,Yes,PetSmart,facebook
Regular,2026-06-02,17:15:00,No,Chewy,instagram
Regular,2026-06-02,18:18:00,Yes,Amazon,google
Regular,2026-06-02,19:21:00,No,Target,email
Regular,2026-06-02,08:24:00,Yes,Walmart,facebook
Regular,2026-06-02,09:27:00,No,PetSmart,instagram
Regular,2026-06-02,10:30:00,Yes,Chewy,google
Regular,2026-06-02,11:33:00,No,Amazon,email
Regular,2026-06-02,12:36:00,Yes,Target,facebook
Regular,2026-06-02,13:39:00,No,Walmart,instagram
Regular,2026-06-02,14:42:00,Yes,PetSmart,google
Regular,2026-06-02,15:45:00,No,Chewy,email
Regular,2026-06-02,16:48:00,Yes,Amazon,facebook
Regular,2026-06-02,17:51:00,No,Target,instagram
Regular,2026-06-02,18:54:00,Yes,Walmart,google
Regular,2026-06-02,19:57:00,No,PetSmart,email
Regular,2026-06-02,08:00:00,Yes,Chewy,facebook
Regular,2026-06-02,09:03:00,No,Amazon,instagram
Regular,2026-06-02,10:06:00,Yes,Target,google
Regular,2026-06-02,11:09:00,No,Walmart,email
Regular,2026-06-02,12:12:00,Yes,PetSmart,facebook
Regular,2026-06-02,13:15:00,No,Chewy,instagram
Regular,2026-06-02,14:18:00,Yes,Amazon,google
Regular,2026-06-02,15:21:00,No,Target,email
Regular,2026-06-02,16:24:00,Yes,Walmart,facebook
Regular,2026-06-02,17:27:00,No,PetSmart,instagram
Regular,2026-06-02,18:30:00,Yes,Chewy,google
Regular,2026-06-02,19:33:00,No,Amazon,email
Regular,2026-06-02,08:36:00,Yes,Target,facebook
Regular,2026-06-02,09:39:00,No,Walmart,instagram
Regular,2026-06-02,10:42:00,Yes,PetSmart,google
Regular,2026-06-02,11:45:00,No,Chewy,email
Regular,2026-06-02,12:48:00,Yes,Amazon,facebook
Regular,2026-06-02,13:51:00,No,Target,instagram
Regular,2026-06-02,14:54:00,Yes,Walmart,google
Regular,2026-06-02,15:57:00,No,PetSmart,email
Regular,2026-06-02,16:00:00,Yes,Chewy,facebook
Regular,2026-06-02,17:03:00,No,Amazon,instagram
Regular,2026-06-02,18:06:00,Yes,Target,google
Regular,2026-06-02,19:09:00,No,Walmart,email
Regular,2026-06-02,08:12:00,Yes,PetSmart,facebook
Regular,2026-06-02,09:15:00,No,Chewy,instagram
Regular,2026-06-02,10:18:00,Yes,Amazon,google
Regular,2026-06-02,11:21:00,No,Target,email
Regular,2026-06-02,12:24:00,Yes,Walmart,facebook
Regular,2026-06-02,13:27:00,No,PetSmart,instagram
Regular,2026-06-02,14:30:00,Yes,Chewy,google
Regular,2026-06-02,15:33:00,No,Amazon,email
Large,2026-06-02,08:00:00,Yes,Chewy,facebook
Large,2026-06-02,09:03:00,No,Amazon,instagram
Large,2026-06-02,10:06:00,Yes,Target,google
Large,2026-06-02,11:09:00,No,Walmart,email
Large,2026-06-02,12:12:00,Yes,PetSmart,facebook
Large,2026-06-02,13:15:00,No,Chewy,instagram
Large,2026-06-02,14:18:00,Yes,Amazon,google
Large,2026-06-02,15:21:00,No,Target,email
Large,2026-06-02,16:24:00,Yes,Walmart,facebook
Large,2026-06-02,17:27:00,No,PetSmart,instagram
Large,2026-06-02,18:30:00,Yes,Chewy,google
Large,2026-06-02,19:33:00,No,Amazon,email
Large,2026-06-02,08:36:00,Yes,Target,facebook
Large,2026-06-02,09:39:00,No,Walmart,instagram
Large,2026-06-02,10:42:00,Yes,PetSmart,google
Large,2026-06-02,11:45:00,No,Chewy,email
Large,2026-06-02,12:48:00,Yes,Amazon,facebook
Large,2026-06-02,13:51:00,No,Target,instagram
Large,2026-06-02,14:54:00,Yes,Walmart,google
Large,2026-06-02,15:57:00,No,PetSmart,email
Large,2026-06-02,16:00:00,Yes,Chewy,facebook
Large,2026-06-02,17:03:00,No,Amazon,instagram
Large,2026-06-02,18:06:00,Yes,Target,google
Large,2026-06-02,19:09:00,No,Walmart,email
Large,2026-06-02,08:12:00,Yes,PetSmart,facebook
Large,2026-06-02,09:15:00,No,Chewy,instagram
Large,2026-06-02,10:18:00,Yes,Amazon,google
Large,2026-06-02,11:21:00,No,Target,email
Large,2026-06-02,12:24:00,Yes,Walmart,facebook
Large,2026-06-02,13:27:00,No,PetSmart,instagram
Large,2026-06-02,14:30:00,Yes,Chewy,google
Large,2026-06-02,15:33:00,No,Amazon,email
Large,2026-06-02,16:36:00,Yes,Target,facebook
Large,2026-06-02,17:39:00,No,Walmart,instagram
Large,2026-06-02,18:42:00,Yes,PetSmart,google
Large,2026-06-02,19:45:00,No,Chewy,email
Large,2026-06-02,08:48:00,Yes,Amazon,facebook
Large,2026-06-02,09:51:00,No,Target,instagram
Large,2026-06-02,10:54:00,Yes,Walmart,google
Large,2026-06-02,11:57:00,No,PetSmart,email
Large,2026-06-02,12:00:00,Yes,Chewy,facebook
Large,2026-06-02,13:03:00,No,Amazon,instagram
Large,2026-06-02,14:06:00,Yes,Target,google
Large,2026-06-02,15:09:00,No,Walmart,email
Large,2026-06-02,16:12:00,Yes,PetSmart,facebook
Large,2026-06-02,17:15:00,No,Chewy,instagram
Large,2026-06-02,18:18:00,Yes,Amazon,google
Large,2026-06-02,19:21:00,No,Target,email
Large,2026-06-02,08:24:00,Yes,Walmart,facebook
Large,2026-06-02,09:27:00,No,PetSmart,instagram
Large,2026-06-02,10:30:00,Yes,Chewy,google
Large,2026-06-02,11:33:00,No,Amazon,email
Large,2026-06-02,12:36:00,Yes,Target,facebook
Large,2026-06-02,13:39:00,No,Walmart,instagram
Large,2026-06-02,14:42:00,Yes,PetSmart,google
Large,2026-06-02,15:45:00,No,Chewy,email
Large,2026-06-02,16:48:00,Yes,Amazon,facebook
Large,2026-06-02,17:51:00,No,Target,instagram
Large,2026-06-02,18:54:00,Yes,Walmart,google
Large,2026-06-02,19:57:00,No,PetSmart,email
Large,2026-06-02,08:00:00,Yes,Chewy,facebook
Large,2026-06-02,09:03:00,No,Amazon,instagram
Large,2026-06-02,10:06:00,Yes,Target,google
Large,2026-06-02,11:09:00,No,Walmart,email
Large,2026-06-02,12:12:00,Yes,PetSmart,facebook
Large,2026-06-02,13:15:00,No,Chewy,instagram
Large,2026-06-02,14:18:00,Yes,Amazon,google
Large,2026-06-02,15:21:00,No,Target,email
Large,2026-06-02,16:24:00,Yes,Walmart,facebook
Large,2026-06-02,17:27:00,No,PetSmart,instagram
Large,2026-06-02,18:30:00,Yes,Chewy,google
Large,2026-06-02,19:33:00,No,Amazon,email
Large,2026-06-02,08:36:00,Yes,Target,facebook
Large,2026-06-02,09:39:00,No,Walmart,instagram
Large,2026-06-02,10:42:00,Yes,PetSmart,google
Large,2026-06-02,11:45:00,No,Chewy,email
Large,2026-06-02,12:48:00,Yes,Amazon,facebook
Large,2026-06-02,13:51:00,No,Target,instagram
Large,2026-06-02,14:54:00,Yes,Walmart,google
Large,2026-06-02,15:57:00,No,PetSmart,email
Large,2026-06-02,16:00:00,Yes,Chewy,facebook
Large,2026-06-02,17:03:00,No,Amazon,instagram
Large,2026-06-02,18:06:00,Yes,Target,google
Large,2026-06-02,19:09:00,No,Walmart,email
Large,2026-06-02,08:12:00,Yes,PetSmart,facebook
Large,2026-06-02,09:15:00,No,Chewy,instagram
Large,2026-06-02,10:18:00,Yes,Amazon,google
Large,2026-06-02,11:21:00,No,Target,email
Large,2026-06-02,12:24:00,Yes,Walmart,facebook
Large,2026-06-02,13:27:00,No,PetSmart,instagram
Large,2026-06-02,14:30:00,Yes,Chewy,google
Large,2026-06-02,15:33:00,No,Amazon,email
Large,2026-06-02,16:36:00,Yes,Target,facebook
Large,2026-06-02,17:39:00,No,Walmart,instagram
Large,2026-06-02,18:42:00,Yes,PetSmart,google
Large,2026-06-02,19:45:00,No,Chewy,email
Large,2026-06-02,08:48:00,Yes,Amazon,facebook
Large,2026-06-02,09:51:00,No,Target,instagram
Large,2026-06-02,10:54:00,Yes,Walmart,google
Large,2026-06-02,11:57:00,No,PetSmart,email
Large,2026-06-02,12:00:00,Yes,Chewy,facebook
Large,2026-06-02,13:03:00,No,Amazon,instagram
Large,2026-06-02,14:06:00,Yes,Target,google
Large,2026-06-02,15:09:00,No,Walmart,email
Large,2026-06-02,16:12:00,Yes,PetSmart,facebook
Large,2026-06-02,17:15:00,No,Chewy,instagram
Large,2026-06-02,18:18:00,Yes,Amazon,google
Large,2026-06-02,19:21:00,No,Target,email
Large,2026-06-02,08:24:00,Yes,Walmart,facebook
Large,2026-06-02,09:27:00,No,PetSmart,instagram
Large,2026-06-02,10:30:00,Yes,Chewy,google
Large,2026-06-02,11:33:00,No,Amazon,email
Large,2026-06-02,12:36:00,Yes,Target,facebook
Large,2026-06-02,13:39:00,No,Walmart,instagram
Large,2026-06-02,14:42:00,Yes,PetSmart,google
Large,2026-06-02,15:45:00,No,Chewy,email
Large,2026-06-02,16:48:00,Yes,Amazon,facebook
Large,2026-06-02,17:51:00,No,Target,instagram
Large,2026-06-02,18:54:00,Yes,Walmart,google
Large,2026-06-02,19:57:00,No,PetSmart,email
Large,2026-06-02,08:00:00,Yes,Chewy,facebook
Large,2026-06-02,09:03:00,No,Amazon,instagram
Large,2026-06-02,10:06:00,Yes,Target,google
Large,2026-06-02,11:09:00,No,Walmart,email
Large,2026-06-02,12:12:00,Yes,PetSmart,facebook
Large,2026-06-02,13:15:00,No,Chewy,instagram
Large,2026-06-02,14:18:00,Yes,Amazon,google
Large,2026-06-02,15:21:00,No,Target,email
Large,2026-06-02,16:24:00,Yes,Walmart,facebook
Large,2026-06-02,17:27:00,No,PetSmart,instagram
Large,2026-06-02,18:30:00,Yes,Chewy,google
Large,2026-06-02,19:33:00,No,Amazon,email
Large,2026-06-02,08:36:00,Yes,Target,facebook
Large,2026-06-02,09:39:00,No,Walmart,instagram
Large,2026-06-02,10:42:00,Yes,PetSmart,google
Large,2026-06-02,11:45:00,No,Chewy,email
Large,2026-06-02,12:48:00,Yes,Amazon,facebook
Large,2026-06-02,13:51:00,No,Target,instagram
Large,2026-06-02,14:54:00,Yes,Walmart,google
Large,2026-06-02,15:57:00,No,PetSmart,email
Large,2026-06-02,16:00:00,Yes,Chewy,facebook
Large,2026-06-02,17:03:00,No,Amazon,instagram
Large,2026-06-02,18:06:00,Yes,Target,google
Large,2026-06-02,19:09:00,No,Walmart,email
Large,2026-06-02,08:12:00,Yes,PetSmart,facebook
Large,2026-06-02,09:15:00,No,Chewy,instagram
Large,2026-06-02,10:18:00,Yes,Amazon,google
Large,2026-06-02,11:21:00,No,Target,email
Large,2026-06-02,12:24:00,Yes,Walmart,facebook
Large,2026-06-02,13:27:00,No,PetSmart,instagram
Large,2026-06-02,14:30:00,Yes,Chewy,google
Large,2026-06-02,15:33:00,No,Amazon,email
Large,2026-06-02,16:36:00,Yes,Target,facebook
Large,2026-06-02,17:39:00,No,Walmart,instagram
Large,2026-06-02,18:42:00,Yes,PetSmart,google
Large,2026-06-02,19:45:00,No,Chewy,email
Large,2026-06-02,08:48:00,Yes,Amazon,facebook
Large,2026-06-02,09:51:00,No,Target,instagram
Large,2026-06-02,10:54:00,Yes,Walmart,google
Large,2026-06-02,11:57:00,No,PetSmart,email
Large,2026-06-02,12:00:00,Yes,Chewy,facebook
Large,2026-06-02,13:03:00,No,Amazon,instagram
Large,2026-06-02,14:06:00,Yes,Target,google
Large,2026-06-02,15:09:00,No,Walmart,email
Large,2026-06-02,16:12:00,Yes,PetSmart,facebook
Large,2026-06-02,17:15:00,No,Chewy,instagram
Large,2026-06-02,18:18:00,Yes,Amazon,google
Large,2026-06-02,19:21:00,No,Target,email
Large,2026-06-02,08:24:00,Yes,Walmart,facebook
Large,2026-06-02,09:27:00,No,PetSmart,instagram
Large,2026-06-02,10:30:00,Yes,Chewy,google
Large,2026-06-02,11:33:00,No,Amazon,email
Large,2026-06-02,12:36:00,Yes,Target,facebook
Large,2026-06-02,13:39:00,No,Walmart,instagram
Large,2026-06-02,14:42:00,Yes,PetSmart,google
Large,2026-06-02,15:45:00,No,Chewy,email
Large,2026-06-02,16:48:00,Yes,Amazon,facebook
Large,2026-06-02,17:51:00,No,Target,instagram
Large,2026-06-02,18:54:00,Yes,Walmart,google
Large,2026-06-02,19:57:00,No,PetSmart,email
Large,2026-06-02,08:00:00,Yes,Chewy,facebook
Large,2026-06-02,09:03:00,No,Amazon,instagram
Large,2026-06-02,10:06:00,Yes,Target,google
Large,2026-06-02,11:09:00,No,Walmart,email
Large,2026-06-02,12:12:00,Yes,PetSmart,facebook
Large,2026-06-02,13:15:00,No,Chewy,instagram
Large,2026-06-02,14:18:00,Yes,Amazon,google
Large,2026-06-02,15:21:00,No,Target,email
Large,2026-06-02,16:24:00,Yes,Walmart,facebook
Large,2026-06-02,17:27:00,No,PetSmart,instagram
Large,2026-06-02,18:30:00,Yes,Chewy,google
Large,2026-06-02,19:33:00,No,Amazon,email
TEENIE,2026-06-03,08:00:00,No,Amazon,instagram
TEENIE,2026-06-03,09:03:00,Yes,Target,google
TEENIE,2026-06-03,10:06:00,No,Walmart,email
TEENIE,2026-06-03,11:09:00,Yes,PetSmart,facebook
TEENIE,2026-06-03,12:12:00,No,Chewy,instagram
TEENIE,2026-06-03,13:15:00,Yes,Amazon,google
TEENIE,2026-06-03,14:18:00,No,Target,email
TEENIE,2026-06-03,15:21:00,Yes,Walmart,facebook
TEENIE,2026-06-03,16:24:00,No,PetSmart,instagram
TEENIE,2026-06-03,17:27:00,Yes,Chewy,google
TEENIE,2026-06-03,18:30:00,No,Amazon,email
TEENIE,2026-06-03,19:33:00,Yes,Target,facebook
TEENIE,2026-06-03,08:36:00,No,Walmart,instagram
TEENIE,2026-06-03,09:39:00,Yes,PetSmart,google
TEENIE,2026-06-03,10:42:00,No,Chewy,email
TEENIE,2026-06-03,11:45:00,Yes,Amazon,facebook
TEENIE,2026-06-03,12:48:00,No,Target,instagram
TEENIE,2026-06-03,13:51:00,Yes,Walmart,google
TEENIE,2026-06-03,14:54:00,No,PetSmart,email
TEENIE,2026-06-03,15:57:00,Yes,Chewy,facebook
TEENIE,2026-06-03,16:00:00,No,Amazon,instagram
TEENIE,2026-06-03,17:03:00,Yes,Target,google
TEENIE,2026-06-03,18:06:00,No,Walmart,email
TEENIE,2026-06-03,19:09:00,Yes,PetSmart,facebook
TEENIE,2026-06-03,08:12:00,No,Chewy,instagram
TEENIE,2026-06-03,09:15:00,Yes,Amazon,google
TEENIE,2026-06-03,10:18:00,No,Target,email
TEENIE,2026-06-03,11:21:00,Yes,Walmart,facebook
TEENIE,2026-06-03,12:24:00,No,PetSmart,instagram
TEENIE,2026-06-03,13:27:00,Yes,Chewy,google
TEENIE,2026-06-03,14:30:00,No,Amazon,email
TEENIE,2026-06-03,15:33:00,Yes,Target,facebook
TEENIE,2026-06-03,16:36:00,No,Walmart,instagram
TEENIE,2026-06-03,17:39:00,Yes,PetSmart,google
TEENIE,2026-06-03,18:42:00,No,Chewy,email
TEENIE,2026-06-03,19:45:00,Yes,Amazon,facebook
TEENIE,2026-06-03,08:48:00,No,Target,instagram
TEENIE,2026-06-03,09:51:00,Yes,Walmart,google
TEENIE,2026-06-03,10:54:00,No,PetSmart,email
TEENIE,2026-06-03,11:57:00,Yes,Chewy,facebook
TEENIE,2026-06-03,12:00:00,No,Amazon,instagram
TEENIE,2026-06-03,13:03:00,Yes,Target,google
TEENIE,2026-06-03,14:06:00,No,Walmart,email
TEENIE,2026-06-03,15:09:00,Yes,PetSmart,facebook
TEENIE,2026-06-03,16:12:00,No,Chewy,instagram
TEENIE,2026-06-03,17:15:00,Yes,Amazon,google
TEENIE,2026-06-03,18:18:00,No,Target,email
TEENIE,2026-06-03,19:21:00,Yes,Walmart,facebook
TEENIE,2026-06-03,08:24:00,No,PetSmart,instagram
TEENIE,2026-06-03,09:27:00,Yes,Chewy,google
TEENIE,2026-06-03,10:30:00,No,Amazon,email
TEENIE,2026-06-03,11:33:00,Yes,Target,facebook
TEENIE,2026-06-03,12:36:00,No,Walmart,instagram
TEENIE,2026-06-03,13:39:00,Yes,PetSmart,google
TEENIE,2026-06-03,14:42:00,No,Chewy,email
TEENIE,2026-06-03,15:45:00,Yes,Amazon,facebook
TEENIE,2026-06-03,16:48:00,No,Target,instagram
TEENIE,2026-06-03,17:51:00,Yes,Walmart,google
TEENIE,2026-06-03,18:54:00,No,PetSmart,email
TEENIE,2026-06-03,19:57:00,Yes,Chewy,facebook
TEENIE,2026-06-03,08:00:00,No,Amazon,instagram
TEENIE,2026-06-03,09:03:00,Yes,Target,google
TEENIE,2026-06-03,10:06:00,No,Walmart,email
TEENIE,2026-06-03,11:09:00,Yes,PetSmart,facebook
TEENIE,2026-06-03,12:12:00,No,Chewy,instagram
TEENIE,2026-06-03,13:15:00,Yes,Amazon,google
TEENIE,2026-06-03,14:18:00,No,Target,email
TEENIE,2026-06-03,15:21:00,Yes,Walmart,facebook
TEENIE,2026-06-03,16:24:00,No,PetSmart,instagram
TEENIE,2026-06-03,17:27:00,Yes,Chewy,google
TEENIE,2026-06-03,18:30:00,No,Amazon,email
TEENIE,2026-06-03,19:33:00,Yes,Target,facebook
TEENIE,2026-06-03,08:36:00,No,Walmart,instagram
TEENIE,2026-06-03,09:39:00,Yes,PetSmart,google
TEENIE,2026-06-03,10:42:00,No,Chewy,email
TEENIE,2026-06-03,11:45:00,Yes,Amazon,facebook
TEENIE,2026-06-03,12:48:00,No,Target,instagram
TEENIE,2026-06-03,13:51:00,Yes,Walmart,google
TEENIE,2026-06-03,14:54:00,No,PetSmart,email
TEENIE,2026-06-03,15:57:00,Yes,Chewy,facebook
TEENIE,2026-06-03,16:00:00,No,Amazon,instagram
TEENIE,2026-06-03,17:03:00,Yes,Target,google
TEENIE,2026-06-03,18:06:00,No,Walmart,email
TEENIE,2026-06-03,19:09:00,Yes,PetSmart,facebook
TEENIE,2026-06-03,08:12:00,No,Chewy,instagram
TEENIE,2026-06-03,09:15:00,Yes,Amazon,google
TEENIE,2026-06-03,10:18:00,No,Target,email
TEENIE,2026-06-03,11:21:00,Yes,Walmart,facebook
TEENIE,2026-06-03,12:24:00,No,PetSmart,instagram
TEENIE,2026-06-03,13:27:00,Yes,Chewy,google
TEENIE,2026-06-03,14:30:00,No,Amazon,email
TEENIE,2026-06-03,15:33:00,Yes,Target,facebook
TEENIE,2026-06-03,16:36:00,No,Walmart,instagram
TEENIE,2026-06-03,17:39:00,Yes,PetSmart,google
TEENIE,2026-06-03,18:42:00,No,Chewy,email
TEENIE,2026-06-03,19:45:00,Yes,Amazon,facebook
TEENIE,2026-06-03,08:48:00,No,Target,instagram
TEENIE,2026-06-03,09:51:00,Yes,Walmart,google
TEENIE,2026-06-03,10:54:00,No,PetSmart,email
TEENIE,2026-06-03,11:57:00,Yes,Chewy,facebook
TEENIE,2026-06-03,12:00:00,No,Amazon,instagram
TEENIE,2026-06-03,13:03:00,Yes,Target,google
TEENIE,2026-06-03,14:06:00,No,Walmart,email
TEENIE,2026-06-03,15:09:00,Yes,PetSmart,facebook
TEENIE,2026-06-03,16:12:00,No,Chewy,instagram
TEENIE,2026-06-03,17:15:00,Yes,Amazon,google
TEENIE,2026-06-03,18:18:00,No,Target,email
TEENIE,2026-06-03,19:21:00,Yes,Walmart,facebook
TEENIE,2026-06-03,08:24:00,No,PetSmart,instagram
TEENIE,2026-06-03,09:27:00,Yes,Chewy,google
TEENIE,2026-06-03,10:30:00,No,Amazon,email
TEENIE,2026-06-03,11:33:00,Yes,Target,facebook
TEENIE,2026-06-03,12:36:00,No,Walmart,instagram
TEENIE,2026-06-03,13:39:00,Yes,PetSmart,google
Petite,2026-06-03,08:00:00,No,Amazon,instagram
Petite,2026-06-03,09:03:00,Yes,Target,google
Petite,2026-06-03,10:06:00,No,Walmart,email
Petite,2026-06-03,11:09:00,Yes,PetSmart,facebook
Petite,2026-06-03,12:12:00,No,Chewy,instagram
Petite,2026-06-03,13:15:00,Yes,Amazon,google
Petite,2026-06-03,14:18:00,No,Target,email
Petite,2026-06-03,15:21:00,Yes,Walmart,facebook
Petite,2026-06-03,16:24:00,No,PetSmart,instagram
Petite,2026-06-03,17:27:00,Yes,Chewy,google
Petite,2026-06-03,18:30:00,No,Amazon,email
Petite,2026-06-03,19:33:00,Yes,Target,facebook
Petite,2026-06-03,08:36:00,No,Walmart,instagram
Petite,2026-06-03,09:39:00,Yes,PetSmart,google
Petite,2026-06-03,10:42:00,No,Chewy,email
Petite,2026-06-03,11:45:00,Yes,Amazon,facebook
Petite,2026-06-03,12:48:00,No,Target,instagram
Petite,2026-06-03,13:51:00,Yes,Walmart,google
Petite,2026-06-03,14:54:00,No,PetSmart,email
Petite,2026-06-03,15:57:00,Yes,Chewy,facebook
Petite,2026-06-03,16:00:00,No,Amazon,instagram
Petite,2026-06-03,17:03:00,Yes,Target,google
Petite,2026-06-03,18:06:00,No,Walmart,email
Petite,2026-06-03,19:09:00,Yes,PetSmart,facebook
Petite,2026-06-03,08:12:00,No,Chewy,instagram
Petite,2026-06-03,09:15:00,Yes,Amazon,google
Petite,2026-06-03,10:18:00,No,Target,email
Petite,2026-06-03,11:21:00,Yes,Walmart,facebook
Petite,2026-06-03,12:24:00,No,PetSmart,instagram
Petite,2026-06-03,13:27:00,Yes,Chewy,google
Petite,2026-06-03,14:30:00,No,Amazon,email
Petite,2026-06-03,15:33:00,Yes,Target,facebook
Petite,2026-06-03,16:36:00,No,Walmart,instagram
Petite,2026-06-03,17:39:00,Yes,PetSmart,google
Petite,2026-06-03,18:42:00,No,Chewy,email
Petite,2026-06-03,19:45:00,Yes,Amazon,facebook
Petite,2026-06-03,08:48:00,No,Target,instagram
Petite,2026-06-03,09:51:00,Yes,Walmart,google
Petite,2026-06-03,10:54:00,No,PetSmart,email
Petite,2026-06-03,11:57:00,Yes,Chewy,facebook
Petite,2026-06-03,12:00:00,No,Amazon,instagram
Petite,2026-06-03,13:03:00,Yes,Target,google
Petite,2026-06-03,14:06:00,No,Walmart,email
Petite,2026-06-03,15:09:00,Yes,PetSmart,facebook
Petite,2026-06-03,16:12:00,No,Chewy,instagram
Petite,2026-06-03,17:15:00,Yes,Amazon,google
Petite,2026-06-03,18:18:00,No,Target,email
Petite,2026-06-03,19:21:00,Yes,Walmart,facebook
Petite,2026-06-03,08:24:00,No,PetSmart,instagram
Petite,2026-06-03,09:27:00,Yes,Chewy,google
Petite,2026-06-03,10:30:00,No,Amazon,email
Petite,2026-06-03,11:33:00,Yes,Target,facebook
Petite,2026-06-03,12:36:00,No,Walmart,instagram
Petite,2026-06-03,13:39:00,Yes,PetSmart,google
Petite,2026-06-03,14:42:00,No,Chewy,email
Petite,2026-06-03,15:45:00,Yes,Amazon,facebook
Petite,2026-06-03,16:48:00,No,Target,instagram
Petite,2026-06-03,17:51:00,Yes,Walmart,google
Petite,2026-06-03,18:54:00,No,PetSmart,email
Petite,2026-06-03,19:57:00,Yes,Chewy,facebook
Petite,2026-06-03,08:00:00,No,Amazon,instagram
Petite,2026-06-03,09:03:00,Yes,Target,google
Petite,2026-06-03,10:06:00,No,Walmart,email
Petite,2026-06-03,11:09:00,Yes,PetSmart,facebook
Petite,2026-06-03,12:12:00,No,Chewy,instagram
Petite,2026-06-03,13:15:00,Yes,Amazon,google
Petite,2026-06-03,14:18:00,No,Target,email
Petite,2026-06-03,15:21:00,Yes,Walmart,facebook
Petite,2026-06-03,16:24:00,No,PetSmart,instagram
Petite,2026-06-03,17:27:00,Yes,Chewy,google
Petite,2026-06-03,18:30:00,No,Amazon,email
Petite,2026-06-03,19:33:00,Yes,Target,facebook
Petite,2026-06-03,08:36:00,No,Walmart,instagram
Petite,2026-06-03,09:39:00,Yes,PetSmart,google
Petite,2026-06-03,10:42:00,No,Chewy,email
Petite,2026-06-03,11:45:00,Yes,Amazon,facebook
Petite,2026-06-03,12:48:00,No,Target,instagram
Petite,2026-06-03,13:51:00,Yes,Walmart,google
Petite,2026-06-03,14:54:00,No,PetSmart,email
Petite,2026-06-03,15:57:00,Yes,Chewy,facebook
Petite,2026-06-03,16:00:00,No,Amazon,instagram
Petite,2026-06-03,17:03:00,Yes,Target,google
Petite,2026-06-03,18:06:00,No,Walmart,email
Petite,2026-06-03,19:09:00,Yes,PetSmart,facebook
Regular,2026-06-03,08:00:00,No,Amazon,instagram
Regular,2026-06-03,09:03:00,Yes,Target,google
Regular,2026-06-03,10:06:00,No,Walmart,email
Regular,2026-06-03,11:09:00,Yes,PetSmart,facebook
Regular,2026-06-03,12:12:00,No,Chewy,instagram
Regular,2026-06-03,13:15:00,Yes,Amazon,google
Regular,2026-06-03,14:18:00,No,Target,email
Regular,2026-06-03,15:21:00,Yes,Walmart,facebook
Regular,2026-06-03,16:24:00,No,PetSmart,instagram
Regular,2026-06-03,17:27:00,Yes,Chewy,google
Regular,2026-06-03,18:30:00,No,Amazon,email
Regular,2026-06-03,19:33:00,Yes,Target,facebook
Regular,2026-06-03,08:36:00,No,Walmart,instagram
Regular,2026-06-03,09:39:00,Yes,PetSmart,google
Regular,2026-06-03,10:42:00,No,Chewy,email
Regular,2026-06-03,11:45:00,Yes,Amazon,facebook
Regular,2026-06-03,12:48:00,No,Target,instagram
Regular,2026-06-03,13:51:00,Yes,Walmart,google
Regular,2026-06-03,14:54:00,No,PetSmart,email
Regular,2026-06-03,15:57:00,Yes,Chewy,facebook
Regular,2026-06-03,16:00:00,No,Amazon,instagram
Regular,2026-06-03,17:03:00,Yes,Target,google
Regular,2026-06-03,18:06:00,No,Walmart,email
Regular,2026-06-03,19:09:00,Yes,PetSmart,facebook
Regular,2026-06-03,08:12:00,No,Chewy,instagram
Regular,2026-06-03,09:15:00,Yes,Amazon,google
Regular,2026-06-03,10:18:00,No,Target,email
Regular,2026-06-03,11:21:00,Yes,Walmart,facebook
Regular,2026-06-03,12:24:00,No,PetSmart,instagram
Regular,2026-06-03,13:27:00,Yes,Chewy,google
Regular,2026-06-03,14:30:00,No,Amazon,email
Regular,2026-06-03,15:33:00,Yes,Target,facebook
Regular,2026-06-03,16:36:00,No,Walmart,instagram
Regular,2026-06-03,17:39:00,Yes,PetSmart,google
Regular,2026-06-03,18:42:00,No,Chewy,email
Regular,2026-06-03,19:45:00,Yes,Amazon,facebook
Regular,2026-06-03,08:48:00,No,Target,instagram
Regular,2026-06-03,09:51:00,Yes,Walmart,google
Regular,2026-06-03,10:54:00,No,PetSmart,email
Regular,2026-06-03,11:57:00,Yes,Chewy,facebook
Regular,2026-06-03,12:00:00,No,Amazon,instagram
Regular,2026-06-03,13:03:00,Yes,Target,google
Regular,2026-06-03,14:06:00,No,Walmart,email
Regular,2026-06-03,15:09:00,Yes,PetSmart,facebook
Regular,2026-06-03,16:12:00,No,Chewy,instagram
Regular,2026-06-03,17:15:00,Yes,Amazon,google
Regular,2026-06-03,18:18:00,No,Target,email
Regular,2026-06-03,19:21:00,Yes,Walmart,facebook
Regular,2026-06-03,08:24:00,No,PetSmart,instagram
Regular,2026-06-03,09:27:00,Yes,Chewy,google
Regular,2026-06-03,10:30:00,No,Amazon,email
Regular,2026-06-03,11:33:00,Yes,Target,facebook
Regular,2026-06-03,12:36:00,No,Walmart,instagram
Regular,2026-06-03,13:39:00,Yes,PetSmart,google
Regular,2026-06-03,14:42:00,No,Chewy,email
Regular,2026-06-03,15:45:00,Yes,Amazon,facebook
Regular,2026-06-03,16:48:00,No,Target,instagram
Regular,2026-06-03,17:51:00,Yes,Walmart,google
Regular,2026-06-03,18:54:00,No,PetSmart,email
Regular,2026-06-03,19:57:00,Yes,Chewy,facebook
Regular,2026-06-03,08:00:00,No,Amazon,instagram
Regular,2026-06-03,09:03:00,Yes,Target,google
Regular,2026-06-03,10:06:00,No,Walmart,email
Regular,2026-06-03,11:09:00,Yes,PetSmart,facebook
Regular,2026-06-03,12:12:00,No,Chewy,instagram
Regular,2026-06-03,13:15:00,Yes,Amazon,google
Regular,2026-06-03,14:18:00,No,Target,email
Regular,2026-06-03,15:21:00,Yes,Walmart,facebook
Regular,2026-06-03,16:24:00,No,PetSmart,instagram
Regular,2026-06-03,17:27:00,Yes,Chewy,google
Regular,2026-06-03,18:30:00,No,Amazon,email
Regular,2026-06-03,19:33:00,Yes,Target,facebook
Regular,2026-06-03,08:36:00,No,Walmart,instagram
Regular,2026-06-03,09:39:00,Yes,PetSmart,google
Regular,2026-06-03,10:42:00,No,Chewy,email
Regular,2026-06-03,11:45:00,Yes,Amazon,facebook
Regular,2026-06-03,12:48:00,No,Target,instagram
Regular,2026-06-03,13:51:00,Yes,Walmart,google
Regular,2026-06-03,14:54:00,No,PetSmart,email
Regular,2026-06-03,15:57:00,Yes,Chewy,facebook
Regular,2026-06-03,16:00:00,No,Amazon,instagram
Regular,2026-06-03,17:03:00,Yes,Target,google
Regular,2026-06-03,18:06:00,No,Walmart,email
Regular,2026-06-03,19:09:00,Yes,PetSmart,facebook
Regular,2026-06-03,08:12:00,No,Chewy,instagram
Regular,2026-06-03,09:15:00,Yes,Amazon,google
Regular,2026-06-03,10:18:00,No,Target,email
Regular,2026-06-03,11:21:00,Yes,Walmart,facebook
Regular,2026-06-03,12:24:00,No,PetSmart,instagram
Regular,2026-06-03,13:27:00,Yes,Chewy,google
Regular,2026-06-03,14:30:00,No,Amazon,email
Regular,2026-06-03,15:33:00,Yes,Target,facebook
Regular,2026-06-03,16:36:00,No,Walmart,instagram
Regular,2026-06-03,17:39:00,Yes,PetSmart,google
Regular,2026-06-03,18:42:00,No,Chewy,email
Regular,2026-06-03,19:45:00,Yes,Amazon,facebook
Regular,2026-06-03,08:48:00,No,Target,instagram
Regular,2026-06-03,09:51:00,Yes,Walmart,google
Regular,2026-06-03,10:54:00,No,PetSmart,email
Regular,2026-06-03,11:57:00,Yes,Chewy,facebook
Regular,2026-06-03,12:00:00,No,Amazon,instagram
Regular,2026-06-03,13:03:00,Yes,Target,google
Regular,2026-06-03,14:06:00,No,Walmart,email
Regular,2026-06-03,15:09:00,Yes,PetSmart,facebook
Regular,2026-06-03,16:12:00,No,Chewy,instagram
Regular,2026-06-03,17:15:00,Yes,Amazon,google
Regular,2026-06-03,18:18:00,No,Target,email
Regular,2026-06-03,19:21:00,Yes,Walmart,facebook
Regular,2026-06-03,08:24:00,No,PetSmart,instagram
Regular,2026-06-03,09:27:00,Yes,Chewy,google
Regular,2026-06-03,10:30:00,No,Amazon,email
Regular,2026-06-03,11:33:00,Yes,Target,facebook
Regular,2026-06-03,12:36:00,No,Walmart,instagram
Regular,2026-06-03,13:39:00,Yes,PetSmart,google
Regular,2026-06-03,14:42:00,No,Chewy,email
Regular,2026-06-03,15:45:00,Yes,Amazon,facebook
Regular,2026-06-03,16:48:00,No,Target,instagram
Regular,2026-06-03,17:51:00,Yes,Walmart,google
Regular,2026-06-03,18:54:00,No,PetSmart,email
Regular,2026-06-03,19:57:00,Yes,Chewy,facebook
Regular,2026-06-03,08:00:00,No,Amazon,instagram
Regular,2026-06-03,09:03:00,Yes,Target,google
Regular,2026-06-03,10:06:00,No,Walmart,email
Regular,2026-06-03,11:09:00,Yes,PetSmart,facebook
Regular,2026-06-03,12:12:00,No,Chewy,instagram
Regular,2026-06-03,13:15:00,Yes,Amazon,google
Regular,2026-06-03,14:18:00,No,Target,email
Regular,2026-06-03,15:21:00,Yes,Walmart,facebook
Regular,2026-06-03,16:24:00,No,PetSmart,instagram
Regular,2026-06-03,17:27:00,Yes,Chewy,google
Regular,2026-06-03,18:30:00,No,Amazon,email
Regular,2026-06-03,19:33:00,Yes,Target,facebook
Regular,2026-06-03,08:36:00,No,Walmart,instagram
Regular,2026-06-03,09:39:00,Yes,PetSmart,google
Large,2026-06-03,08:00:00,No,Amazon,instagram
Large,2026-06-03,09:03:00,Yes,Target,google
Large,2026-06-03,10:06:00,No,Walmart,email
Large,2026-06-03,11:09:00,Yes,PetSmart,facebook
Large,2026-06-03,12:12:00,No,Chewy,instagram
Large,2026-06-03,13:15:00,Yes,Amazon,google
Large,2026-06-03,14:18:00,No,Target,email
Large,2026-06-03,15:21:00,Yes,Walmart,facebook
Large,2026-06-03,16:24:00,No,PetSmart,instagram
Large,2026-06-03,17:27:00,Yes,Chewy,google
Large,2026-06-03,18:30:00,No,Amazon,email
Large,2026-06-03,19:33:00,Yes,Target,facebook
Large,2026-06-03,08:36:00,No,Walmart,instagram
Large,2026-06-03,09:39:00,Yes,PetSmart,google
Large,2026-06-03,10:42:00,No,Chewy,email
Large,2026-06-03,11:45:00,Yes,Amazon,facebook
Large,2026-06-03,12:48:00,No,Target,instagram
Large,2026-06-03,13:51:00,Yes,Walmart,google
Large,2026-06-03,14:54:00,No,PetSmart,email
Large,2026-06-03,15:57:00,Yes,Chewy,facebook
Large,2026-06-03,16:00:00,No,Amazon,instagram
Large,2026-06-03,17:03:00,Yes,Target,google
Large,2026-06-03,18:06:00,No,Walmart,email
Large,2026-06-03,19:09:00,Yes,PetSmart,facebook
Large,2026-06-03,08:12:00,No,Chewy,instagram
Large,2026-06-03,09:15:00,Yes,Amazon,google
Large,2026-06-03,10:18:00,No,Target,email
Large,2026-06-03,11:21:00,Yes,Walmart,facebook
Large,2026-06-03,12:24:00,No,PetSmart,instagram
Large,2026-06-03,13:27:00,Yes,Chewy,google
Large,2026-06-03,14:30:00,No,Amazon,email
Large,2026-06-03,15:33:00,Yes,Target,facebook
Large,2026-06-03,16:36:00,No,Walmart,instagram
Large,2026-06-03,17:39:00,Yes,PetSmart,google
Large,2026-06-03,18:42:00,No,Chewy,email
Large,2026-06-03,19:45:00,Yes,Amazon,facebook
Large,2026-06-03,08:48:00,No,Target,instagram
Large,2026-06-03,09:51:00,Yes,Walmart,google
Large,2026-06-03,10:54:00,No,PetSmart,email
Large,2026-06-03,11:57:00,Yes,Chewy,facebook
Large,2026-06-03,12:00:00,No,Amazon,instagram
Large,2026-06-03,13:03:00,Yes,Target,google
Large,2026-06-03,14:06:00,No,Walmart,email
Large,2026-06-03,15:09:00,Yes,PetSmart,facebook
Large,2026-06-03,16:12:00,No,Chewy,instagram
Large,2026-06-03,17:15:00,Yes,Amazon,google
Large,2026-06-03,18:18:00,No,Target,email
Large,2026-06-03,19:21:00,Yes,Walmart,facebook
Large,2026-06-03,08:24:00,No,PetSmart,instagram
Large,2026-06-03,09:27:00,Yes,Chewy,google
Large,2026-06-03,10:30:00,No,Amazon,email
Large,2026-06-03,11:33:00,Yes,Target,facebook
Large,2026-06-03,12:36:00,No,Walmart,instagram
Large,2026-06-03,13:39:00,Yes,PetSmart,google
Large,2026-06-03,14:42:00,No,Chewy,email
Large,2026-06-03,15:45:00,Yes,Amazon,facebook
Large,2026-06-03,16:48:00,No,Target,instagram
Large,2026-06-03,17:51:00,Yes,Walmart,google
Large,2026-06-03,18:54:00,No,PetSmart,email
Large,2026-06-03,19:57:00,Yes,Chewy,facebook
Large,2026-06-03,08:00:00,No,Amazon,instagram
Large,2026-06-03,09:03:00,Yes,Target,google
Large,2026-06-03,10:06:00,No,Walmart,email
Large,2026-06-03,11:09:00,Yes,PetSmart,facebook
Large,2026-06-03,12:12:00,No,Chewy,instagram
Large,2026-06-03,13:15:00,Yes,Amazon,google
Large,2026-06-03,14:18:00,No,Target,email
Large,2026-06-03,15:21:00,Yes,Walmart,facebook
Large,2026-06-03,16:24:00,No,PetSmart,instagram
Large,2026-06-03,17:27:00,Yes,Chewy,google
Large,2026-06-03,18:30:00,No,Amazon,email
Large,2026-06-03,19:33:00,Yes,Target,facebook
Large,2026-06-03,08:36:00,No,Walmart,instagram
Large,2026-06-03,09:39:00,Yes,PetSmart,google
Large,2026-06-03,10:42:00,No,Chewy,email
Large,2026-06-03,11:45:00,Yes,Amazon,facebook
Large,2026-06-03,12:48:00,No,Target,instagram
Large,2026-06-03,13:51:00,Yes,Walmart,google
Large,2026-06-03,14:54:00,No,PetSmart,email
Large,2026-06-03,15:57:00,Yes,Chewy,facebook
Large,2026-06-03,16:00:00,No,Amazon,instagram
Large,2026-06-03,17:03:00,Yes,Target,google
Large,2026-06-03,18:06:00,No,Walmart,email
Large,2026-06-03,19:09:00,Yes,PetSmart,facebook
Large,2026-06-03,08:12:00,No,Chewy,instagram
Large,2026-06-03,09:15:00,Yes,Amazon,google
Large,2026-06-03,10:18:00,No,Target,email
Large,2026-06-03,11:21:00,Yes,Walmart,facebook
Large,2026-06-03,12:24:00,No,PetSmart,instagram
Large,2026-06-03,13:27:00,Yes,Chewy,google
Large,2026-06-03,14:30:00,No,Amazon,email
Large,2026-06-03,15:33:00,Yes,Target,facebook
Large,2026-06-03,16:36:00,No,Walmart,instagram
Large,2026-06-03,17:39:00,Yes,PetSmart,google
Large,2026-06-03,18:42:00,No,Chewy,email
Large,2026-06-03,19:45:00,Yes,Amazon,facebook
Large,2026-06-03,08:48:00,No,Target,instagram
Large,2026-06-03,09:51:00,Yes,Walmart,google
Large,2026-06-03,10:54:00,No,PetSmart,email
Large,2026-06-03,11:57:00,Yes,Chewy,facebook
Large,2026-06-03,12:00:00,No,Amazon,instagram
Large,2026-06-03,13:03:00,Yes,Target,google
Large,2026-06-03,14:06:00,No,Walmart,email
Large,2026-06-03,15:09:00,Yes,PetSmart,facebook
Large,2026-06-03,16:12:00,No,Chewy,instagram
Large,2026-06-03,17:15:00,Yes,Amazon,google
Large,2026-06-03,18:18:00,No,Target,email
Large,2026-06-03,19:21:00,Yes,Walmart,facebook
Large,2026-06-03,08:24:00,No,PetSmart,instagram
Large,2026-06-03,09:27:00,Yes,Chewy,google
Large,2026-06-03,10:30:00,No,Amazon,email
Large,2026-06-03,11:33:00,Yes,Target,facebook
Large,2026-06-03,12:36:00,No,Walmart,instagram
Large,2026-06-03,13:39:00,Yes,PetSmart,google
Large,2026-06-03,14:42:00,No,Chewy,email
Large,2026-06-03,15:45:00,Yes,Amazon,facebook
Large,2026-06-03,16:48:00,No,Target,instagram
Large,2026-06-03,17:51:00,Yes,Walmart,google
Large,2026-06-03,18:54:00,No,PetSmart,email
Large,2026-06-03,19:57:00,Yes,Chewy,facebook
Large,2026-06-03,08:00:00,No,Amazon,instagram
Large,2026-06-03,09:03:00,Yes,Target,google
Large,2026-06-03,10:06:00,No,Walmart,email
Large,2026-06-03,11:09:00,Yes,PetSmart,facebook
Large,2026-06-03,12:12:00,No,Chewy,instagram
Large,2026-06-03,13:15:00,Yes,Amazon,google
Large,2026-06-03,14:18:00,No,Target,email
Large,2026-06-03,15:21:00,Yes,Walmart,facebook
Large,2026-06-03,16:24:00,No,PetSmart,instagram
Large,2026-06-03,17:27:00,Yes,Chewy,google
Large,2026-06-03,18:30:00,No,Amazon,email
Large,2026-06-03,19:33:00,Yes,Target,facebook
Large,2026-06-03,08:36:00,No,Walmart,instagram
Large,2026-06-03,09:39:00,Yes,PetSmart,google
Large,2026-06-03,10:42:00,No,Chewy,email
Large,2026-06-03,11:45:00,Yes,Amazon,facebook
Large,2026-06-03,12:48:00,No,Target,instagram
Large,2026-06-03,13:51:00,Yes,Walmart,google
Large,2026-06-03,14:54:00,No,PetSmart,email
Large,2026-06-03,15:57:00,Yes,Chewy,facebook
Large,2026-06-03,16:00:00,No,Amazon,instagram
Large,2026-06-03,17:03:00,Yes,Target,google
Large,2026-06-03,18:06:00,No,Walmart,email
Large,2026-06-03,19:09:00,Yes,PetSmart,facebook
Large,2026-06-03,08:12:00,No,Chewy,instagram
Large,2026-06-03,09:15:00,Yes,Amazon,google
Large,2026-06-03,10:18:00,No,Target,email
Large,2026-06-03,11:21:00,Yes,Walmart,facebook
Large,2026-06-03,12:24:00,No,PetSmart,instagram
Large,2026-06-03,13:27:00,Yes,Chewy,google
Large,2026-06-03,14:30:00,No,Amazon,email
Large,2026-06-03,15:33:00,Yes,Target,facebook
Large,2026-06-03,16:36:00,No,Walmart,instagram
Large,2026-06-03,17:39:00,Yes,PetSmart,google
Large,2026-06-03,18:42:00,No,Chewy,email
Large,2026-06-03,19:45:00,Yes,Amazon,facebook
Large,2026-06-03,08:48:00,No,Target,instagram
Large,2026-06-03,09:51:00,Yes,Walmart,google
Large,2026-06-03,10:54:00,No,PetSmart,email
Large,2026-06-03,11:57:00,Yes,Chewy,facebook
Large,2026-06-03,12:00:00,No,Amazon,instagram
Large,2026-06-03,13:03:00,Yes,Target,google
Large,2026-06-03,14:06:00,No,Walmart,email
Large,2026-06-03,15:09:00,Yes,PetSmart,facebook
Large,2026-06-03,16:12:00,No,Chewy,instagram
Large,2026-06-03,17:15:00,Yes,Amazon,google
Large,2026-06-03,18:18:00,No,Target,email
Large,2026-06-03,19:21:00,Yes,Walmart,facebook
Large,2026-06-03,08:24:00,No,PetSmart,instagram
Large,2026-06-03,09:27:00,Yes,Chewy,google
Large,2026-06-03,10:30:00,No,Amazon,email
Large,2026-06-03,11:33:00,Yes,Target,facebook
Large,2026-06-03,12:36:00,No,Walmart,instagram
Large,2026-06-03,13:39:00,Yes,PetSmart,google
TEENIE,2026-06-04,08:00:00,Yes,Target,google
TEENIE,2026-06-04,09:03:00,No,Walmart,email
TEENIE,2026-06-04,10:06:00,Yes,PetSmart,facebook
TEENIE,2026-06-04,11:09:00,No,Chewy,instagram
TEENIE,2026-06-04,12:12:00,Yes,Amazon,google
TEENIE,2026-06-04,13:15:00,No,Target,email
TEENIE,2026-06-04,14:18:00,Yes,Walmart,facebook
TEENIE,2026-06-04,15:21:00,No,PetSmart,instagram
TEENIE,2026-06-04,16:24:00,Yes,Chewy,google
TEENIE,2026-06-04,17:27:00,No,Amazon,email
TEENIE,2026-06-04,18:30:00,Yes,Target,facebook
TEENIE,2026-06-04,19:33:00,No,Walmart,instagram
TEENIE,2026-06-04,08:36:00,Yes,PetSmart,google
TEENIE,2026-06-04,09:39:00,No,Chewy,email
TEENIE,2026-06-04,10:42:00,Yes,Amazon,facebook
TEENIE,2026-06-04,11:45:00,No,Target,instagram
TEENIE,2026-06-04,12:48:00,Yes,Walmart,google
TEENIE,2026-06-04,13:51:00,No,PetSmart,email
TEENIE,2026-06-04,14:54:00,Yes,Chewy,facebook
TEENIE,2026-06-04,15:57:00,No,Amazon,instagram
TEENIE,2026-06-04,16:00:00,Yes,Target,google
TEENIE,2026-06-04,17:03:00,No,Walmart,email
TEENIE,2026-06-04,18:06:00,Yes,PetSmart,facebook
TEENIE,2026-06-04,19:09:00,No,Chewy,instagram
TEENIE,2026-06-04,08:12:00,Yes,Amazon,google
TEENIE,2026-06-04,09:15:00,No,Target,email
TEENIE,2026-06-04,10:18:00,Yes,Walmart,facebook
TEENIE,2026-06-04,11:21:00,No,PetSmart,instagram
TEENIE,2026-06-04,12:24:00,Yes,Chewy,google
TEENIE,2026-06-04,13:27:00,No,Amazon,email
TEENIE,2026-06-04,14:30:00,Yes,Target,facebook
TEENIE,2026-06-04,15:33:00,No,Walmart,instagram
TEENIE,2026-06-04,16:36:00,Yes,PetSmart,google
TEENIE,2026-06-04,17:39:00,No,Chewy,email
TEENIE,2026-06-04,18:42:00,Yes,Amazon,facebook
TEENIE,2026-06-04,19:45:00,No,Target,instagram
TEENIE,2026-06-04,08:48:00,Yes,Walmart,google
TEENIE,2026-06-04,09:51:00,No,PetSmart,email
TEENIE,2026-06-04,10:54:00,Yes,Chewy,facebook
TEENIE,2026-06-04,11:57:00,No,Amazon,instagram
TEENIE,2026-06-04,12:00:00,Yes,Target,google
TEENIE,2026-06-04,13:03:00,No,Walmart,email
TEENIE,2026-06-04,14:06:00,Yes,PetSmart,facebook
TEENIE,2026-06-04,15:09:00,No,Chewy,instagram
TEENIE,2026-06-04,16:12:00,Yes,Amazon,google
TEENIE,2026-06-04,17:15:00,No,Target,email
TEENIE,2026-06-04,18:18:00,Yes,Walmart,facebook
TEENIE,2026-06-04,19:21:00,No,PetSmart,instagram
TEENIE,2026-06-04,08:24:00,Yes,Chewy,google
TEENIE,2026-06-04,09:27:00,No,Amazon,email
TEENIE,2026-06-04,10:30:00,Yes,Target,facebook
TEENIE,2026-06-04,11:33:00,No,Walmart,instagram
TEENIE,2026-06-04,12:36:00,Yes,PetSmart,google
TEENIE,2026-06-04,13:39:00,No,Chewy,email
TEENIE,2026-06-04,14:42:00,Yes,Amazon,facebook
TEENIE,2026-06-04,15:45:00,No,Target,instagram
TEENIE,2026-06-04,16:48:00,Yes,Walmart,google
TEENIE,2026-06-04,17:51:00,No,PetSmart,email
TEENIE,2026-06-04,18:54:00,Yes,Chewy,facebook
TEENIE,2026-06-04,19:57:00,No,Amazon,instagram
TEENIE,2026-06-04,08:00:00,Yes,Target,google
TEENIE,2026-06-04,09:03:00,No,Walmart,email
TEENIE,2026-06-04,10:06:00,Yes,PetSmart,facebook
TEENIE,2026-06-04,11:09:00,No,Chewy,instagram
TEENIE,2026-06-04,12:12:00,Yes,Amazon,google
TEENIE,2026-06-04,13:15:00,No,Target,email
TEENIE,2026-06-04,14:18:00,Yes,Walmart,facebook
TEENIE,2026-06-04,15:21:00,No,PetSmart,instagram
TEENIE,2026-06-04,16:24:00,Yes,Chewy,google
TEENIE,2026-06-04,17:27:00,No,Amazon,email
TEENIE,2026-06-04,18:30:00,Yes,Target,facebook
TEENIE,2026-06-04,19:33:00,No,Walmart,instagram
TEENIE,2026-06-04,08:36:00,Yes,PetSmart,google
TEENIE,2026-06-04,09:39:00,No,Chewy,email
TEENIE,2026-06-04,10:42:00,Yes,Amazon,facebook
TEENIE,2026-06-04,11:45:00,No,Target,instagram
TEENIE,2026-06-04,12:48:00,Yes,Walmart,google
TEENIE,2026-06-04,13:51:00,No,PetSmart,email
TEENIE,2026-06-04,14:54:00,Yes,Chewy,facebook
TEENIE,2026-06-04,15:57:00,No,Amazon,instagram
TEENIE,2026-06-04,16:00:00,Yes,Target,google
TEENIE,2026-06-04,17:03:00,No,Walmart,email
TEENIE,2026-06-04,18:06:00,Yes,PetSmart,facebook
TEENIE,2026-06-04,19:09:00,No,Chewy,instagram
TEENIE,2026-06-04,08:12:00,Yes,Amazon,google
TEENIE,2026-06-04,09:15:00,No,Target,email
TEENIE,2026-06-04,10:18:00,Yes,Walmart,facebook
TEENIE,2026-06-04,11:21:00,No,PetSmart,instagram
TEENIE,2026-06-04,12:24:00,Yes,Chewy,google
TEENIE,2026-06-04,13:27:00,No,Amazon,email
TEENIE,2026-06-04,14:30:00,Yes,Target,facebook
TEENIE,2026-06-04,15:33:00,No,Walmart,instagram
TEENIE,2026-06-04,16:36:00,Yes,PetSmart,google
TEENIE,2026-06-04,17:39:00,No,Chewy,email
TEENIE,2026-06-04,18:42:00,Yes,Amazon,facebook
TEENIE,2026-06-04,19:45:00,No,Target,instagram
TEENIE,2026-06-04,08:48:00,Yes,Walmart,google
TEENIE,2026-06-04,09:51:00,No,PetSmart,email
TEENIE,2026-06-04,10:54:00,Yes,Chewy,facebook
TEENIE,2026-06-04,11:57:00,No,Amazon,instagram
TEENIE,2026-06-04,12:00:00,Yes,Target,google
TEENIE,2026-06-04,13:03:00,No,Walmart,email
TEENIE,2026-06-04,14:06:00,Yes,PetSmart,facebook
TEENIE,2026-06-04,15:09:00,No,Chewy,instagram
TEENIE,2026-06-04,16:12:00,Yes,Amazon,google
TEENIE,2026-06-04,17:15:00,No,Target,email
TEENIE,2026-06-04,18:18:00,Yes,Walmart,facebook
TEENIE,2026-06-04,19:21:00,No,PetSmart,instagram
TEENIE,2026-06-04,08:24:00,Yes,Chewy,google
TEENIE,2026-06-04,09:27:00,No,Amazon,email
TEENIE,2026-06-04,10:30:00,Yes,Target,facebook
TEENIE,2026-06-04,11:33:00,No,Walmart,instagram
TEENIE,2026-06-04,12:36:00,Yes,PetSmart,google
TEENIE,2026-06-04,13:39:00,No,Chewy,email
TEENIE,2026-06-04,14:42:00,Yes,Amazon,facebook
TEENIE,2026-06-04,15:45:00,No,Target,instagram
TEENIE,2026-06-04,16:48:00,Yes,Walmart,google
TEENIE,2026-06-04,17:51:00,No,PetSmart,email
TEENIE,2026-06-04,18:54:00,Yes,Chewy,facebook
TEENIE,2026-06-04,19:57:00,No,Amazon,instagram
TEENIE,2026-06-04,08:00:00,Yes,Target,google
Petite,2026-06-04,08:00:00,Yes,Target,google
Petite,2026-06-04,09:03:00,No,Walmart,email
Petite,2026-06-04,10:06:00,Yes,PetSmart,facebook
Petite,2026-06-04,11:09:00,No,Chewy,instagram
Petite,2026-06-04,12:12:00,Yes,Amazon,google
Petite,2026-06-04,13:15:00,No,Target,email
Petite,2026-06-04,14:18:00,Yes,Walmart,facebook
Petite,2026-06-04,15:21:00,No,PetSmart,instagram
Petite,2026-06-04,16:24:00,Yes,Chewy,google
Petite,2026-06-04,17:27:00,No,Amazon,email
Petite,2026-06-04,18:30:00,Yes,Target,facebook
Petite,2026-06-04,19:33:00,No,Walmart,instagram
Petite,2026-06-04,08:36:00,Yes,PetSmart,google
Petite,2026-06-04,09:39:00,No,Chewy,email
Petite,2026-06-04,10:42:00,Yes,Amazon,facebook
Petite,2026-06-04,11:45:00,No,Target,instagram
Petite,2026-06-04,12:48:00,Yes,Walmart,google
Petite,2026-06-04,13:51:00,No,PetSmart,email
Petite,2026-06-04,14:54:00,Yes,Chewy,facebook
Petite,2026-06-04,15:57:00,No,Amazon,instagram
Petite,2026-06-04,16:00:00,Yes,Target,google
Petite,2026-06-04,17:03:00,No,Walmart,email
Petite,2026-06-04,18:06:00,Yes,PetSmart,facebook
Petite,2026-06-04,19:09:00,No,Chewy,instagram
Petite,2026-06-04,08:12:00,Yes,Amazon,google
Petite,2026-06-04,09:15:00,No,Target,email
Petite,2026-06-04,10:18:00,Yes,Walmart,facebook
Petite,2026-06-04,11:21:00,No,PetSmart,instagram
Petite,2026-06-04,12:24:00,Yes,Chewy,google
Petite,2026-06-04,13:27:00,No,Amazon,email
Petite,2026-06-04,14:30:00,Yes,Target,facebook
Petite,2026-06-04,15:33:00,No,Walmart,instagram
Petite,2026-06-04,16:36:00,Yes,PetSmart,google
Petite,2026-06-04,17:39:00,No,Chewy,email
Petite,2026-06-04,18:42:00,Yes,Amazon,facebook
Petite,2026-06-04,19:45:00,No,Target,instagram
Petite,2026-06-04,08:48:00,Yes,Walmart,google
Petite,2026-06-04,09:51:00,No,PetSmart,email
Petite,2026-06-04,10:54:00,Yes,Chewy,facebook
Petite,2026-06-04,11:57:00,No,Amazon,instagram
Petite,2026-06-04,12:00:00,Yes,Target,google
Petite,2026-06-04,13:03:00,No,Walmart,email
Petite,2026-06-04,14:06:00,Yes,PetSmart,facebook
Petite,2026-06-04,15:09:00,No,Chewy,instagram
Petite,2026-06-04,16:12:00,Yes,Amazon,google
Petite,2026-06-04,17:15:00,No,Target,email
Petite,2026-06-04,18:18:00,Yes,Walmart,facebook
Petite,2026-06-04,19:21:00,No,PetSmart,instagram
Petite,2026-06-04,08:24:00,Yes,Chewy,google
Petite,2026-06-04,09:27:00,No,Amazon,email
Petite,2026-06-04,10:30:00,Yes,Target,facebook
Petite,2026-06-04,11:33:00,No,Walmart,instagram
Petite,2026-06-04,12:36:00,Yes,PetSmart,google
Petite,2026-06-04,13:39:00,No,Chewy,email
Petite,2026-06-04,14:42:00,Yes,Amazon,facebook
Petite,2026-06-04,15:45:00,No,Target,instagram
Petite,2026-06-04,16:48:00,Yes,Walmart,google
Petite,2026-06-04,17:51:00,No,PetSmart,email
Petite,2026-06-04,18:54:00,Yes,Chewy,facebook
Petite,2026-06-04,19:57:00,No,Amazon,instagram
Petite,2026-06-04,08:00:00,Yes,Target,google
Petite,2026-06-04,09:03:00,No,Walmart,email
Petite,2026-06-04,10:06:00,Yes,PetSmart,facebook
Petite,2026-06-04,11:09:00,No,Chewy,instagram
Petite,2026-06-04,12:12:00,Yes,Amazon,google
Petite,2026-06-04,13:15:00,No,Target,email
Petite,2026-06-04,14:18:00,Yes,Walmart,facebook
Petite,2026-06-04,15:21:00,No,PetSmart,instagram
Petite,2026-06-04,16:24:00,Yes,Chewy,google
Petite,2026-06-04,17:27:00,No,Amazon,email
Petite,2026-06-04,18:30:00,Yes,Target,facebook
Petite,2026-06-04,19:33:00,No,Walmart,instagram
Petite,2026-06-04,08:36:00,Yes,PetSmart,google
Petite,2026-06-04,09:39:00,No,Chewy,email
Petite,2026-06-04,10:42:00,Yes,Amazon,facebook
Petite,2026-06-04,11:45:00,No,Target,instagram
Petite,2026-06-04,12:48:00,Yes,Walmart,google
Petite,2026-06-04,13:51:00,No,PetSmart,email
Petite,2026-06-04,14:54:00,Yes,Chewy,facebook
Petite,2026-06-04,15:57:00,No,Amazon,instagram
Petite,2026-06-04,16:00:00,Yes,Target,google
Petite,2026-06-04,17:03:00,No,Walmart,email
Petite,2026-06-04,18:06:00,Yes,PetSmart,facebook
Petite,2026-06-04,19:09:00,No,Chewy,instagram
Petite,2026-06-04,08:12:00,Yes,Amazon,google
Petite,2026-06-04,09:15:00,No,Target,email
Petite,2026-06-04,10:18:00,Yes,Walmart,facebook
Petite,2026-06-04,11:21:00,No,PetSmart,instagram
Petite,2026-06-04,12:24:00,Yes,Chewy,google
Petite,2026-06-04,13:27:00,No,Amazon,email
Petite,2026-06-04,14:30:00,Yes,Target,facebook
Regular,2026-06-04,08:00:00,Yes,Target,google
Regular,2026-06-04,09:03:00,No,Walmart,email
Regular,2026-06-04,10:06:00,Yes,PetSmart,facebook
Regular,2026-06-04,11:09:00,No,Chewy,instagram
Regular,2026-06-04,12:12:00,Yes,Amazon,google
Regular,2026-06-04,13:15:00,No,Target,email
Regular,2026-06-04,14:18:00,Yes,Walmart,facebook
Regular,2026-06-04,15:21:00,No,PetSmart,instagram
Regular,2026-06-04,16:24:00,Yes,Chewy,google
Regular,2026-06-04,17:27:00,No,Amazon,email
Regular,2026-06-04,18:30:00,Yes,Target,facebook
Regular,2026-06-04,19:33:00,No,Walmart,instagram
Regular,2026-06-04,08:36:00,Yes,PetSmart,google
Regular,2026-06-04,09:39:00,No,Chewy,email
Regular,2026-06-04,10:42:00,Yes,Amazon,facebook
Regular,2026-06-04,11:45:00,No,Target,instagram
Regular,2026-06-04,12:48:00,Yes,Walmart,google
Regular,2026-06-04,13:51:00,No,PetSmart,email
Regular,2026-06-04,14:54:00,Yes,Chewy,facebook
Regular,2026-06-04,15:57:00,No,Amazon,instagram
Regular,2026-06-04,16:00:00,Yes,Target,google
Regular,2026-06-04,17:03:00,No,Walmart,email
Regular,2026-06-04,18:06:00,Yes,PetSmart,facebook
Regular,2026-06-04,19:09:00,No,Chewy,instagram
Regular,2026-06-04,08:12:00,Yes,Amazon,google
Regular,2026-06-04,09:15:00,No,Target,email
Regular,2026-06-04,10:18:00,Yes,Walmart,facebook
Regular,2026-06-04,11:21:00,No,PetSmart,instagram
Regular,2026-06-04,12:24:00,Yes,Chewy,google
Regular,2026-06-04,13:27:00,No,Amazon,email
Regular,2026-06-04,14:30:00,Yes,Target,facebook
Regular,2026-06-04,15:33:00,No,Walmart,instagram
Regular,2026-06-04,16:36:00,Yes,PetSmart,google
Regular,2026-06-04,17:39:00,No,Chewy,email
Regular,2026-06-04,18:42:00,Yes,Amazon,facebook
Regular,2026-06-04,19:45:00,No,Target,instagram
Regular,2026-06-04,08:48:00,Yes,Walmart,google
Regular,2026-06-04,09:51:00,No,PetSmart,email
Regular,2026-06-04,10:54:00,Yes,Chewy,facebook
Regular,2026-06-04,11:57:00,No,Amazon,instagram
Regular,2026-06-04,12:00:00,Yes,Target,google
Regular,2026-06-04,13:03:00,No,Walmart,email
Regular,2026-06-04,14:06:00,Yes,PetSmart,facebook
Regular,2026-06-04,15:09:00,No,Chewy,instagram
Regular,2026-06-04,16:12:00,Yes,Amazon,google
Regular,2026-06-04,17:15:00,No,Target,email
Regular,2026-06-04,18:18:00,Yes,Walmart,facebook
Regular,2026-06-04,19:21:00,No,PetSmart,instagram
Regular,2026-06-04,08:24:00,Yes,Chewy,google
Regular,2026-06-04,09:27:00,No,Amazon,email
Regular,2026-06-04,10:30:00,Yes,Target,facebook
Regular,2026-06-04,11:33:00,No,Walmart,instagram
Regular,2026-06-04,12:36:00,Yes,PetSmart,google
Regular,2026-06-04,13:39:00,No,Chewy,email
Regular,2026-06-04,14:42:00,Yes,Amazon,facebook
Regular,2026-06-04,15:45:00,No,Target,instagram
Regular,2026-06-04,16:48:00,Yes,Walmart,google
Regular,2026-06-04,17:51:00,No,PetSmart,email
Regular,2026-06-04,18:54:00,Yes,Chewy,facebook
Regular,2026-06-04,19:57:00,No,Amazon,instagram
Regular,2026-06-04,08:00:00,Yes,Target,google
Regular,2026-06-04,09:03:00,No,Walmart,email
Regular,2026-06-04,10:06:00,Yes,PetSmart,facebook
Regular,2026-06-04,11:09:00,No,Chewy,instagram
Regular,2026-06-04,12:12:00,Yes,Amazon,google
Regular,2026-06-04,13:15:00,No,Target,email
Regular,2026-06-04,14:18:00,Yes,Walmart,facebook
Regular,2026-06-04,15:21:00,No,PetSmart,instagram
Regular,2026-06-04,16:24:00,Yes,Chewy,google
Regular,2026-06-04,17:27:00,No,Amazon,email
Regular,2026-06-04,18:30:00,Yes,Target,facebook
Regular,2026-06-04,19:33:00,No,Walmart,instagram
Regular,2026-06-04,08:36:00,Yes,PetSmart,google
Regular,2026-06-04,09:39:00,No,Chewy,email
Regular,2026-06-04,10:42:00,Yes,Amazon,facebook
Regular,2026-06-04,11:45:00,No,Target,instagram
Regular,2026-06-04,12:48:00,Yes,Walmart,google
Regular,2026-06-04,13:51:00,No,PetSmart,email
Regular,2026-06-04,14:54:00,Yes,Chewy,facebook
Regular,2026-06-04,15:57:00,No,Amazon,instagram
Regular,2026-06-04,16:00:00,Yes,Target,google
Regular,2026-06-04,17:03:00,No,Walmart,email
Regular,2026-06-04,18:06:00,Yes,PetSmart,facebook
Regular,2026-06-04,19:09:00,No,Chewy,instagram
Regular,2026-06-04,08:12:00,Yes,Amazon,google
Regular,2026-06-04,09:15:00,No,Target,email
Regular,2026-06-04,10:18:00,Yes,Walmart,facebook
Regular,2026-06-04,11:21:00,No,PetSmart,instagram
Regular,2026-06-04,12:24:00,Yes,Chewy,google
Regular,2026-06-04,13:27:00,No,Amazon,email
Regular,2026-06-04,14:30:00,Yes,Target,facebook
Regular,2026-06-04,15:33:00,No,Walmart,instagram
Regular,2026-06-04,16:36:00,Yes,PetSmart,google
Regular,2026-06-04,17:39:00,No,Chewy,email
Regular,2026-06-04,18:42:00,Yes,Amazon,facebook
Regular,2026-06-04,19:45:00,No,Target,instagram
Regular,2026-06-04,08:48:00,Yes,Walmart,google
Regular,2026-06-04,09:51:00,No,PetSmart,email
Regular,2026-06-04,10:54:00,Yes,Chewy,facebook
Regular,2026-06-04,11:57:00,No,Amazon,instagram
Regular,2026-06-04,12:00:00,Yes,Target,google
Regular,2026-06-04,13:03:00,No,Walmart,email
Regular,2026-06-04,14:06:00,Yes,PetSmart,facebook
Regular,2026-06-04,15:09:00,No,Chewy,instagram
Regular,2026-06-04,16:12:00,Yes,Amazon,google
Regular,2026-06-04,17:15:00,No,Target,email
Regular,2026-06-04,18:18:00,Yes,Walmart,facebook
Regular,2026-06-04,19:21:00,No,PetSmart,instagram
Regular,2026-06-04,08:24:00,Yes,Chewy,google
Regular,2026-06-04,09:27:00,No,Amazon,email
Regular,2026-06-04,10:30:00,Yes,Target,facebook
Regular,2026-06-04,11:33:00,No,Walmart,instagram
Regular,2026-06-04,12:36:00,Yes,PetSmart,google
Regular,2026-06-04,13:39:00,No,Chewy,email
Regular,2026-06-04,14:42:00,Yes,Amazon,facebook
Regular,2026-06-04,15:45:00,No,Target,instagram
Regular,2026-06-04,16:48:00,Yes,Walmart,google
Regular,2026-06-04,17:51:00,No,PetSmart,email
Regular,2026-06-04,18:54:00,Yes,Chewy,facebook
Regular,2026-06-04,19:57:00,No,Amazon,instagram
Regular,2026-06-04,08:00:00,Yes,Target,google
Regular,2026-06-04,09:03:00,No,Walmart,email
Regular,2026-06-04,10:06:00,Yes,PetSmart,facebook
Regular,2026-06-04,11:09:00,No,Chewy,instagram
Regular,2026-06-04,12:12:00,Yes,Amazon,google
Regular,2026-06-04,13:15:00,No,Target,email
Regular,2026-06-04,14:18:00,Yes,Walmart,facebook
Regular,2026-06-04,15:21:00,No,PetSmart,instagram
Regular,2026-06-04,16:24:00,Yes,Chewy,google
Regular,2026-06-04,17:27:00,No,Amazon,email
Regular,2026-06-04,18:30:00,Yes,Target,facebook
Regular,2026-06-04,19:33:00,No,Walmart,instagram
Regular,2026-06-04,08:36:00,Yes,PetSmart,google
Regular,2026-06-04,09:39:00,No,Chewy,email
Regular,2026-06-04,10:42:00,Yes,Amazon,facebook
Regular,2026-06-04,11:45:00,No,Target,instagram
Regular,2026-06-04,12:48:00,Yes,Walmart,google
Regular,2026-06-04,13:51:00,No,PetSmart,email
Regular,2026-06-04,14:54:00,Yes,Chewy,facebook
Regular,2026-06-04,15:57:00,No,Amazon,instagram
Regular,2026-06-04,16:00:00,Yes,Target,google
Large,2026-06-04,08:00:00,Yes,Target,google
Large,2026-06-04,09:03:00,No,Walmart,email
Large,2026-06-04,10:06:00,Yes,PetSmart,facebook
Large,2026-06-04,11:09:00,No,Chewy,instagram
Large,2026-06-04,12:12:00,Yes,Amazon,google
Large,2026-06-04,13:15:00,No,Target,email
Large,2026-06-04,14:18:00,Yes,Walmart,facebook
Large,2026-06-04,15:21:00,No,PetSmart,instagram
Large,2026-06-04,16:24:00,Yes,Chewy,google
Large,2026-06-04,17:27:00,No,Amazon,email
Large,2026-06-04,18:30:00,Yes,Target,facebook
Large,2026-06-04,19:33:00,No,Walmart,instagram
Large,2026-06-04,08:36:00,Yes,PetSmart,google
Large,2026-06-04,09:39:00,No,Chewy,email
Large,2026-06-04,10:42:00,Yes,Amazon,facebook
Large,2026-06-04,11:45:00,No,Target,instagram
Large,2026-06-04,12:48:00,Yes,Walmart,google
Large,2026-06-04,13:51:00,No,PetSmart,email
Large,2026-06-04,14:54:00,Yes,Chewy,facebook
Large,2026-06-04,15:57:00,No,Amazon,instagram
Large,2026-06-04,16:00:00,Yes,Target,google
Large,2026-06-04,17:03:00,No,Walmart,email
Large,2026-06-04,18:06:00,Yes,PetSmart,facebook
Large,2026-06-04,19:09:00,No,Chewy,instagram
Large,2026-06-04,08:12:00,Yes,Amazon,google
Large,2026-06-04,09:15:00,No,Target,email
Large,2026-06-04,10:18:00,Yes,Walmart,facebook
Large,2026-06-04,11:21:00,No,PetSmart,instagram
Large,2026-06-04,12:24:00,Yes,Chewy,google
Large,2026-06-04,13:27:00,No,Amazon,email
Large,2026-06-04,14:30:00,Yes,Target,facebook
Large,2026-06-04,15:33:00,No,Walmart,instagram
Large,2026-06-04,16:36:00,Yes,PetSmart,google
Large,2026-06-04,17:39:00,No,Chewy,email
Large,2026-06-04,18:42:00,Yes,Amazon,facebook
Large,2026-06-04,19:45:00,No,Target,instagram
Large,2026-06-04,08:48:00,Yes,Walmart,google
Large,2026-06-04,09:51:00,No,PetSmart,email
Large,2026-06-04,10:54:00,Yes,Chewy,facebook
Large,2026-06-04,11:57:00,No,Amazon,instagram
Large,2026-06-04,12:00:00,Yes,Target,google
Large,2026-06-04,13:03:00,No,Walmart,email
Large,2026-06-04,14:06:00,Yes,PetSmart,facebook
Large,2026-06-04,15:09:00,No,Chewy,instagram
Large,2026-06-04,16:12:00,Yes,Amazon,google
Large,2026-06-04,17:15:00,No,Target,email
Large,2026-06-04,18:18:00,Yes,Walmart,facebook
Large,2026-06-04,19:21:00,No,PetSmart,instagram
Large,2026-06-04,08:24:00,Yes,Chewy,google
Large,2026-06-04,09:27:00,No,Amazon,email
Large,2026-06-04,10:30:00,Yes,Target,facebook
Large,2026-06-04,11:33:00,No,Walmart,instagram
Large,2026-06-04,12:36:00,Yes,PetSmart,google
Large,2026-06-04,13:39:00,No,Chewy,email
Large,2026-06-04,14:42:00,Yes,Amazon,facebook
Large,2026-06-04,15:45:00,No,Target,instagram
Large,2026-06-04,16:48:00,Yes,Walmart,google
Large,2026-06-04,17:51:00,No,PetSmart,email
Large,2026-06-04,18:54:00,Yes,Chewy,facebook
Large,2026-06-04,19:57:00,No,Amazon,instagram
Large,2026-06-04,08:00:00,Yes,Target,google
Large,2026-06-04,09:03:00,No,Walmart,email
Large,2026-06-04,10:06:00,Yes,PetSmart,facebook
Large,2026-06-04,11:09:00,No,Chewy,instagram
Large,2026-06-04,12:12:00,Yes,Amazon,google
Large,2026-06-04,13:15:00,No,Target,email
Large,2026-06-04,14:18:00,Yes,Walmart,facebook
Large,2026-06-04,15:21:00,No,PetSmart,instagram
Large,2026-06-04,16:24:00,Yes,Chewy,google
Large,2026-06-04,17:27:00,No,Amazon,email
Large,2026-06-04,18:30:00,Yes,Target,facebook
Large,2026-06-04,19:33:00,No,Walmart,instagram
Large,2026-06-04,08:36:00,Yes,PetSmart,google
Large,2026-06-04,09:39:00,No,Chewy,email
Large,2026-06-04,10:42:00,Yes,Amazon,facebook
Large,2026-06-04,11:45:00,No,Target,instagram
Large,2026-06-04,12:48:00,Yes,Walmart,google
Large,2026-06-04,13:51:00,No,PetSmart,email
Large,2026-06-04,14:54:00,Yes,Chewy,facebook
Large,2026-06-04,15:57:00,No,Amazon,instagram
Large,2026-06-04,16:00:00,Yes,Target,google
Large,2026-06-04,17:03:00,No,Walmart,email
Large,2026-06-04,18:06:00,Yes,PetSmart,facebook
Large,2026-06-04,19:09:00,No,Chewy,instagram
Large,2026-06-04,08:12:00,Yes,Amazon,google
Large,2026-06-04,09:15:00,No,Target,email
Large,2026-06-04,10:18:00,Yes,Walmart,facebook
Large,2026-06-04,11:21:00,No,PetSmart,instagram
Large,2026-06-04,12:24:00,Yes,Chewy,google
Large,2026-06-04,13:27:00,No,Amazon,email
Large,2026-06-04,14:30:00,Yes,Target,facebook
Large,2026-06-04,15:33:00,No,Walmart,instagram
Large,2026-06-04,16:36:00,Yes,PetSmart,google
Large,2026-06-04,17:39:00,No,Chewy,email
Large,2026-06-04,18:42:00,Yes,Amazon,facebook
Large,2026-06-04,19:45:00,No,Target,instagram
Large,2026-06-04,08:48:00,Yes,Walmart,google
Large,2026-06-04,09:51:00,No,PetSmart,email
Large,2026-06-04,10:54:00,Yes,Chewy,facebook
Large,2026-06-04,11:57:00,No,Amazon,instagram
Large,2026-06-04,12:00:00,Yes,Target,google
Large,2026-06-04,13:03:00,No,Walmart,email
Large,2026-06-04,14:06:00,Yes,PetSmart,facebook
Large,2026-06-04,15:09:00,No,Chewy,instagram
Large,2026-06-04,16:12:00,Yes,Amazon,google
Large,2026-06-04,17:15:00,No,Target,email
Large,2026-06-04,18:18:00,Yes,Walmart,facebook
Large,2026-06-04,19:21:00,No,PetSmart,instagram
Large,2026-06-04,08:24:00,Yes,Chewy,google
Large,2026-06-04,09:27:00,No,Amazon,email
Large,2026-06-04,10:30:00,Yes,Target,facebook
Large,2026-06-04,11:33:00,No,Walmart,instagram
Large,2026-06-04,12:36:00,Yes,PetSmart,google
Large,2026-06-04,13:39:00,No,Chewy,email
Large,2026-06-04,14:42:00,Yes,Amazon,facebook
Large,2026-06-04,15:45:00,No,Target,instagram
Large,2026-06-04,16:48:00,Yes,Walmart,google
Large,2026-06-04,17:51:00,No,PetSmart,email
Large,2026-06-04,18:54:00,Yes,Chewy,facebook
Large,2026-06-04,19:57:00,No,Amazon,instagram
Large,2026-06-04,08:00:00,Yes,Target,google
Large,2026-06-04,09:03:00,No,Walmart,email
Large,2026-06-04,10:06:00,Yes,PetSmart,facebook
Large,2026-06-04,11:09:00,No,Chewy,instagram
Large,2026-06-04,12:12:00,Yes,Amazon,google
Large,2026-06-04,13:15:00,No,Target,email
Large,2026-06-04,14:18:00,Yes,Walmart,facebook
Large,2026-06-04,15:21:00,No,PetSmart,instagram
Large,2026-06-04,16:24:00,Yes,Chewy,google
Large,2026-06-04,17:27:00,No,Amazon,email
Large,2026-06-04,18:30:00,Yes,Target,facebook
Large,2026-06-04,19:33:00,No,Walmart,instagram
Large,2026-06-04,08:36:00,Yes,PetSmart,google
Large,2026-06-04,09:39:00,No,Chewy,email
Large,2026-06-04,10:42:00,Yes,Amazon,facebook
Large,2026-06-04,11:45:00,No,Target,instagram
Large,2026-06-04,12:48:00,Yes,Walmart,google
Large,2026-06-04,13:51:00,No,PetSmart,email
Large,2026-06-04,14:54:00,Yes,Chewy,facebook
Large,2026-06-04,15:57:00,No,Amazon,instagram
Large,2026-06-04,16:00:00,Yes,Target,google
Large,2026-06-04,17:03:00,No,Walmart,email
Large,2026-06-04,18:06:00,Yes,PetSmart,facebook
Large,2026-06-04,19:09:00,No,Chewy,instagram
Large,2026-06-04,08:12:00,Yes,Amazon,google
Large,2026-06-04,09:15:00,No,Target,email
Large,2026-06-04,10:18:00,Yes,Walmart,facebook
Large,2026-06-04,11:21:00,No,PetSmart,instagram
Large,2026-06-04,12:24:00,Yes,Chewy,google
Large,2026-06-04,13:27:00,No,Amazon,email
Large,2026-06-04,14:30:00,Yes,Target,facebook
Large,2026-06-04,15:33:00,No,Walmart,instagram
Large,2026-06-04,16:36:00,Yes,PetSmart,google
Large,2026-06-04,17:39:00,No,Chewy,email
Large,2026-06-04,18:42:00,Yes,Amazon,facebook
Large,2026-06-04,19:45:00,No,Target,instagram
Large,2026-06-04,08:48:00,Yes,Walmart,google
Large,2026-06-04,09:51:00,No,PetSmart,email
Large,2026-06-04,10:54:00,Yes,Chewy,facebook
Large,2026-06-04,11:57:00,No,Amazon,instagram
Large,2026-06-04,12:00:00,Yes,Target,google
Large,2026-06-04,13:03:00,No,Walmart,email
Large,2026-06-04,14:06:00,Yes,PetSmart,facebook
Large,2026-06-04,15:09:00,No,Chewy,instagram
Large,2026-06-04,16:12:00,Yes,Amazon,google
Large,2026-06-04,17:15:00,No,Target,email
Large,2026-06-04,18:18:00,Yes,Walmart,facebook
Large,2026-06-04,19:21:00,No,PetSmart,instagram
Large,2026-06-04,08:24:00,Yes,Chewy,google
Large,2026-06-04,09:27:00,No,Amazon,email
Large,2026-06-04,10:30:00,Yes,Target,facebook
Large,2026-06-04,11:33:00,No,Walmart,instagram
Large,2026-06-04,12:36:00,Yes,PetSmart,google
Large,2026-06-04,13:39:00,No,Chewy,email
Large,2026-06-04,14:42:00,Yes,Amazon,facebook
Large,2026-06-04,15:45:00,No,Target,instagram
Large,2026-06-04,16:48:00,Yes,Walmart,google
Large,2026-06-04,17:51:00,No,PetSmart,email
Large,2026-06-04,18:54:00,Yes,Chewy,facebook
Large,2026-06-04,19:57:00,No,Amazon,instagram
Large,2026-06-04,08:00:00,Yes,Target,google
